[21:16:09] [main/INFO] (FabricLoader/GameProvider) Loading Minecraft 1.21.11 with Fabric Loader 0.18.4
[21:16:10] [main/INFO] (FabricLoader) Loading 66 mods:
	- appleskin 3.0.8+mc1.21.11
	- attributescreen 1.0.0
	- cloth-basic-math 0.6.1
	- cloth-config 21.11.153
	- durabilitytooltip 1.1.6
	- fabric-api 0.141.3+1.21.11
	- fabric-api-base 1.0.5+4ebb5c083e
	- fabric-api-lookup-api-v1 1.6.114+20dc27073e
	- fabric-biome-api-v1 17.1.1+4fc5413f3e
	- fabric-block-api-v1 1.1.10+4ebb5c083e
	- fabric-block-view-api-v2 1.0.39+4ebb5c083e
	- fabric-client-gametest-api-v1 4.3.5+bfe9fcf43e
	- fabric-command-api-v2 2.4.7+6b42a6003e
	- fabric-content-registries-v0 10.2.14+4fc5413f3e
	- fabric-convention-tags-v1 2.1.55+7f945d5b3e
	- fabric-convention-tags-v2 2.17.3+8ef948ba3e
	- fabric-crash-report-info-v1 0.3.23+4ebb5c083e
	- fabric-data-attachment-api-v1 1.8.47+eed0806f3e
	- fabric-data-generation-api-v1 23.4.0+69974c4e3e
	- fabric-dimensions-v1 4.0.28+4fc5413f3e
	- fabric-entity-events-v1 3.1.1+1d0ab4303e
	- fabric-events-interaction-v0 4.1.0+3b89ecf63e
	- fabric-game-rule-api-v1 2.0.3+4fc5413f3e
	- fabric-gametest-api-v1 3.1.27+4fc5413f3e
	- fabric-item-api-v1 11.5.20+d0c46b9e3e
	- fabric-item-group-api-v1 4.2.36+4fc5413f3e
	- fabric-key-binding-api-v1 1.1.7+4fc5413f3e
	- fabric-lifecycle-events-v1 2.6.15+4ebb5c083e
	- fabric-loot-api-v2 3.0.73+3f89f5a53e
	- fabric-loot-api-v3 2.0.20+78c8b4663e
	- fabric-message-api-v1 6.1.12+4ebb5c083e
	- fabric-model-loading-api-v1 6.0.15+4fc5413f3e
	- fabric-networking-api-v1 5.1.5+ae1e07683e
	- fabric-object-builder-api-v1 21.1.39+4fc5413f3e
	- fabric-particles-v1 4.2.11+4fc5413f3e
	- fabric-recipe-api-v1 8.2.3+4ebb5c083e
	- fabric-registry-sync-v0 6.2.5+1718722b3e
	- fabric-renderer-api-v1 8.0.3+f4ffd2e53e
	- fabric-renderer-indigo 5.0.3+f4ffd2e53e
	- fabric-rendering-fluids-v1 3.1.43+4ebb5c083e
	- fabric-rendering-v1 16.2.10+0290ad933e
	- fabric-resource-conditions-api-v1 5.0.35+4fc5413f3e
	- fabric-resource-loader-v0 3.3.4+4fc5413f3e
	- fabric-resource-loader-v1 1.0.10+78c8b4663e
	- fabric-screen-api-v1 3.1.7+4ebb5c083e
	- fabric-screen-handler-api-v1 1.3.161+4fc5413f3e
	- fabric-serialization-api-v1 1.0.5+4ebb5c083e
	- fabric-sound-api-v1 1.0.51+4fc5413f3e
	- fabric-tag-api-v1 1.2.20+4fc5413f3e
	- fabric-transfer-api-v1 6.0.25+4fc5413f3e
	- fabric-transitive-access-wideners-v1 7.1.0+014c8cec3e
	- fabricloader 0.18.4
	- forgeconfigapiport 21.11.1
	   |-- com_electronwill_night-config_core 3.8.3
	   \-- com_electronwill_night-config_toml 3.8.3
	- healthbars 21.11.0
	- java 21
	- libz 1.21.11
	   \-- blue_endless_jankson 1.2.0
	- minecraft 1.21.11
	- mixinextras 0.5.0
	- modmenu 17.0.0-beta.2
	   \-- placeholder-api 2.8.1+1.21.10
	- player_level_skills 1.1.0
	- puzzleslib 21.11.11
	- supermartijn642configlib 1.1.8
[21:16:15] [main/INFO] (FabricLoader/Mixin) SpongePowered MIXIN Subsystem Version=0.8.7 Source=file:/C:/Users/rafae/.gradle/caches/modules-2/files-2.1/net.fabricmc/sponge-mixin/0.17.0+mixin.0.8.7/cf31463202f72d03b0ef1e1e38e8ee71b7faaab6/sponge-mixin-0.17.0+mixin.0.8.7.jar Service=Knot/Fabric Env=CLIENT
[21:16:15] [main/INFO] (FabricLoader/Mixin) Loaded Fabric development mappings for mixin remapper!
[21:16:15] [main/INFO] (FabricLoader/Mixin) Compatibility level set to JAVA_21
[21:16:16] [main/WARN] (FabricLoader/Mixin) Reference map 'durabilitytooltip.mixins.refmap.json' for durabilitytooltip.mixins.json could not be read. If this is a development environment you can ignore this message
[21:16:16] [main/WARN] (FabricLoader/Mixin) Reference map 'supermartijn642configlib.mixins.refmap.json' for supermartijn642configlib.mixins.json could not be read. If this is a development environment you can ignore this message
[21:16:16] [main/WARN] (FabricLoader/Mixin) Error loading class: mezz/jei/fabric/platform/RenderHelper (java.lang.ClassNotFoundException: mezz/jei/fabric/platform/RenderHelper)
[21:16:16] [main/WARN] (FabricLoader/Mixin) @Mixin target mezz.jei.fabric.platform.RenderHelper was not found appleskin.jei.mixins.json:JEIRenderHelperMixin from mod appleskin
[21:16:17] [main/INFO] (FabricLoader/MixinExtras|Service) Initializing MixinExtras via com.llamalad7.mixinextras.service.MixinExtrasServiceImpl(version=0.5.0).
[21:16:18] [Datafixer Bootstrap/INFO] (Minecraft) 287 Datafixer optimizations took 570 milliseconds
[21:16:26] [Render thread/INFO] (Minecraft) Environment: Environment[sessionHost=https://sessionserver.mojang.com, servicesHost=https://api.minecraftservices.com, profilesHost=https://api.mojang.com, name=PROD]
[21:16:26] [Render thread/INFO] (Minecraft) Setting user: Player76
[21:16:27] [Render thread/INFO] (Puzzles Lib) Constructing components for puzzleslib:common
[21:16:27] [Render thread/INFO] (LevelZ) SkillLoader registered.
[21:16:27] [Render thread/INFO] (LevelZ) RestrictionInit registered.
[21:16:27] [Render thread/INFO] (Puzzles Lib) Constructing components for healthbars:common
[21:16:27] [Render thread/INFO] (Puzzles Lib) Dispatching loading event for config healthbars-client.toml
[21:16:27] [Download-2/ERROR] (Minecraft) Failed to fetch user properties
com.mojang.authlib.exceptions.InvalidCredentialsException: Status: 401
	at knot//com.mojang.authlib.exceptions.MinecraftClientHttpException.toAuthenticationException(MinecraftClientHttpException.java:59)
	at knot//com.mojang.authlib.yggdrasil.YggdrasilUserApiService.fetchProperties(YggdrasilUserApiService.java:150)
	at knot//net.minecraft.client.MinecraftClient.method_55608(MinecraftClient.java:457)
	at java.base/java.util.concurrent.CompletableFuture$AsyncSupply.run(CompletableFuture.java:1768)
	at java.base/java.util.concurrent.ThreadPoolExecutor.runWorker(ThreadPoolExecutor.java:1144)
	at java.base/java.util.concurrent.ThreadPoolExecutor$Worker.run(ThreadPoolExecutor.java:642)
	at java.base/java.lang.Thread.run(Thread.java:1583)
Caused by: com.mojang.authlib.exceptions.MinecraftClientHttpException: Status: 401
	at knot//com.mojang.authlib.minecraft.client.MinecraftClient.readInputStream(MinecraftClient.java:103)
	at knot//com.mojang.authlib.minecraft.client.MinecraftClient.get(MinecraftClient.java:56)
	at knot//com.mojang.authlib.yggdrasil.YggdrasilUserApiService.fetchProperties(YggdrasilUserApiService.java:121)
	... 5 more
[21:16:27] [Render thread/INFO] (Indigo) [Indigo] Registering Indigo renderer!
[21:16:27] [Render thread/INFO] (Puzzles Lib) Constructing components for puzzleslib:client
[21:16:27] [Render thread/INFO] (Puzzles Lib) Constructing components for healthbars:client
[21:16:27] [Render thread/INFO] (Mod Menu/Update Checker) Checking mod updates...
[21:16:28] [ModMenu/Update Checker/Fabric Loader/INFO] (Mod Menu/Update Checker) Update available for 'fabricloader@0.18.4'
[21:16:28] [Worker-Main-1/INFO] (Mod Menu/Update Checker) Update available for 'modmenu@17.0.0-beta.2', (-> 17.0.0)
[21:16:28] [Worker-Main-1/INFO] (Mod Menu/Update Checker) Update available for 'puzzleslib@21.11.11', (-> 21.11.12)
[21:16:28] [Render thread/ERROR] (Minecraft) Couldn't load durabilitytooltip pack metadata: Pack declares support for version newer than 64, but is missing mandatory fields min_format and max_format
[21:16:28] [Render thread/INFO] (Minecraft) Backend library: LWJGL version 3.3.3-snapshot
[21:16:29] [Render thread/INFO] (Minecraft) Using optional rendering extensions: GL_ARB_buffer_storage, GL_KHR_debug, GL_ARB_vertex_attrib_binding, GL_ARB_direct_state_access, GL_EXT_texture_filter_anisotropic
[21:16:29] [Render thread/ERROR] (Minecraft) Couldn't load durabilitytooltip pack metadata: Pack declares support for version newer than 64, but is missing mandatory fields min_format and max_format
[21:16:29] [Render thread/INFO] (Minecraft) Reloading ResourceManager: vanilla, appleskin, attributescreen, cloth-config, durabilitytooltip, fabric-api, fabric-api-base, fabric-api-lookup-api-v1, fabric-biome-api-v1, fabric-block-api-v1, fabric-block-view-api-v2, fabric-client-gametest-api-v1, fabric-command-api-v2, fabric-content-registries-v0, fabric-convention-tags-v1, fabric-convention-tags-v2, fabric-crash-report-info-v1, fabric-data-attachment-api-v1, fabric-data-generation-api-v1, fabric-dimensions-v1, fabric-entity-events-v1, fabric-events-interaction-v0, fabric-game-rule-api-v1, fabric-gametest-api-v1, fabric-item-api-v1, fabric-item-group-api-v1, fabric-key-binding-api-v1, fabric-lifecycle-events-v1, fabric-loot-api-v2, fabric-loot-api-v3, fabric-message-api-v1, fabric-model-loading-api-v1, fabric-networking-api-v1, fabric-object-builder-api-v1, fabric-particles-v1, fabric-recipe-api-v1, fabric-registry-sync-v0, fabric-renderer-api-v1, fabric-renderer-indigo, fabric-rendering-fluids-v1, fabric-rendering-v1, fabric-resource-conditions-api-v1, fabric-resource-loader-v0, fabric-resource-loader-v1, fabric-screen-api-v1, fabric-screen-handler-api-v1, fabric-serialization-api-v1, fabric-sound-api-v1, fabric-tag-api-v1, fabric-transfer-api-v1, fabric-transitive-access-wideners-v1, fabricloader, forgeconfigapiport, healthbars, libz, modmenu, placeholder-api, player_level_skills
[21:16:29] [Download-3/INFO] (Minecraft) Could not authorize you against Realms server: java.lang.RuntimeException: Failed to parse into SignedJWT: FabricMC
[21:16:29] [Download-3/ERROR] (Minecraft) Failed to fetch Realms feature flags
net.minecraft.client.realms.exception.RealmsServiceException: Realms authentication error with message 'java.lang.RuntimeException: Failed to parse into SignedJWT: FabricMC'
	at knot//net.minecraft.client.realms.RealmsClient.execute(RealmsClient.java:526)
	at knot//net.minecraft.client.realms.RealmsClient.fetchFeatureFlags(RealmsClient.java:186)
	at java.base/java.util.concurrent.CompletableFuture$AsyncSupply.run(CompletableFuture.java:1768)
	at java.base/java.util.concurrent.ThreadPoolExecutor.runWorker(ThreadPoolExecutor.java:1144)
	at java.base/java.util.concurrent.ThreadPoolExecutor$Worker.run(ThreadPoolExecutor.java:642)
	at java.base/java.lang.Thread.run(Thread.java:1583)
[21:16:30] [Worker-Main-7/INFO] (Minecraft) Found unifont_all_no_pua-17.0.01.hex, loading
[21:16:30] [Worker-Main-10/INFO] (Minecraft) Found unifont_pua-17.0.01.hex, loading
[21:16:30] [Worker-Main-4/INFO] (Minecraft) Found unifont_jp_patch-17.0.01.hex, loading
[21:16:31] [Render thread/INFO] (Minecraft) OpenAL initialized on device OpenAL Soft on Fones de ouvido (soundcore Sport X20)
[21:16:31] [Render thread/INFO] (Minecraft) Sound engine started
[21:16:31] [Render thread/INFO] (Minecraft) Created: 512x256x0 minecraft:textures/atlas/particles.png-atlas
[21:16:31] [Render thread/INFO] (Minecraft) Created: 128x128x0 minecraft:textures/atlas/decorated_pot.png-atlas
[21:16:31] [Render thread/INFO] (Minecraft) Created: 2048x1024x0 minecraft:textures/atlas/armor_trims.png-atlas
[21:16:31] [Render thread/INFO] (Minecraft) Created: 512x256x0 minecraft:textures/atlas/paintings.png-atlas
[21:16:31] [Render thread/INFO] (Minecraft) Created: 1024x512x0 minecraft:textures/atlas/shield_patterns.png-atlas
[21:16:31] [Render thread/INFO] (Minecraft) Created: 2048x2048x4 minecraft:textures/atlas/blocks.png-atlas
[21:16:31] [Render thread/INFO] (Minecraft) Created: 512x512x0 minecraft:textures/atlas/chest.png-atlas
[21:16:31] [Render thread/INFO] (Minecraft) Created: 256x128x0 minecraft:textures/atlas/celestials.png-atlas
[21:16:31] [Render thread/INFO] (Minecraft) Created: 1024x512x0 minecraft:textures/atlas/banner_patterns.png-atlas
[21:16:31] [Render thread/INFO] (Minecraft) Created: 512x512x0 minecraft:textures/atlas/beds.png-atlas
[21:16:31] [Render thread/INFO] (Minecraft) Created: 1024x512x0 minecraft:textures/atlas/items.png-atlas
[21:16:31] [Render thread/INFO] (Minecraft) Created: 1024x1024x0 minecraft:textures/atlas/gui.png-atlas
[21:16:31] [Render thread/INFO] (Minecraft) Created: 128x64x0 minecraft:textures/atlas/map_decorations.png-atlas
[21:16:31] [Render thread/INFO] (Minecraft) Created: 512x256x0 minecraft:textures/atlas/signs.png-atlas
[21:16:31] [Render thread/INFO] (Minecraft) Created: 512x512x0 minecraft:textures/atlas/shulker_boxes.png-atlas
[21:16:32] [IO-Worker-1/INFO] (Minecraft) Could not authorize you against Realms server: java.lang.RuntimeException: Failed to parse into SignedJWT: FabricMC
[21:16:32] [IO-Worker-1/ERROR] (Minecraft) Couldn't connect to realms
net.minecraft.client.realms.exception.RealmsServiceException: Realms authentication error with message 'java.lang.RuntimeException: Failed to parse into SignedJWT: FabricMC'
	at knot//net.minecraft.client.realms.RealmsClient.execute(RealmsClient.java:526)
	at knot//net.minecraft.client.realms.RealmsClient.clientCompatible(RealmsClient.java:307)
	at knot//net.minecraft.client.realms.RealmsAvailability.method_52627(RealmsAvailability.java:48)
	at java.base/java.util.concurrent.CompletableFuture$AsyncSupply.run(CompletableFuture.java:1768)
	at java.base/java.util.concurrent.ThreadPoolExecutor.runWorker(ThreadPoolExecutor.java:1144)
	at java.base/java.util.concurrent.ThreadPoolExecutor$Worker.run(ThreadPoolExecutor.java:642)
	at java.base/java.lang.Thread.run(Thread.java:1583)
[21:17:05] [Worker-Main-7/ERROR] (Minecraft) Couldn't parse data file 'player_level_skills:reach_levelz_100' from 'player_level_skills:advancement/reach_levelz_100.json': DataResult.Error['Unknown registry key in ResourceKey[minecraft:root / minecraft:trigger_type]: player_level_skills:level missed input: {"level100":{"trigger":"player_level_skills:level","conditions":{"level":100}}}; Advancement criteria cannot be empty']
[21:17:05] [Render thread/INFO] (Minecraft) Loaded 1471 recipes
[21:17:05] [Render thread/INFO] (Minecraft) Loaded 1584 advancements
[21:17:05] [Render thread/INFO] (LevelZ) Loading skills...
[21:17:05] [Render thread/INFO] (LevelZ) Skills loaded size = 14
[21:17:05] [Render thread/INFO] (PlayerLevelSkills) Loaded enchantment: minecraft:aqua_affinity | maxLevel=1
[21:17:05] [Render thread/INFO] (PlayerLevelSkills)  - registered level 1 as key=minecraft:aqua_affinity1 index=0
[21:17:05] [Render thread/INFO] (PlayerLevelSkills) Loaded enchantment: minecraft:bane_of_arthropods | maxLevel=5
[21:17:05] [Render thread/INFO] (PlayerLevelSkills)  - registered level 1 as key=minecraft:bane_of_arthropods1 index=1
[21:17:05] [Render thread/INFO] (PlayerLevelSkills)  - registered level 2 as key=minecraft:bane_of_arthropods2 index=2
[21:17:05] [Render thread/INFO] (PlayerLevelSkills)  - registered level 3 as key=minecraft:bane_of_arthropods3 index=3
[21:17:05] [Render thread/INFO] (PlayerLevelSkills)  - registered level 4 as key=minecraft:bane_of_arthropods4 index=4
[21:17:05] [Render thread/INFO] (PlayerLevelSkills)  - registered level 5 as key=minecraft:bane_of_arthropods5 index=5
[21:17:05] [Render thread/INFO] (PlayerLevelSkills) Loaded enchantment: minecraft:binding_curse | maxLevel=1
[21:17:05] [Render thread/INFO] (PlayerLevelSkills)  - registered level 1 as key=minecraft:binding_curse1 index=6
[21:17:05] [Render thread/INFO] (PlayerLevelSkills) Loaded enchantment: minecraft:blast_protection | maxLevel=4
[21:17:05] [Render thread/INFO] (PlayerLevelSkills)  - registered level 1 as key=minecraft:blast_protection1 index=7
[21:17:05] [Render thread/INFO] (PlayerLevelSkills)  - registered level 2 as key=minecraft:blast_protection2 index=8
[21:17:05] [Render thread/INFO] (PlayerLevelSkills)  - registered level 3 as key=minecraft:blast_protection3 index=9
[21:17:05] [Render thread/INFO] (PlayerLevelSkills)  - registered level 4 as key=minecraft:blast_protection4 index=10
[21:17:05] [Render thread/INFO] (PlayerLevelSkills) Loaded enchantment: minecraft:breach | maxLevel=4
[21:17:05] [Render thread/INFO] (PlayerLevelSkills)  - registered level 1 as key=minecraft:breach1 index=11
[21:17:05] [Render thread/INFO] (PlayerLevelSkills)  - registered level 2 as key=minecraft:breach2 index=12
[21:17:05] [Render thread/INFO] (PlayerLevelSkills)  - registered level 3 as key=minecraft:breach3 index=13
[21:17:05] [Render thread/INFO] (PlayerLevelSkills)  - registered level 4 as key=minecraft:breach4 index=14
[21:17:05] [Render thread/INFO] (PlayerLevelSkills) Loaded enchantment: minecraft:channeling | maxLevel=1
[21:17:05] [Render thread/INFO] (PlayerLevelSkills)  - registered level 1 as key=minecraft:channeling1 index=15
[21:17:05] [Render thread/INFO] (PlayerLevelSkills) Loaded enchantment: minecraft:density | maxLevel=5
[21:17:05] [Render thread/INFO] (PlayerLevelSkills)  - registered level 1 as key=minecraft:density1 index=16
[21:17:05] [Render thread/INFO] (PlayerLevelSkills)  - registered level 2 as key=minecraft:density2 index=17
[21:17:05] [Render thread/INFO] (PlayerLevelSkills)  - registered level 3 as key=minecraft:density3 index=18
[21:17:05] [Render thread/INFO] (PlayerLevelSkills)  - registered level 4 as key=minecraft:density4 index=19
[21:17:05] [Render thread/INFO] (PlayerLevelSkills)  - registered level 5 as key=minecraft:density5 index=20
[21:17:05] [Render thread/INFO] (PlayerLevelSkills) Loaded enchantment: minecraft:depth_strider | maxLevel=3
[21:17:05] [Render thread/INFO] (PlayerLevelSkills)  - registered level 1 as key=minecraft:depth_strider1 index=21
[21:17:05] [Render thread/INFO] (PlayerLevelSkills)  - registered level 2 as key=minecraft:depth_strider2 index=22
[21:17:05] [Render thread/INFO] (PlayerLevelSkills)  - registered level 3 as key=minecraft:depth_strider3 index=23
[21:17:05] [Render thread/INFO] (PlayerLevelSkills) Loaded enchantment: minecraft:efficiency | maxLevel=5
[21:17:05] [Render thread/INFO] (PlayerLevelSkills)  - registered level 1 as key=minecraft:efficiency1 index=24
[21:17:05] [Render thread/INFO] (PlayerLevelSkills)  - registered level 2 as key=minecraft:efficiency2 index=25
[21:17:05] [Render thread/INFO] (PlayerLevelSkills)  - registered level 3 as key=minecraft:efficiency3 index=26
[21:17:05] [Render thread/INFO] (PlayerLevelSkills)  - registered level 4 as key=minecraft:efficiency4 index=27
[21:17:05] [Render thread/INFO] (PlayerLevelSkills)  - registered level 5 as key=minecraft:efficiency5 index=28
[21:17:05] [Render thread/INFO] (PlayerLevelSkills) Loaded enchantment: minecraft:feather_falling | maxLevel=4
[21:17:05] [Render thread/INFO] (PlayerLevelSkills)  - registered level 1 as key=minecraft:feather_falling1 index=29
[21:17:05] [Render thread/INFO] (PlayerLevelSkills)  - registered level 2 as key=minecraft:feather_falling2 index=30
[21:17:05] [Render thread/INFO] (PlayerLevelSkills)  - registered level 3 as key=minecraft:feather_falling3 index=31
[21:17:05] [Render thread/INFO] (PlayerLevelSkills)  - registered level 4 as key=minecraft:feather_falling4 index=32
[21:17:05] [Render thread/INFO] (PlayerLevelSkills) Loaded enchantment: minecraft:fire_aspect | maxLevel=2
[21:17:05] [Render thread/INFO] (PlayerLevelSkills)  - registered level 1 as key=minecraft:fire_aspect1 index=33
[21:17:05] [Render thread/INFO] (PlayerLevelSkills)  - registered level 2 as key=minecraft:fire_aspect2 index=34
[21:17:05] [Render thread/INFO] (PlayerLevelSkills) Loaded enchantment: minecraft:fire_protection | maxLevel=4
[21:17:05] [Render thread/INFO] (PlayerLevelSkills)  - registered level 1 as key=minecraft:fire_protection1 index=35
[21:17:05] [Render thread/INFO] (PlayerLevelSkills)  - registered level 2 as key=minecraft:fire_protection2 index=36
[21:17:05] [Render thread/INFO] (PlayerLevelSkills)  - registered level 3 as key=minecraft:fire_protection3 index=37
[21:17:05] [Render thread/INFO] (PlayerLevelSkills)  - registered level 4 as key=minecraft:fire_protection4 index=38
[21:17:05] [Render thread/INFO] (PlayerLevelSkills) Loaded enchantment: minecraft:flame | maxLevel=1
[21:17:05] [Render thread/INFO] (PlayerLevelSkills)  - registered level 1 as key=minecraft:flame1 index=39
[21:17:05] [Render thread/INFO] (PlayerLevelSkills) Loaded enchantment: minecraft:fortune | maxLevel=3
[21:17:05] [Render thread/INFO] (PlayerLevelSkills)  - registered level 1 as key=minecraft:fortune1 index=40
[21:17:05] [Render thread/INFO] (PlayerLevelSkills)  - registered level 2 as key=minecraft:fortune2 index=41
[21:17:05] [Render thread/INFO] (PlayerLevelSkills)  - registered level 3 as key=minecraft:fortune3 index=42
[21:17:05] [Render thread/INFO] (PlayerLevelSkills) Loaded enchantment: minecraft:frost_walker | maxLevel=2
[21:17:05] [Render thread/INFO] (PlayerLevelSkills)  - registered level 1 as key=minecraft:frost_walker1 index=43
[21:17:05] [Render thread/INFO] (PlayerLevelSkills)  - registered level 2 as key=minecraft:frost_walker2 index=44
[21:17:05] [Render thread/INFO] (PlayerLevelSkills) Loaded enchantment: minecraft:impaling | maxLevel=5
[21:17:05] [Render thread/INFO] (PlayerLevelSkills)  - registered level 1 as key=minecraft:impaling1 index=45
[21:17:05] [Render thread/INFO] (PlayerLevelSkills)  - registered level 2 as key=minecraft:impaling2 index=46
[21:17:05] [Render thread/INFO] (PlayerLevelSkills)  - registered level 3 as key=minecraft:impaling3 index=47
[21:17:05] [Render thread/INFO] (PlayerLevelSkills)  - registered level 4 as key=minecraft:impaling4 index=48
[21:17:05] [Render thread/INFO] (PlayerLevelSkills)  - registered level 5 as key=minecraft:impaling5 index=49
[21:17:05] [Render thread/INFO] (PlayerLevelSkills) Loaded enchantment: minecraft:infinity | maxLevel=1
[21:17:05] [Render thread/INFO] (PlayerLevelSkills)  - registered level 1 as key=minecraft:infinity1 index=50
[21:17:05] [Render thread/INFO] (PlayerLevelSkills) Loaded enchantment: minecraft:knockback | maxLevel=2
[21:17:05] [Render thread/INFO] (PlayerLevelSkills)  - registered level 1 as key=minecraft:knockback1 index=51
[21:17:05] [Render thread/INFO] (PlayerLevelSkills)  - registered level 2 as key=minecraft:knockback2 index=52
[21:17:05] [Render thread/INFO] (PlayerLevelSkills) Loaded enchantment: minecraft:looting | maxLevel=3
[21:17:05] [Render thread/INFO] (PlayerLevelSkills)  - registered level 1 as key=minecraft:looting1 index=53
[21:17:05] [Render thread/INFO] (PlayerLevelSkills)  - registered level 2 as key=minecraft:looting2 index=54
[21:17:05] [Render thread/INFO] (PlayerLevelSkills)  - registered level 3 as key=minecraft:looting3 index=55
[21:17:05] [Render thread/INFO] (PlayerLevelSkills) Loaded enchantment: minecraft:loyalty | maxLevel=3
[21:17:05] [Render thread/INFO] (PlayerLevelSkills)  - registered level 1 as key=minecraft:loyalty1 index=56
[21:17:05] [Render thread/INFO] (PlayerLevelSkills)  - registered level 2 as key=minecraft:loyalty2 index=57
[21:17:05] [Render thread/INFO] (PlayerLevelSkills)  - registered level 3 as key=minecraft:loyalty3 index=58
[21:17:05] [Render thread/INFO] (PlayerLevelSkills) Loaded enchantment: minecraft:luck_of_the_sea | maxLevel=3
[21:17:05] [Render thread/INFO] (PlayerLevelSkills)  - registered level 1 as key=minecraft:luck_of_the_sea1 index=59
[21:17:05] [Render thread/INFO] (PlayerLevelSkills)  - registered level 2 as key=minecraft:luck_of_the_sea2 index=60
[21:17:05] [Render thread/INFO] (PlayerLevelSkills)  - registered level 3 as key=minecraft:luck_of_the_sea3 index=61
[21:17:05] [Render thread/INFO] (PlayerLevelSkills) Loaded enchantment: minecraft:lunge | maxLevel=3
[21:17:05] [Render thread/INFO] (PlayerLevelSkills)  - registered level 1 as key=minecraft:lunge1 index=62
[21:17:05] [Render thread/INFO] (PlayerLevelSkills)  - registered level 2 as key=minecraft:lunge2 index=63
[21:17:05] [Render thread/INFO] (PlayerLevelSkills)  - registered level 3 as key=minecraft:lunge3 index=64
[21:17:05] [Render thread/INFO] (PlayerLevelSkills) Loaded enchantment: minecraft:lure | maxLevel=3
[21:17:05] [Render thread/INFO] (PlayerLevelSkills)  - registered level 1 as key=minecraft:lure1 index=65
[21:17:05] [Render thread/INFO] (PlayerLevelSkills)  - registered level 2 as key=minecraft:lure2 index=66
[21:17:05] [Render thread/INFO] (PlayerLevelSkills)  - registered level 3 as key=minecraft:lure3 index=67
[21:17:05] [Render thread/INFO] (PlayerLevelSkills) Loaded enchantment: minecraft:mending | maxLevel=1
[21:17:05] [Render thread/INFO] (PlayerLevelSkills)  - registered level 1 as key=minecraft:mending1 index=68
[21:17:05] [Render thread/INFO] (PlayerLevelSkills) Loaded enchantment: minecraft:multishot | maxLevel=1
[21:17:05] [Render thread/INFO] (PlayerLevelSkills)  - registered level 1 as key=minecraft:multishot1 index=69
[21:17:05] [Render thread/INFO] (PlayerLevelSkills) Loaded enchantment: minecraft:piercing | maxLevel=4
[21:17:05] [Render thread/INFO] (PlayerLevelSkills)  - registered level 1 as key=minecraft:piercing1 index=70
[21:17:05] [Render thread/INFO] (PlayerLevelSkills)  - registered level 2 as key=minecraft:piercing2 index=71
[21:17:05] [Render thread/INFO] (PlayerLevelSkills)  - registered level 3 as key=minecraft:piercing3 index=72
[21:17:05] [Render thread/INFO] (PlayerLevelSkills)  - registered level 4 as key=minecraft:piercing4 index=73
[21:17:05] [Render thread/INFO] (PlayerLevelSkills) Loaded enchantment: minecraft:power | maxLevel=5
[21:17:05] [Render thread/INFO] (PlayerLevelSkills)  - registered level 1 as key=minecraft:power1 index=74
[21:17:05] [Render thread/INFO] (PlayerLevelSkills)  - registered level 2 as key=minecraft:power2 index=75
[21:17:05] [Render thread/INFO] (PlayerLevelSkills)  - registered level 3 as key=minecraft:power3 index=76
[21:17:05] [Render thread/INFO] (PlayerLevelSkills)  - registered level 4 as key=minecraft:power4 index=77
[21:17:05] [Render thread/INFO] (PlayerLevelSkills)  - registered level 5 as key=minecraft:power5 index=78
[21:17:05] [Render thread/INFO] (PlayerLevelSkills) Loaded enchantment: minecraft:projectile_protection | maxLevel=4
[21:17:05] [Render thread/INFO] (PlayerLevelSkills)  - registered level 1 as key=minecraft:projectile_protection1 index=79
[21:17:05] [Render thread/INFO] (PlayerLevelSkills)  - registered level 2 as key=minecraft:projectile_protection2 index=80
[21:17:05] [Render thread/INFO] (PlayerLevelSkills)  - registered level 3 as key=minecraft:projectile_protection3 index=81
[21:17:05] [Render thread/INFO] (PlayerLevelSkills)  - registered level 4 as key=minecraft:projectile_protection4 index=82
[21:17:05] [Render thread/INFO] (PlayerLevelSkills) Loaded enchantment: minecraft:protection | maxLevel=4
[21:17:05] [Render thread/INFO] (PlayerLevelSkills)  - registered level 1 as key=minecraft:protection1 index=83
[21:17:05] [Render thread/INFO] (PlayerLevelSkills)  - registered level 2 as key=minecraft:protection2 index=84
[21:17:05] [Render thread/INFO] (PlayerLevelSkills)  - registered level 3 as key=minecraft:protection3 index=85
[21:17:05] [Render thread/INFO] (PlayerLevelSkills)  - registered level 4 as key=minecraft:protection4 index=86
[21:17:05] [Render thread/INFO] (PlayerLevelSkills) Loaded enchantment: minecraft:punch | maxLevel=2
[21:17:05] [Render thread/INFO] (PlayerLevelSkills)  - registered level 1 as key=minecraft:punch1 index=87
[21:17:05] [Render thread/INFO] (PlayerLevelSkills)  - registered level 2 as key=minecraft:punch2 index=88
[21:17:05] [Render thread/INFO] (PlayerLevelSkills) Loaded enchantment: minecraft:quick_charge | maxLevel=3
[21:17:05] [Render thread/INFO] (PlayerLevelSkills)  - registered level 1 as key=minecraft:quick_charge1 index=89
[21:17:05] [Render thread/INFO] (PlayerLevelSkills)  - registered level 2 as key=minecraft:quick_charge2 index=90
[21:17:05] [Render thread/INFO] (PlayerLevelSkills)  - registered level 3 as key=minecraft:quick_charge3 index=91
[21:17:05] [Render thread/INFO] (PlayerLevelSkills) Loaded enchantment: minecraft:respiration | maxLevel=3
[21:17:05] [Render thread/INFO] (PlayerLevelSkills)  - registered level 1 as key=minecraft:respiration1 index=92
[21:17:05] [Render thread/INFO] (PlayerLevelSkills)  - registered level 2 as key=minecraft:respiration2 index=93
[21:17:05] [Render thread/INFO] (PlayerLevelSkills)  - registered level 3 as key=minecraft:respiration3 index=94
[21:17:05] [Render thread/INFO] (PlayerLevelSkills) Loaded enchantment: minecraft:riptide | maxLevel=3
[21:17:05] [Render thread/INFO] (PlayerLevelSkills)  - registered level 1 as key=minecraft:riptide1 index=95
[21:17:05] [Render thread/INFO] (PlayerLevelSkills)  - registered level 2 as key=minecraft:riptide2 index=96
[21:17:05] [Render thread/INFO] (PlayerLevelSkills)  - registered level 3 as key=minecraft:riptide3 index=97
[21:17:05] [Render thread/INFO] (PlayerLevelSkills) Loaded enchantment: minecraft:sharpness | maxLevel=5
[21:17:05] [Render thread/INFO] (PlayerLevelSkills)  - registered level 1 as key=minecraft:sharpness1 index=98
[21:17:05] [Render thread/INFO] (PlayerLevelSkills)  - registered level 2 as key=minecraft:sharpness2 index=99
[21:17:05] [Render thread/INFO] (PlayerLevelSkills)  - registered level 3 as key=minecraft:sharpness3 index=100
[21:17:05] [Render thread/INFO] (PlayerLevelSkills)  - registered level 4 as key=minecraft:sharpness4 index=101
[21:17:05] [Render thread/INFO] (PlayerLevelSkills)  - registered level 5 as key=minecraft:sharpness5 index=102
[21:17:05] [Render thread/INFO] (PlayerLevelSkills) Loaded enchantment: minecraft:silk_touch | maxLevel=1
[21:17:05] [Render thread/INFO] (PlayerLevelSkills)  - registered level 1 as key=minecraft:silk_touch1 index=103
[21:17:05] [Render thread/INFO] (PlayerLevelSkills) Loaded enchantment: minecraft:smite | maxLevel=5
[21:17:05] [Render thread/INFO] (PlayerLevelSkills)  - registered level 1 as key=minecraft:smite1 index=104
[21:17:05] [Render thread/INFO] (PlayerLevelSkills)  - registered level 2 as key=minecraft:smite2 index=105
[21:17:05] [Render thread/INFO] (PlayerLevelSkills)  - registered level 3 as key=minecraft:smite3 index=106
[21:17:05] [Render thread/INFO] (PlayerLevelSkills)  - registered level 4 as key=minecraft:smite4 index=107
[21:17:05] [Render thread/INFO] (PlayerLevelSkills)  - registered level 5 as key=minecraft:smite5 index=108
[21:17:05] [Render thread/INFO] (PlayerLevelSkills) Loaded enchantment: minecraft:soul_speed | maxLevel=3
[21:17:05] [Render thread/INFO] (PlayerLevelSkills)  - registered level 1 as key=minecraft:soul_speed1 index=109
[21:17:05] [Render thread/INFO] (PlayerLevelSkills)  - registered level 2 as key=minecraft:soul_speed2 index=110
[21:17:05] [Render thread/INFO] (PlayerLevelSkills)  - registered level 3 as key=minecraft:soul_speed3 index=111
[21:17:05] [Render thread/INFO] (PlayerLevelSkills) Loaded enchantment: minecraft:sweeping_edge | maxLevel=3
[21:17:05] [Render thread/INFO] (PlayerLevelSkills)  - registered level 1 as key=minecraft:sweeping_edge1 index=112
[21:17:05] [Render thread/INFO] (PlayerLevelSkills)  - registered level 2 as key=minecraft:sweeping_edge2 index=113
[21:17:05] [Render thread/INFO] (PlayerLevelSkills)  - registered level 3 as key=minecraft:sweeping_edge3 index=114
[21:17:05] [Render thread/INFO] (PlayerLevelSkills) Loaded enchantment: minecraft:swift_sneak | maxLevel=3
[21:17:05] [Render thread/INFO] (PlayerLevelSkills)  - registered level 1 as key=minecraft:swift_sneak1 index=115
[21:17:05] [Render thread/INFO] (PlayerLevelSkills)  - registered level 2 as key=minecraft:swift_sneak2 index=116
[21:17:05] [Render thread/INFO] (PlayerLevelSkills)  - registered level 3 as key=minecraft:swift_sneak3 index=117
[21:17:05] [Render thread/INFO] (PlayerLevelSkills) Loaded enchantment: minecraft:thorns | maxLevel=3
[21:17:05] [Render thread/INFO] (PlayerLevelSkills)  - registered level 1 as key=minecraft:thorns1 index=118
[21:17:05] [Render thread/INFO] (PlayerLevelSkills)  - registered level 2 as key=minecraft:thorns2 index=119
[21:17:05] [Render thread/INFO] (PlayerLevelSkills)  - registered level 3 as key=minecraft:thorns3 index=120
[21:17:05] [Render thread/INFO] (PlayerLevelSkills) Loaded enchantment: minecraft:unbreaking | maxLevel=3
[21:17:05] [Render thread/INFO] (PlayerLevelSkills)  - registered level 1 as key=minecraft:unbreaking1 index=121
[21:17:05] [Render thread/INFO] (PlayerLevelSkills)  - registered level 2 as key=minecraft:unbreaking2 index=122
[21:17:05] [Render thread/INFO] (PlayerLevelSkills)  - registered level 3 as key=minecraft:unbreaking3 index=123
[21:17:05] [Render thread/INFO] (PlayerLevelSkills) Loaded enchantment: minecraft:vanishing_curse | maxLevel=1
[21:17:05] [Render thread/INFO] (PlayerLevelSkills)  - registered level 1 as key=minecraft:vanishing_curse1 index=124
[21:17:05] [Render thread/INFO] (PlayerLevelSkills) Loaded enchantment: minecraft:wind_burst | maxLevel=3
[21:17:05] [Render thread/INFO] (PlayerLevelSkills)  - registered level 1 as key=minecraft:wind_burst1 index=125
[21:17:05] [Render thread/INFO] (PlayerLevelSkills)  - registered level 2 as key=minecraft:wind_burst2 index=126
[21:17:05] [Render thread/INFO] (PlayerLevelSkills)  - registered level 3 as key=minecraft:wind_burst3 index=127
[21:17:05] [Render thread/INFO] (PlayerLevelSkills) Finished loading enchantments. Total registered: 128
[21:17:05] [Render thread/INFO] (LevelZ) Reading restriction file: player_level_skills:restriction/default.json
[21:17:05] [Render thread/INFO] (LevelZ) Processing restriction entry: constitution_8 | replace=false
[21:17:05] [Render thread/INFO] (LevelZ)  - skill 'constitution' resolved to id=0 with requiredLevel=8
[21:17:05] [Render thread/INFO] (LevelZ) Restriction constitution_8 accepted with 1 skill requirement(s).
[21:17:05] [Render thread/INFO] (LevelZ)  - item restriction added: minecraft:brush -> rawId=1425
[21:17:05] [Render thread/INFO] (LevelZ) Processing restriction entry: constitution_10 | replace=false
[21:17:05] [Render thread/INFO] (LevelZ)  - skill 'constitution' resolved to id=0 with requiredLevel=10
[21:17:05] [Render thread/INFO] (LevelZ) Restriction constitution_10 accepted with 1 skill requirement(s).
[21:17:05] [Render thread/INFO] (LevelZ)  - item restriction added: minecraft:spyglass -> rawId=1055
[21:17:05] [Render thread/INFO] (LevelZ) Processing restriction entry: constitution_12 | replace=false
[21:17:05] [Render thread/INFO] (LevelZ)  - skill 'constitution' resolved to id=0 with requiredLevel=12
[21:17:05] [Render thread/INFO] (LevelZ) Restriction constitution_12 accepted with 1 skill requirement(s).
[21:17:05] [Render thread/INFO] (LevelZ)  - item restriction added: minecraft:goat_horn -> rawId=1352
[21:17:05] [Render thread/INFO] (LevelZ) Processing restriction entry: constitution_16 | replace=false
[21:17:05] [Render thread/INFO] (LevelZ)  - skill 'constitution' resolved to id=0 with requiredLevel=16
[21:17:05] [Render thread/INFO] (LevelZ) Restriction constitution_16 accepted with 1 skill requirement(s).
[21:17:05] [Render thread/INFO] (LevelZ)  - block restriction added: minecraft:jukebox -> rawId=282
[21:17:05] [Render thread/INFO] (LevelZ) Processing restriction entry: melee_1 | replace=false
[21:17:05] [Render thread/INFO] (LevelZ)  - skill 'melee' resolved to id=1 with requiredLevel=1
[21:17:05] [Render thread/INFO] (LevelZ) Restriction melee_1 accepted with 1 skill requirement(s).
[21:17:05] [Render thread/INFO] (LevelZ)  - item restriction added: minecraft:wooden_sword -> rawId=911
[21:17:05] [Render thread/INFO] (LevelZ)  - item restriction added: minecraft:wooden_spear -> rawId=1296
[21:17:05] [Render thread/INFO] (LevelZ) Processing restriction entry: melee_3 | replace=false
[21:17:05] [Render thread/INFO] (LevelZ)  - skill 'melee' resolved to id=1 with requiredLevel=3
[21:17:05] [Render thread/INFO] (LevelZ) Restriction melee_3 accepted with 1 skill requirement(s).
[21:17:05] [Render thread/INFO] (LevelZ)  - item restriction added: minecraft:stone_sword -> rawId=921
[21:17:05] [Render thread/INFO] (LevelZ)  - item restriction added: minecraft:stone_spear -> rawId=1297
[21:17:05] [Render thread/INFO] (LevelZ) Processing restriction entry: melee_7 | replace=false
[21:17:05] [Render thread/INFO] (LevelZ)  - skill 'melee' resolved to id=1 with requiredLevel=7
[21:17:05] [Render thread/INFO] (LevelZ) Restriction melee_7 accepted with 1 skill requirement(s).
[21:17:05] [Render thread/INFO] (LevelZ)  - item restriction added: minecraft:golden_sword -> rawId=926
[21:17:05] [Render thread/INFO] (LevelZ)  - item restriction added: minecraft:golden_spear -> rawId=1300
[21:17:05] [Render thread/INFO] (LevelZ) Processing restriction entry: melee_8 | replace=false
[21:17:05] [Render thread/INFO] (LevelZ)  - skill 'melee' resolved to id=1 with requiredLevel=8
[21:17:05] [Render thread/INFO] (LevelZ) Restriction melee_8 accepted with 1 skill requirement(s).
[21:17:05] [Render thread/INFO] (LevelZ)  - item restriction added: minecraft:iron_sword -> rawId=931
[21:17:05] [Render thread/INFO] (LevelZ)  - item restriction added: minecraft:copper_sword -> rawId=916
[21:17:05] [Render thread/INFO] (LevelZ)  - item restriction added: minecraft:copper_spear -> rawId=1298
[21:17:05] [Render thread/INFO] (LevelZ)  - item restriction added: minecraft:iron_spear -> rawId=1299
[21:17:05] [Render thread/INFO] (LevelZ) Processing restriction entry: melee_12 | replace=false
[21:17:05] [Render thread/INFO] (LevelZ)  - skill 'melee' resolved to id=1 with requiredLevel=12
[21:17:05] [Render thread/INFO] (LevelZ) Restriction melee_12 accepted with 1 skill requirement(s).
[21:17:05] [Render thread/INFO] (LevelZ)  - item restriction added: minecraft:mace -> rawId=1223
[21:17:05] [Render thread/INFO] (LevelZ) Processing restriction entry: melee_15 | replace=false
[21:17:05] [Render thread/INFO] (LevelZ)  - skill 'melee' resolved to id=1 with requiredLevel=15
[21:17:05] [Render thread/INFO] (LevelZ) Restriction melee_15 accepted with 1 skill requirement(s).
[21:17:05] [Render thread/INFO] (LevelZ)  - item restriction added: minecraft:diamond_sword -> rawId=936
[21:17:05] [Render thread/INFO] (LevelZ)  - item restriction added: minecraft:diamond_spear -> rawId=1301
[21:17:05] [Render thread/INFO] (LevelZ) Processing restriction entry: melee_20 | replace=false
[21:17:05] [Render thread/INFO] (LevelZ)  - skill 'melee' resolved to id=1 with requiredLevel=20
[21:17:05] [Render thread/INFO] (LevelZ) Restriction melee_20 accepted with 1 skill requirement(s).
[21:17:05] [Render thread/INFO] (LevelZ)  - item restriction added: minecraft:netherite_sword -> rawId=941
[21:17:05] [Render thread/INFO] (LevelZ)  - item restriction added: minecraft:netherite_spear -> rawId=1302
[21:17:05] [Render thread/INFO] (LevelZ) Processing restriction entry: defense_1 | replace=false
[21:17:05] [Render thread/INFO] (LevelZ)  - skill 'defense' resolved to id=2 with requiredLevel=1
[21:17:05] [Render thread/INFO] (LevelZ) Restriction defense_1 accepted with 1 skill requirement(s).
[21:17:05] [Render thread/INFO] (LevelZ)  - item restriction added: minecraft:leather_helmet -> rawId=954
[21:17:05] [Render thread/INFO] (LevelZ)  - item restriction added: minecraft:leather_chestplate -> rawId=955
[21:17:05] [Render thread/INFO] (LevelZ)  - item restriction added: minecraft:leather_leggings -> rawId=956
[21:17:05] [Render thread/INFO] (LevelZ)  - item restriction added: minecraft:leather_boots -> rawId=957
[21:17:05] [Render thread/INFO] (LevelZ) Processing restriction entry: defense_5 | replace=false
[21:17:05] [Render thread/INFO] (LevelZ)  - skill 'defense' resolved to id=2 with requiredLevel=5
[21:17:05] [Render thread/INFO] (LevelZ) Restriction defense_5 accepted with 1 skill requirement(s).
[21:17:05] [Render thread/INFO] (LevelZ)  - item restriction added: minecraft:chainmail_helmet -> rawId=962
[21:17:05] [Render thread/INFO] (LevelZ)  - item restriction added: minecraft:chainmail_chestplate -> rawId=963
[21:17:05] [Render thread/INFO] (LevelZ)  - item restriction added: minecraft:chainmail_leggings -> rawId=964
[21:17:05] [Render thread/INFO] (LevelZ)  - item restriction added: minecraft:chainmail_boots -> rawId=965
[21:17:05] [Render thread/INFO] (LevelZ) Processing restriction entry: defense_7 | replace=false
[21:17:05] [Render thread/INFO] (LevelZ)  - skill 'defense' resolved to id=2 with requiredLevel=7
[21:17:05] [Render thread/INFO] (LevelZ) Restriction defense_7 accepted with 1 skill requirement(s).
[21:17:05] [Render thread/INFO] (LevelZ)  - item restriction added: minecraft:golden_helmet -> rawId=974
[21:17:05] [Render thread/INFO] (LevelZ)  - item restriction added: minecraft:golden_chestplate -> rawId=975
[21:17:05] [Render thread/INFO] (LevelZ)  - item restriction added: minecraft:golden_leggings -> rawId=976
[21:17:05] [Render thread/INFO] (LevelZ)  - item restriction added: minecraft:golden_boots -> rawId=977
[21:17:05] [Render thread/INFO] (LevelZ) Processing restriction entry: defense_8 | replace=false
[21:17:05] [Render thread/INFO] (LevelZ)  - skill 'defense' resolved to id=2 with requiredLevel=8
[21:17:05] [Render thread/INFO] (LevelZ) Restriction defense_8 accepted with 1 skill requirement(s).
[21:17:05] [Render thread/INFO] (LevelZ)  - item restriction added: minecraft:copper_helmet -> rawId=958
[21:17:05] [Render thread/INFO] (LevelZ)  - item restriction added: minecraft:copper_chestplate -> rawId=959
[21:17:05] [Render thread/INFO] (LevelZ)  - item restriction added: minecraft:copper_leggings -> rawId=960
[21:17:05] [Render thread/INFO] (LevelZ)  - item restriction added: minecraft:copper_boots -> rawId=961
[21:17:05] [Render thread/INFO] (LevelZ)  - item restriction added: minecraft:shield -> rawId=1295
[21:17:05] [Render thread/INFO] (LevelZ) Processing restriction entry: defense_10 | replace=false
[21:17:05] [Render thread/INFO] (LevelZ)  - skill 'defense' resolved to id=2 with requiredLevel=10
[21:17:05] [Render thread/INFO] (LevelZ) Restriction defense_10 accepted with 1 skill requirement(s).
[21:17:05] [Render thread/INFO] (LevelZ)  - item restriction added: minecraft:iron_helmet -> rawId=966
[21:17:05] [Render thread/INFO] (LevelZ)  - item restriction added: minecraft:iron_chestplate -> rawId=967
[21:17:05] [Render thread/INFO] (LevelZ)  - item restriction added: minecraft:iron_leggings -> rawId=968
[21:17:05] [Render thread/INFO] (LevelZ)  - item restriction added: minecraft:iron_boots -> rawId=969
[21:17:05] [Render thread/INFO] (LevelZ) Processing restriction entry: defense_15 | replace=false
[21:17:05] [Render thread/INFO] (LevelZ)  - skill 'defense' resolved to id=2 with requiredLevel=15
[21:17:05] [Render thread/INFO] (LevelZ) Restriction defense_15 accepted with 1 skill requirement(s).
[21:17:05] [Render thread/INFO] (LevelZ)  - item restriction added: minecraft:diamond_helmet -> rawId=970
[21:17:05] [Render thread/INFO] (LevelZ)  - item restriction added: minecraft:diamond_chestplate -> rawId=971
[21:17:05] [Render thread/INFO] (LevelZ)  - item restriction added: minecraft:diamond_leggings -> rawId=972
[21:17:05] [Render thread/INFO] (LevelZ)  - item restriction added: minecraft:diamond_boots -> rawId=973
[21:17:05] [Render thread/INFO] (LevelZ) Processing restriction entry: defense_20 | replace=false
[21:17:05] [Render thread/INFO] (LevelZ)  - skill 'defense' resolved to id=2 with requiredLevel=20
[21:17:05] [Render thread/INFO] (LevelZ) Restriction defense_20 accepted with 1 skill requirement(s).
[21:17:05] [Render thread/INFO] (LevelZ)  - item restriction added: minecraft:netherite_helmet -> rawId=978
[21:17:05] [Render thread/INFO] (LevelZ)  - item restriction added: minecraft:netherite_chestplate -> rawId=979
[21:17:05] [Render thread/INFO] (LevelZ)  - item restriction added: minecraft:netherite_leggings -> rawId=980
[21:17:05] [Render thread/INFO] (LevelZ)  - item restriction added: minecraft:netherite_boots -> rawId=981
[21:17:05] [Render thread/INFO] (LevelZ) Processing restriction entry: archery_5 | replace=false
[21:17:05] [Render thread/INFO] (LevelZ)  - skill 'archery' resolved to id=3 with requiredLevel=5
[21:17:05] [Render thread/INFO] (LevelZ) Restriction archery_5 accepted with 1 skill requirement(s).
[21:17:05] [Render thread/INFO] (LevelZ)  - item restriction added: minecraft:bow -> rawId=894
[21:17:05] [Render thread/INFO] (LevelZ) Processing restriction entry: archery_10 | replace=false
[21:17:05] [Render thread/INFO] (LevelZ)  - skill 'archery' resolved to id=3 with requiredLevel=10
[21:17:05] [Render thread/INFO] (LevelZ) Restriction archery_10 accepted with 1 skill requirement(s).
[21:17:05] [Render thread/INFO] (LevelZ)  - item restriction added: minecraft:crossbow -> rawId=1339
[21:17:05] [Render thread/INFO] (LevelZ) Processing restriction entry: archery_20 | replace=false
[21:17:05] [Render thread/INFO] (LevelZ)  - skill 'archery' resolved to id=3 with requiredLevel=20
[21:17:05] [Render thread/INFO] (LevelZ) Restriction archery_20 accepted with 1 skill requirement(s).
[21:17:05] [Render thread/INFO] (LevelZ)  - item restriction added: minecraft:trident -> rawId=1331
[21:17:05] [Render thread/INFO] (LevelZ) Processing restriction entry: agility_2 | replace=false
[21:17:05] [Render thread/INFO] (LevelZ)  - skill 'agility' resolved to id=4 with requiredLevel=2
[21:17:05] [Render thread/INFO] (LevelZ) Restriction agility_2 accepted with 1 skill requirement(s).
[21:17:05] [Render thread/WARN] (LevelZ) Restriction agility_2 contains an unrecognized entity id called minecraft:boat
[21:17:05] [Render thread/WARN] (LevelZ) Restriction agility_2 contains an unrecognized entity id called minecraft:chest_boat
[21:17:05] [Render thread/INFO] (LevelZ) Processing restriction entry: agility_5 | replace=false
[21:17:05] [Render thread/INFO] (LevelZ)  - skill 'agility' resolved to id=4 with requiredLevel=5
[21:17:05] [Render thread/INFO] (LevelZ) Restriction agility_5 accepted with 1 skill requirement(s).
[21:17:05] [Render thread/INFO] (LevelZ)  - item restriction added: minecraft:turtle_helmet -> rawId=887
[21:17:05] [Render thread/INFO] (LevelZ) Processing restriction entry: agility_8 | replace=false
[21:17:05] [Render thread/INFO] (LevelZ)  - skill 'agility' resolved to id=4 with requiredLevel=8
[21:17:05] [Render thread/INFO] (LevelZ) Restriction agility_8 accepted with 1 skill requirement(s).
[21:17:05] [Render thread/INFO] (LevelZ)  - entity restriction added: minecraft:minecart -> rawId=85
[21:17:05] [Render thread/INFO] (LevelZ)  - entity restriction added: minecraft:chest_minecart -> rawId=25
[21:17:05] [Render thread/INFO] (LevelZ) Processing restriction entry: agility_10 | replace=false
[21:17:05] [Render thread/INFO] (LevelZ)  - skill 'agility' resolved to id=4 with requiredLevel=10
[21:17:05] [Render thread/INFO] (LevelZ) Restriction agility_10 accepted with 1 skill requirement(s).
[21:17:05] [Render thread/INFO] (LevelZ)  - block restriction added: minecraft:cartography_table -> rawId=840
[21:17:05] [Render thread/INFO] (LevelZ)  - item restriction added: minecraft:recovery_compass -> rawId=1035
[21:17:05] [Render thread/INFO] (LevelZ) Processing restriction entry: agility_15 | replace=false
[21:17:05] [Render thread/INFO] (LevelZ)  - skill 'agility' resolved to id=4 with requiredLevel=15
[21:17:05] [Render thread/INFO] (LevelZ) Restriction agility_15 accepted with 1 skill requirement(s).
[21:17:05] [Render thread/INFO] (LevelZ)  - item restriction added: minecraft:elytra -> rawId=862
[21:17:05] [Render thread/INFO] (LevelZ) Processing restriction entry: magic_2 | replace=false
[21:17:05] [Render thread/INFO] (LevelZ)  - skill 'magic' resolved to id=7 with requiredLevel=2
[21:17:05] [Render thread/INFO] (LevelZ) Restriction magic_2 accepted with 1 skill requirement(s).
[21:17:05] [Render thread/INFO] (LevelZ) Processing restriction entry: magic_3 | replace=false
[21:17:05] [Render thread/INFO] (LevelZ)  - skill 'magic' resolved to id=7 with requiredLevel=3
[21:17:05] [Render thread/INFO] (LevelZ) Restriction magic_3 accepted with 1 skill requirement(s).
[21:17:05] [Render thread/INFO] (LevelZ)  - block restriction added: minecraft:enchanting_table -> rawId=384
[21:17:05] [Render thread/INFO] (LevelZ)  - enchantment restriction added: minecraft:bane_of_arthropods level=1 -> rawId=1
[21:17:05] [Render thread/INFO] (LevelZ)    * skill=magic (id=7) requiredLevel=3
[21:17:05] [Render thread/INFO] (LevelZ)  - enchantment restriction added: minecraft:smite level=1 -> rawId=104
[21:17:05] [Render thread/INFO] (LevelZ)    * skill=magic (id=7) requiredLevel=3
[21:17:05] [Render thread/INFO] (LevelZ) Processing restriction entry: magic_4 | replace=false
[21:17:05] [Render thread/INFO] (LevelZ)  - skill 'magic' resolved to id=7 with requiredLevel=4
[21:17:05] [Render thread/INFO] (LevelZ) Restriction magic_4 accepted with 1 skill requirement(s).
[21:17:05] [Render thread/INFO] (LevelZ)  - enchantment restriction added: minecraft:impaling level=1 -> rawId=45
[21:17:05] [Render thread/INFO] (LevelZ)    * skill=magic (id=7) requiredLevel=4
[21:17:05] [Render thread/INFO] (LevelZ) Processing restriction entry: magic_5 | replace=false
[21:17:05] [Render thread/INFO] (LevelZ)  - skill 'magic' resolved to id=7 with requiredLevel=5
[21:17:05] [Render thread/INFO] (LevelZ) Restriction magic_5 accepted with 1 skill requirement(s).
[21:17:05] [Render thread/INFO] (LevelZ)  - enchantment restriction added: minecraft:sweeping_edge level=1 -> rawId=112
[21:17:05] [Render thread/INFO] (LevelZ)    * skill=magic (id=7) requiredLevel=5
[21:17:05] [Render thread/INFO] (LevelZ) Processing restriction entry: magic_6 | replace=false
[21:17:05] [Render thread/INFO] (LevelZ)  - skill 'magic' resolved to id=7 with requiredLevel=6
[21:17:05] [Render thread/INFO] (LevelZ) Restriction magic_6 accepted with 1 skill requirement(s).
[21:17:05] [Render thread/INFO] (LevelZ)  - enchantment restriction added: minecraft:respiration level=1 -> rawId=92
[21:17:05] [Render thread/INFO] (LevelZ)    * skill=magic (id=7) requiredLevel=6
[21:17:05] [Render thread/INFO] (LevelZ)  - enchantment restriction added: minecraft:sharpness level=1 -> rawId=98
[21:17:05] [Render thread/INFO] (LevelZ)    * skill=magic (id=7) requiredLevel=6
[21:17:05] [Render thread/INFO] (LevelZ)  - enchantment restriction added: minecraft:knockback level=1 -> rawId=51
[21:17:05] [Render thread/INFO] (LevelZ)    * skill=magic (id=7) requiredLevel=6
[21:17:05] [Render thread/INFO] (LevelZ)  - enchantment restriction added: minecraft:fire_protection level=1 -> rawId=35
[21:17:05] [Render thread/INFO] (LevelZ)    * skill=magic (id=7) requiredLevel=6
[21:17:05] [Render thread/INFO] (LevelZ)  - enchantment restriction added: minecraft:projectile_protection level=1 -> rawId=79
[21:17:05] [Render thread/INFO] (LevelZ)    * skill=magic (id=7) requiredLevel=6
[21:17:05] [Render thread/INFO] (LevelZ)  - enchantment restriction added: minecraft:blast_protection level=1 -> rawId=7
[21:17:05] [Render thread/INFO] (LevelZ)    * skill=magic (id=7) requiredLevel=6
[21:17:05] [Render thread/INFO] (LevelZ)  - enchantment restriction added: minecraft:lure level=1 -> rawId=65
[21:17:05] [Render thread/INFO] (LevelZ)    * skill=magic (id=7) requiredLevel=6
[21:17:05] [Render thread/INFO] (LevelZ) Processing restriction entry: magic_7 | replace=false
[21:17:05] [Render thread/INFO] (LevelZ)  - skill 'magic' resolved to id=7 with requiredLevel=7
[21:17:05] [Render thread/INFO] (LevelZ) Restriction magic_7 accepted with 1 skill requirement(s).
[21:17:05] [Render thread/INFO] (LevelZ)  - enchantment restriction added: minecraft:soul_speed level=1 -> rawId=109
[21:17:05] [Render thread/INFO] (LevelZ)    * skill=magic (id=7) requiredLevel=7
[21:17:05] [Render thread/INFO] (LevelZ)  - enchantment restriction added: minecraft:luck_of_the_sea level=1 -> rawId=59
[21:17:05] [Render thread/INFO] (LevelZ)    * skill=magic (id=7) requiredLevel=7
[21:17:05] [Render thread/INFO] (LevelZ)  - enchantment restriction added: minecraft:piercing level=1 -> rawId=70
[21:17:05] [Render thread/INFO] (LevelZ)    * skill=magic (id=7) requiredLevel=7
[21:17:05] [Render thread/INFO] (LevelZ) Processing restriction entry: magic_8 | replace=false
[21:17:05] [Render thread/INFO] (LevelZ)  - skill 'magic' resolved to id=7 with requiredLevel=8
[21:17:05] [Render thread/INFO] (LevelZ) Restriction magic_8 accepted with 1 skill requirement(s).
[21:17:05] [Render thread/INFO] (LevelZ)  - enchantment restriction added: minecraft:efficiency level=1 -> rawId=24
[21:17:05] [Render thread/INFO] (LevelZ)    * skill=magic (id=7) requiredLevel=8
[21:17:05] [Render thread/INFO] (LevelZ)  - enchantment restriction added: minecraft:bane_of_arthropods level=2 -> rawId=2
[21:17:05] [Render thread/INFO] (LevelZ)    * skill=magic (id=7) requiredLevel=8
[21:17:05] [Render thread/INFO] (LevelZ)  - enchantment restriction added: minecraft:smite level=2 -> rawId=105
[21:17:05] [Render thread/INFO] (LevelZ)    * skill=magic (id=7) requiredLevel=8
[21:17:05] [Render thread/INFO] (LevelZ)  - enchantment restriction added: minecraft:swift_sneak level=1 -> rawId=115
[21:17:05] [Render thread/INFO] (LevelZ)    * skill=magic (id=7) requiredLevel=8
[21:17:05] [Render thread/INFO] (LevelZ)  - enchantment restriction added: minecraft:protection level=1 -> rawId=83
[21:17:05] [Render thread/INFO] (LevelZ)    * skill=magic (id=7) requiredLevel=8
[21:17:05] [Render thread/INFO] (LevelZ)  - enchantment restriction added: minecraft:impaling level=2 -> rawId=46
[21:17:05] [Render thread/INFO] (LevelZ)    * skill=magic (id=7) requiredLevel=8
[21:17:05] [Render thread/INFO] (LevelZ)  - enchantment restriction added: minecraft:power level=1 -> rawId=74
[21:17:05] [Render thread/INFO] (LevelZ)    * skill=magic (id=7) requiredLevel=8
[21:17:05] [Render thread/INFO] (LevelZ) Processing restriction entry: magic_9 | replace=false
[21:17:05] [Render thread/INFO] (LevelZ)  - skill 'magic' resolved to id=7 with requiredLevel=9
[21:17:05] [Render thread/INFO] (LevelZ) Restriction magic_9 accepted with 1 skill requirement(s).
[21:17:05] [Render thread/INFO] (LevelZ)  - enchantment restriction added: minecraft:frost_walker level=1 -> rawId=43
[21:17:05] [Render thread/INFO] (LevelZ)    * skill=magic (id=7) requiredLevel=9
[21:17:05] [Render thread/INFO] (LevelZ)  - enchantment restriction added: minecraft:feather_falling level=1 -> rawId=29
[21:17:05] [Render thread/INFO] (LevelZ)    * skill=magic (id=7) requiredLevel=9
[21:17:05] [Render thread/INFO] (LevelZ)  - enchantment restriction added: minecraft:thorns level=1 -> rawId=118
[21:17:05] [Render thread/INFO] (LevelZ)    * skill=magic (id=7) requiredLevel=9
[21:17:05] [Render thread/INFO] (LevelZ)  - enchantment restriction added: minecraft:quick_charge level=1 -> rawId=89
[21:17:05] [Render thread/INFO] (LevelZ)    * skill=magic (id=7) requiredLevel=9
[21:17:05] [Render thread/INFO] (LevelZ)  - enchantment restriction added: minecraft:density level=1 -> rawId=16
[21:17:05] [Render thread/INFO] (LevelZ)    * skill=magic (id=7) requiredLevel=9
[21:17:05] [Render thread/INFO] (LevelZ)  - enchantment restriction added: minecraft:breach level=1 -> rawId=11
[21:17:05] [Render thread/INFO] (LevelZ)    * skill=magic (id=7) requiredLevel=9
[21:17:05] [Render thread/INFO] (LevelZ) Processing restriction entry: magic_10 | replace=false
[21:17:05] [Render thread/INFO] (LevelZ)  - skill 'magic' resolved to id=7 with requiredLevel=10
[21:17:05] [Render thread/INFO] (LevelZ) Restriction magic_10 accepted with 1 skill requirement(s).
[21:17:05] [Render thread/INFO] (LevelZ)  - enchantment restriction added: minecraft:aqua_affinity level=1 -> rawId=0
[21:17:05] [Render thread/INFO] (LevelZ)    * skill=magic (id=7) requiredLevel=10
[21:17:05] [Render thread/INFO] (LevelZ)  - enchantment restriction added: minecraft:unbreaking level=1 -> rawId=121
[21:17:05] [Render thread/INFO] (LevelZ)    * skill=magic (id=7) requiredLevel=10
[21:17:05] [Render thread/INFO] (LevelZ)  - enchantment restriction added: minecraft:sweeping_edge level=2 -> rawId=113
[21:17:05] [Render thread/INFO] (LevelZ)    * skill=magic (id=7) requiredLevel=10
[21:17:05] [Render thread/INFO] (LevelZ)  - enchantment restriction added: minecraft:depth_strider level=1 -> rawId=21
[21:17:05] [Render thread/INFO] (LevelZ)    * skill=magic (id=7) requiredLevel=10
[21:17:05] [Render thread/INFO] (LevelZ)  - enchantment restriction added: minecraft:loyalty level=1 -> rawId=56
[21:17:05] [Render thread/INFO] (LevelZ)    * skill=magic (id=7) requiredLevel=10
[21:17:05] [Render thread/INFO] (LevelZ) Processing restriction entry: magic_11 | replace=false
[21:17:05] [Render thread/INFO] (LevelZ)  - skill 'magic' resolved to id=7 with requiredLevel=11
[21:17:05] [Render thread/INFO] (LevelZ) Restriction magic_11 accepted with 1 skill requirement(s).
[21:17:05] [Render thread/INFO] (LevelZ)  - enchantment restriction added: minecraft:respiration level=2 -> rawId=93
[21:17:05] [Render thread/INFO] (LevelZ)    * skill=magic (id=7) requiredLevel=11
[21:17:05] [Render thread/INFO] (LevelZ)  - enchantment restriction added: minecraft:sharpness level=2 -> rawId=99
[21:17:05] [Render thread/INFO] (LevelZ)    * skill=magic (id=7) requiredLevel=11
[21:17:05] [Render thread/INFO] (LevelZ)  - enchantment restriction added: minecraft:knockback level=2 -> rawId=52
[21:17:05] [Render thread/INFO] (LevelZ)    * skill=magic (id=7) requiredLevel=11
[21:17:05] [Render thread/INFO] (LevelZ)  - enchantment restriction added: minecraft:fire_protection level=2 -> rawId=36
[21:17:05] [Render thread/INFO] (LevelZ)    * skill=magic (id=7) requiredLevel=11
[21:17:05] [Render thread/INFO] (LevelZ)  - enchantment restriction added: minecraft:projectile_protection level=2 -> rawId=80
[21:17:05] [Render thread/INFO] (LevelZ)    * skill=magic (id=7) requiredLevel=11
[21:17:05] [Render thread/INFO] (LevelZ)  - enchantment restriction added: minecraft:blast_protection level=2 -> rawId=8
[21:17:05] [Render thread/INFO] (LevelZ)    * skill=magic (id=7) requiredLevel=11
[21:17:05] [Render thread/INFO] (LevelZ)  - enchantment restriction added: minecraft:power level=2 -> rawId=75
[21:17:05] [Render thread/INFO] (LevelZ)    * skill=magic (id=7) requiredLevel=11
[21:17:05] [Render thread/INFO] (LevelZ) Processing restriction entry: magic_12 | replace=false
[21:17:05] [Render thread/INFO] (LevelZ)  - skill 'magic' resolved to id=7 with requiredLevel=12
[21:17:05] [Render thread/INFO] (LevelZ) Restriction magic_12 accepted with 1 skill requirement(s).
[21:17:05] [Render thread/INFO] (LevelZ)  - enchantment restriction added: minecraft:multishot level=1 -> rawId=69
[21:17:05] [Render thread/INFO] (LevelZ)    * skill=magic (id=7) requiredLevel=12
[21:17:05] [Render thread/INFO] (LevelZ)  - enchantment restriction added: minecraft:efficiency level=2 -> rawId=25
[21:17:05] [Render thread/INFO] (LevelZ)    * skill=magic (id=7) requiredLevel=12
[21:17:05] [Render thread/INFO] (LevelZ)  - enchantment restriction added: minecraft:bane_of_arthropods level=3 -> rawId=3
[21:17:05] [Render thread/INFO] (LevelZ)    * skill=magic (id=7) requiredLevel=12
[21:17:05] [Render thread/INFO] (LevelZ)  - enchantment restriction added: minecraft:smite level=3 -> rawId=106
[21:17:05] [Render thread/INFO] (LevelZ)    * skill=magic (id=7) requiredLevel=12
[21:17:05] [Render thread/INFO] (LevelZ)  - enchantment restriction added: minecraft:soul_speed level=2 -> rawId=110
[21:17:05] [Render thread/INFO] (LevelZ)    * skill=magic (id=7) requiredLevel=12
[21:17:05] [Render thread/INFO] (LevelZ)  - enchantment restriction added: minecraft:lure level=2 -> rawId=66
[21:17:05] [Render thread/INFO] (LevelZ)    * skill=magic (id=7) requiredLevel=12
[21:17:05] [Render thread/INFO] (LevelZ)  - enchantment restriction added: minecraft:impaling level=3 -> rawId=47
[21:17:05] [Render thread/INFO] (LevelZ)    * skill=magic (id=7) requiredLevel=12
[21:17:05] [Render thread/INFO] (LevelZ)  - enchantment restriction added: minecraft:piercing level=2 -> rawId=71
[21:17:05] [Render thread/INFO] (LevelZ)    * skill=magic (id=7) requiredLevel=12
[21:17:05] [Render thread/INFO] (LevelZ)  - enchantment restriction added: minecraft:punch level=1 -> rawId=87
[21:17:05] [Render thread/INFO] (LevelZ)    * skill=magic (id=7) requiredLevel=12
[21:17:05] [Render thread/INFO] (LevelZ)  - enchantment restriction added: minecraft:density level=2 -> rawId=17
[21:17:05] [Render thread/INFO] (LevelZ)    * skill=magic (id=7) requiredLevel=12
[21:17:05] [Render thread/INFO] (LevelZ) Processing restriction entry: magic_13 | replace=false
[21:17:05] [Render thread/INFO] (LevelZ)  - skill 'magic' resolved to id=7 with requiredLevel=13
[21:17:05] [Render thread/INFO] (LevelZ) Restriction magic_13 accepted with 1 skill requirement(s).
[21:17:05] [Render thread/INFO] (LevelZ)  - enchantment restriction added: minecraft:fortune level=1 -> rawId=40
[21:17:05] [Render thread/INFO] (LevelZ)    * skill=magic (id=7) requiredLevel=13
[21:17:05] [Render thread/INFO] (LevelZ)  - enchantment restriction added: minecraft:looting level=1 -> rawId=53
[21:17:05] [Render thread/INFO] (LevelZ)    * skill=magic (id=7) requiredLevel=13
[21:17:05] [Render thread/INFO] (LevelZ)  - enchantment restriction added: minecraft:fire_aspect level=1 -> rawId=33
[21:17:05] [Render thread/INFO] (LevelZ)    * skill=magic (id=7) requiredLevel=13
[21:17:05] [Render thread/INFO] (LevelZ)  - enchantment restriction added: minecraft:feather_falling level=2 -> rawId=30
[21:17:05] [Render thread/INFO] (LevelZ)    * skill=magic (id=7) requiredLevel=13
[21:17:05] [Render thread/INFO] (LevelZ)  - enchantment restriction added: minecraft:swift_sneak level=2 -> rawId=116
[21:17:05] [Render thread/INFO] (LevelZ)    * skill=magic (id=7) requiredLevel=13
[21:17:05] [Render thread/INFO] (LevelZ)  - enchantment restriction added: minecraft:depth_strider level=2 -> rawId=22
[21:17:05] [Render thread/INFO] (LevelZ)    * skill=magic (id=7) requiredLevel=13
[21:17:05] [Render thread/INFO] (LevelZ)  - enchantment restriction added: minecraft:efficiency level=3 -> rawId=26
[21:17:05] [Render thread/INFO] (LevelZ)    * skill=magic (id=7) requiredLevel=13
[21:17:05] [Render thread/INFO] (LevelZ)  - enchantment restriction added: minecraft:protection level=2 -> rawId=84
[21:17:05] [Render thread/INFO] (LevelZ)    * skill=magic (id=7) requiredLevel=13
[21:17:05] [Render thread/INFO] (LevelZ)  - enchantment restriction added: minecraft:luck_of_the_sea level=2 -> rawId=60
[21:17:05] [Render thread/INFO] (LevelZ)    * skill=magic (id=7) requiredLevel=13
[21:17:05] [Render thread/INFO] (LevelZ)  - enchantment restriction added: minecraft:breach level=2 -> rawId=12
[21:17:05] [Render thread/INFO] (LevelZ)    * skill=magic (id=7) requiredLevel=13
[21:17:05] [Render thread/INFO] (LevelZ) Processing restriction entry: magic_14 | replace=false
[21:17:05] [Render thread/INFO] (LevelZ)  - skill 'magic' resolved to id=7 with requiredLevel=14
[21:17:05] [Render thread/INFO] (LevelZ) Restriction magic_14 accepted with 1 skill requirement(s).
[21:17:05] [Render thread/INFO] (LevelZ)  - enchantment restriction added: minecraft:unbreaking level=2 -> rawId=122
[21:17:05] [Render thread/INFO] (LevelZ)    * skill=magic (id=7) requiredLevel=14
[21:17:05] [Render thread/INFO] (LevelZ)  - enchantment restriction added: minecraft:thorns level=2 -> rawId=119
[21:17:05] [Render thread/INFO] (LevelZ)    * skill=magic (id=7) requiredLevel=14
[21:17:05] [Render thread/INFO] (LevelZ)  - enchantment restriction added: minecraft:power level=3 -> rawId=76
[21:17:05] [Render thread/INFO] (LevelZ)    * skill=magic (id=7) requiredLevel=14
[21:17:05] [Render thread/INFO] (LevelZ)  - enchantment restriction added: minecraft:wind_burst level=1 -> rawId=125
[21:17:05] [Render thread/INFO] (LevelZ)    * skill=magic (id=7) requiredLevel=14
[21:17:05] [Render thread/INFO] (LevelZ) Processing restriction entry: magic_15 | replace=false
[21:17:05] [Render thread/INFO] (LevelZ)  - skill 'magic' resolved to id=7 with requiredLevel=15
[21:17:05] [Render thread/INFO] (LevelZ) Restriction magic_15 accepted with 1 skill requirement(s).
[21:17:05] [Render thread/INFO] (LevelZ)  - enchantment restriction added: minecraft:frost_walker level=2 -> rawId=44
[21:17:05] [Render thread/INFO] (LevelZ)    * skill=magic (id=7) requiredLevel=15
[21:17:05] [Render thread/INFO] (LevelZ)  - enchantment restriction added: minecraft:sharpness level=3 -> rawId=100
[21:17:05] [Render thread/INFO] (LevelZ)    * skill=magic (id=7) requiredLevel=15
[21:17:05] [Render thread/INFO] (LevelZ)  - enchantment restriction added: minecraft:sweeping_edge level=3 -> rawId=114
[21:17:05] [Render thread/INFO] (LevelZ)    * skill=magic (id=7) requiredLevel=15
[21:17:05] [Render thread/INFO] (LevelZ)  - enchantment restriction added: minecraft:fire_protection level=3 -> rawId=37
[21:17:05] [Render thread/INFO] (LevelZ)    * skill=magic (id=7) requiredLevel=15
[21:17:05] [Render thread/INFO] (LevelZ)  - enchantment restriction added: minecraft:projectile_protection level=3 -> rawId=81
[21:17:05] [Render thread/INFO] (LevelZ)    * skill=magic (id=7) requiredLevel=15
[21:17:05] [Render thread/INFO] (LevelZ)  - enchantment restriction added: minecraft:blast_protection level=3 -> rawId=9
[21:17:05] [Render thread/INFO] (LevelZ)    * skill=magic (id=7) requiredLevel=15
[21:17:05] [Render thread/INFO] (LevelZ)  - enchantment restriction added: minecraft:loyalty level=2 -> rawId=57
[21:17:05] [Render thread/INFO] (LevelZ)    * skill=magic (id=7) requiredLevel=15
[21:17:05] [Render thread/INFO] (LevelZ)  - enchantment restriction added: minecraft:riptide level=1 -> rawId=95
[21:17:05] [Render thread/INFO] (LevelZ)    * skill=magic (id=7) requiredLevel=15
[21:17:05] [Render thread/INFO] (LevelZ)  - enchantment restriction added: minecraft:quick_charge level=2 -> rawId=90
[21:17:05] [Render thread/INFO] (LevelZ)    * skill=magic (id=7) requiredLevel=15
[21:17:05] [Render thread/INFO] (LevelZ)  - enchantment restriction added: minecraft:density level=3 -> rawId=18
[21:17:05] [Render thread/INFO] (LevelZ)    * skill=magic (id=7) requiredLevel=15
[21:17:05] [Render thread/INFO] (LevelZ) Processing restriction entry: magic_16 | replace=false
[21:17:05] [Render thread/INFO] (LevelZ)  - skill 'magic' resolved to id=7 with requiredLevel=16
[21:17:05] [Render thread/INFO] (LevelZ) Restriction magic_16 accepted with 1 skill requirement(s).
[21:17:05] [Render thread/INFO] (LevelZ)  - enchantment restriction added: minecraft:respiration level=3 -> rawId=94
[21:17:05] [Render thread/INFO] (LevelZ)    * skill=magic (id=7) requiredLevel=16
[21:17:05] [Render thread/INFO] (LevelZ)  - enchantment restriction added: minecraft:channeling level=1 -> rawId=15
[21:17:05] [Render thread/INFO] (LevelZ)    * skill=magic (id=7) requiredLevel=16
[21:17:05] [Render thread/INFO] (LevelZ)  - enchantment restriction added: minecraft:bane_of_arthropods level=4 -> rawId=4
[21:17:05] [Render thread/INFO] (LevelZ)    * skill=magic (id=7) requiredLevel=16
[21:17:05] [Render thread/INFO] (LevelZ)  - enchantment restriction added: minecraft:smite level=4 -> rawId=107
[21:17:05] [Render thread/INFO] (LevelZ)    * skill=magic (id=7) requiredLevel=16
[21:17:05] [Render thread/INFO] (LevelZ)  - enchantment restriction added: minecraft:depth_strider level=3 -> rawId=23
[21:17:05] [Render thread/INFO] (LevelZ)    * skill=magic (id=7) requiredLevel=16
[21:17:05] [Render thread/INFO] (LevelZ)  - enchantment restriction added: minecraft:impaling level=4 -> rawId=48
[21:17:05] [Render thread/INFO] (LevelZ)    * skill=magic (id=7) requiredLevel=16
[21:17:05] [Render thread/INFO] (LevelZ)  - enchantment restriction added: minecraft:piercing level=3 -> rawId=72
[21:17:05] [Render thread/INFO] (LevelZ)    * skill=magic (id=7) requiredLevel=16
[21:17:05] [Render thread/INFO] (LevelZ)  - enchantment restriction added: minecraft:breach level=3 -> rawId=13
[21:17:05] [Render thread/INFO] (LevelZ)    * skill=magic (id=7) requiredLevel=16
[21:17:05] [Render thread/INFO] (LevelZ) Processing restriction entry: magic_17 | replace=false
[21:17:05] [Render thread/INFO] (LevelZ)  - skill 'magic' resolved to id=7 with requiredLevel=17
[21:17:05] [Render thread/INFO] (LevelZ) Restriction magic_17 accepted with 1 skill requirement(s).
[21:17:05] [Render thread/INFO] (LevelZ)  - enchantment restriction added: minecraft:fortune level=2 -> rawId=41
[21:17:05] [Render thread/INFO] (LevelZ)    * skill=magic (id=7) requiredLevel=17
[21:17:05] [Render thread/INFO] (LevelZ)  - enchantment restriction added: minecraft:looting level=2 -> rawId=54
[21:17:05] [Render thread/INFO] (LevelZ)    * skill=magic (id=7) requiredLevel=17
[21:17:05] [Render thread/INFO] (LevelZ)  - enchantment restriction added: minecraft:efficiency level=4 -> rawId=27
[21:17:05] [Render thread/INFO] (LevelZ)    * skill=magic (id=7) requiredLevel=17
[21:17:05] [Render thread/INFO] (LevelZ)  - enchantment restriction added: minecraft:feather_falling level=3 -> rawId=31
[21:17:05] [Render thread/INFO] (LevelZ)    * skill=magic (id=7) requiredLevel=17
[21:17:05] [Render thread/INFO] (LevelZ)  - enchantment restriction added: minecraft:soul_speed level=3 -> rawId=111
[21:17:05] [Render thread/INFO] (LevelZ)    * skill=magic (id=7) requiredLevel=17
[21:17:05] [Render thread/INFO] (LevelZ)  - enchantment restriction added: minecraft:protection level=3 -> rawId=85
[21:17:05] [Render thread/INFO] (LevelZ)    * skill=magic (id=7) requiredLevel=17
[21:17:05] [Render thread/INFO] (LevelZ)  - enchantment restriction added: minecraft:lure level=3 -> rawId=67
[21:17:05] [Render thread/INFO] (LevelZ)    * skill=magic (id=7) requiredLevel=17
[21:17:05] [Render thread/INFO] (LevelZ)  - enchantment restriction added: minecraft:power level=4 -> rawId=77
[21:17:05] [Render thread/INFO] (LevelZ)    * skill=magic (id=7) requiredLevel=17
[21:17:05] [Render thread/INFO] (LevelZ)  - enchantment restriction added: minecraft:wind_burst level=2 -> rawId=126
[21:17:05] [Render thread/INFO] (LevelZ)    * skill=magic (id=7) requiredLevel=17
[21:17:05] [Render thread/INFO] (LevelZ) Processing restriction entry: magic_18 | replace=false
[21:17:05] [Render thread/INFO] (LevelZ)  - skill 'magic' resolved to id=7 with requiredLevel=18
[21:17:05] [Render thread/INFO] (LevelZ) Restriction magic_18 accepted with 1 skill requirement(s).
[21:17:05] [Render thread/INFO] (LevelZ)  - enchantment restriction added: minecraft:silk_touch level=1 -> rawId=103
[21:17:05] [Render thread/INFO] (LevelZ)    * skill=magic (id=7) requiredLevel=18
[21:17:05] [Render thread/INFO] (LevelZ)  - enchantment restriction added: minecraft:sharpness level=4 -> rawId=101
[21:17:05] [Render thread/INFO] (LevelZ)    * skill=magic (id=7) requiredLevel=18
[21:17:05] [Render thread/INFO] (LevelZ)  - enchantment restriction added: minecraft:unbreaking level=3 -> rawId=123
[21:17:05] [Render thread/INFO] (LevelZ)    * skill=magic (id=7) requiredLevel=18
[21:17:05] [Render thread/INFO] (LevelZ)  - enchantment restriction added: minecraft:fire_protection level=4 -> rawId=38
[21:17:05] [Render thread/INFO] (LevelZ)    * skill=magic (id=7) requiredLevel=18
[21:17:05] [Render thread/INFO] (LevelZ)  - enchantment restriction added: minecraft:projectile_protection level=4 -> rawId=82
[21:17:05] [Render thread/INFO] (LevelZ)    * skill=magic (id=7) requiredLevel=18
[21:17:05] [Render thread/INFO] (LevelZ)  - enchantment restriction added: minecraft:blast_protection level=4 -> rawId=10
[21:17:05] [Render thread/INFO] (LevelZ)    * skill=magic (id=7) requiredLevel=18
[21:17:05] [Render thread/INFO] (LevelZ)  - enchantment restriction added: minecraft:luck_of_the_sea level=3 -> rawId=61
[21:17:05] [Render thread/INFO] (LevelZ)    * skill=magic (id=7) requiredLevel=18
[21:17:05] [Render thread/INFO] (LevelZ)  - enchantment restriction added: minecraft:riptide level=2 -> rawId=96
[21:17:05] [Render thread/INFO] (LevelZ)    * skill=magic (id=7) requiredLevel=18
[21:17:05] [Render thread/INFO] (LevelZ)  - enchantment restriction added: minecraft:flame level=1 -> rawId=39
[21:17:05] [Render thread/INFO] (LevelZ)    * skill=magic (id=7) requiredLevel=18
[21:17:05] [Render thread/INFO] (LevelZ)  - enchantment restriction added: minecraft:punch level=2 -> rawId=88
[21:17:05] [Render thread/INFO] (LevelZ)    * skill=magic (id=7) requiredLevel=18
[21:17:05] [Render thread/INFO] (LevelZ)  - enchantment restriction added: minecraft:density level=4 -> rawId=19
[21:17:05] [Render thread/INFO] (LevelZ)    * skill=magic (id=7) requiredLevel=18
[21:17:05] [Render thread/INFO] (LevelZ) Processing restriction entry: magic_19 | replace=false
[21:17:05] [Render thread/INFO] (LevelZ)  - skill 'magic' resolved to id=7 with requiredLevel=19
[21:17:05] [Render thread/INFO] (LevelZ) Restriction magic_19 accepted with 1 skill requirement(s).
[21:17:05] [Render thread/INFO] (LevelZ)  - enchantment restriction added: minecraft:fire_aspect level=2 -> rawId=34
[21:17:05] [Render thread/INFO] (LevelZ)    * skill=magic (id=7) requiredLevel=19
[21:17:05] [Render thread/INFO] (LevelZ)  - enchantment restriction added: minecraft:bane_of_arthropods level=5 -> rawId=5
[21:17:05] [Render thread/INFO] (LevelZ)    * skill=magic (id=7) requiredLevel=19
[21:17:05] [Render thread/INFO] (LevelZ)  - enchantment restriction added: minecraft:smite level=5 -> rawId=108
[21:17:05] [Render thread/INFO] (LevelZ)    * skill=magic (id=7) requiredLevel=19
[21:17:05] [Render thread/INFO] (LevelZ)  - enchantment restriction added: minecraft:thorns level=3 -> rawId=120
[21:17:05] [Render thread/INFO] (LevelZ)    * skill=magic (id=7) requiredLevel=19
[21:17:05] [Render thread/INFO] (LevelZ)  - enchantment restriction added: minecraft:impaling level=5 -> rawId=49
[21:17:05] [Render thread/INFO] (LevelZ)    * skill=magic (id=7) requiredLevel=19
[21:17:05] [Render thread/INFO] (LevelZ)  - enchantment restriction added: minecraft:piercing level=4 -> rawId=73
[21:17:05] [Render thread/INFO] (LevelZ)    * skill=magic (id=7) requiredLevel=19
[21:17:05] [Render thread/INFO] (LevelZ)  - enchantment restriction added: minecraft:breach level=4 -> rawId=14
[21:17:05] [Render thread/INFO] (LevelZ)    * skill=magic (id=7) requiredLevel=19
[21:17:05] [Render thread/INFO] (LevelZ) Processing restriction entry: magic_20 | replace=false
[21:17:05] [Render thread/INFO] (LevelZ)  - skill 'magic' resolved to id=7 with requiredLevel=20
[21:17:05] [Render thread/INFO] (LevelZ) Restriction magic_20 accepted with 1 skill requirement(s).
[21:17:05] [Render thread/INFO] (LevelZ)  - enchantment restriction added: minecraft:mending level=1 -> rawId=68
[21:17:05] [Render thread/INFO] (LevelZ)    * skill=magic (id=7) requiredLevel=20
[21:17:05] [Render thread/INFO] (LevelZ)  - enchantment restriction added: minecraft:fortune level=3 -> rawId=42
[21:17:05] [Render thread/INFO] (LevelZ)    * skill=magic (id=7) requiredLevel=20
[21:17:05] [Render thread/INFO] (LevelZ)  - enchantment restriction added: minecraft:looting level=3 -> rawId=55
[21:17:05] [Render thread/INFO] (LevelZ)    * skill=magic (id=7) requiredLevel=20
[21:17:05] [Render thread/INFO] (LevelZ)  - enchantment restriction added: minecraft:sharpness level=5 -> rawId=102
[21:17:05] [Render thread/INFO] (LevelZ)    * skill=magic (id=7) requiredLevel=20
[21:17:05] [Render thread/INFO] (LevelZ)  - enchantment restriction added: minecraft:efficiency level=5 -> rawId=28
[21:17:05] [Render thread/INFO] (LevelZ)    * skill=magic (id=7) requiredLevel=20
[21:17:05] [Render thread/INFO] (LevelZ)  - enchantment restriction added: minecraft:feather_falling level=4 -> rawId=32
[21:17:05] [Render thread/INFO] (LevelZ)    * skill=magic (id=7) requiredLevel=20
[21:17:05] [Render thread/INFO] (LevelZ)  - enchantment restriction added: minecraft:protection level=4 -> rawId=86
[21:17:05] [Render thread/INFO] (LevelZ)    * skill=magic (id=7) requiredLevel=20
[21:17:05] [Render thread/INFO] (LevelZ)  - enchantment restriction added: minecraft:loyalty level=3 -> rawId=58
[21:17:05] [Render thread/INFO] (LevelZ)    * skill=magic (id=7) requiredLevel=20
[21:17:05] [Render thread/INFO] (LevelZ)  - enchantment restriction added: minecraft:riptide level=3 -> rawId=97
[21:17:05] [Render thread/INFO] (LevelZ)    * skill=magic (id=7) requiredLevel=20
[21:17:05] [Render thread/INFO] (LevelZ)  - enchantment restriction added: minecraft:quick_charge level=3 -> rawId=91
[21:17:05] [Render thread/INFO] (LevelZ)    * skill=magic (id=7) requiredLevel=20
[21:17:05] [Render thread/INFO] (LevelZ)  - enchantment restriction added: minecraft:infinity level=1 -> rawId=50
[21:17:05] [Render thread/INFO] (LevelZ)    * skill=magic (id=7) requiredLevel=20
[21:17:05] [Render thread/INFO] (LevelZ)  - enchantment restriction added: minecraft:power level=5 -> rawId=78
[21:17:05] [Render thread/INFO] (LevelZ)    * skill=magic (id=7) requiredLevel=20
[21:17:05] [Render thread/INFO] (LevelZ)  - enchantment restriction added: minecraft:wind_burst level=3 -> rawId=127
[21:17:05] [Render thread/INFO] (LevelZ)    * skill=magic (id=7) requiredLevel=20
[21:17:05] [Render thread/INFO] (LevelZ)  - enchantment restriction added: minecraft:density level=5 -> rawId=20
[21:17:05] [Render thread/INFO] (LevelZ)    * skill=magic (id=7) requiredLevel=20
[21:17:05] [Render thread/INFO] (LevelZ)  - enchantment restriction added: minecraft:lunge level=3 -> rawId=64
[21:17:05] [Render thread/INFO] (LevelZ)    * skill=magic (id=7) requiredLevel=20
[21:17:05] [Render thread/INFO] (LevelZ) Processing restriction entry: alchemy_3 | replace=false
[21:17:05] [Render thread/INFO] (LevelZ)  - skill 'alchemy' resolved to id=6 with requiredLevel=3
[21:17:05] [Render thread/INFO] (LevelZ) Restriction alchemy_3 accepted with 1 skill requirement(s).
[21:17:05] [Render thread/INFO] (LevelZ)  - block restriction added: minecraft:brewing_stand -> rawId=385
[21:17:05] [Render thread/INFO] (LevelZ)  - crafting restriction added: minecraft:blaze_powder -> rawId=1124
[21:17:05] [Render thread/INFO] (LevelZ)  - item restriction added: minecraft:nether_wart -> rawId=1119
[21:17:05] [Render thread/INFO] (LevelZ)  - [SUCCESS] potion restriction added: minecraft:healing -> rawId=24
[21:17:05] [Render thread/INFO] (LevelZ)  - [SUCCESS] potion restriction added: minecraft:water -> rawId=0
[21:17:05] [Render thread/INFO] (LevelZ)  - [SUCCESS] potion restriction added: minecraft:mundane -> rawId=1
[21:17:05] [Render thread/INFO] (LevelZ) Processing restriction entry: alchemy_5 | replace=false
[21:17:05] [Render thread/INFO] (LevelZ)  - skill 'alchemy' resolved to id=6 with requiredLevel=5
[21:17:05] [Render thread/INFO] (LevelZ) Restriction alchemy_5 accepted with 1 skill requirement(s).
[21:17:05] [Render thread/INFO] (LevelZ)  - [SUCCESS] potion restriction added: minecraft:strength -> rawId=34
[21:17:05] [Render thread/INFO] (LevelZ)  - [SUCCESS] potion restriction added: minecraft:swiftness -> rawId=13
[21:17:05] [Render thread/INFO] (LevelZ)  - [SUCCESS] potion restriction added: minecraft:slowness -> rawId=16
[21:17:05] [Render thread/INFO] (LevelZ)  - [SUCCESS] potion restriction added: minecraft:water_breathing -> rawId=22
[21:17:05] [Render thread/INFO] (LevelZ) Processing restriction entry: alchemy_7 | replace=false
[21:17:05] [Render thread/INFO] (LevelZ)  - skill 'alchemy' resolved to id=6 with requiredLevel=7
[21:17:05] [Render thread/INFO] (LevelZ) Restriction alchemy_7 accepted with 1 skill requirement(s).
[21:17:05] [Render thread/INFO] (LevelZ)  - [SUCCESS] potion restriction added: minecraft:night_vision -> rawId=4
[21:17:05] [Render thread/INFO] (LevelZ)  - [SUCCESS] potion restriction added: minecraft:invisibility -> rawId=6
[21:17:05] [Render thread/INFO] (LevelZ)  - [SUCCESS] potion restriction added: minecraft:leaping -> rawId=8
[21:17:05] [Render thread/INFO] (LevelZ)  - [SUCCESS] potion restriction added: minecraft:fire_resistance -> rawId=11
[21:17:05] [Render thread/INFO] (LevelZ) Processing restriction entry: alchemy_10 | replace=false
[21:17:05] [Render thread/INFO] (LevelZ)  - skill 'alchemy' resolved to id=6 with requiredLevel=10
[21:17:05] [Render thread/INFO] (LevelZ) Restriction alchemy_10 accepted with 1 skill requirement(s).
[21:17:05] [Render thread/INFO] (LevelZ)  - [SUCCESS] potion restriction added: minecraft:harming -> rawId=26
[21:17:05] [Render thread/INFO] (LevelZ)  - [SUCCESS] potion restriction added: minecraft:poison -> rawId=28
[21:17:05] [Render thread/INFO] (LevelZ)  - [SUCCESS] potion restriction added: minecraft:regeneration -> rawId=31
[21:17:05] [Render thread/INFO] (LevelZ)  - [SUCCESS] potion restriction added: minecraft:weakness -> rawId=37
[21:17:05] [Render thread/INFO] (LevelZ)  - [SUCCESS] potion restriction added: minecraft:luck -> rawId=39
[21:17:05] [Render thread/INFO] (LevelZ) Processing restriction entry: alchemy_12 | replace=false
[21:17:05] [Render thread/INFO] (LevelZ)  - skill 'alchemy' resolved to id=6 with requiredLevel=12
[21:17:05] [Render thread/INFO] (LevelZ) Restriction alchemy_12 accepted with 1 skill requirement(s).
[21:17:05] [Render thread/INFO] (LevelZ)  - [SUCCESS] potion restriction added: minecraft:turtle_master -> rawId=19
[21:17:05] [Render thread/INFO] (LevelZ)  - [SUCCESS] potion restriction added: minecraft:slow_falling -> rawId=40
[21:17:05] [Render thread/INFO] (LevelZ)  - [SUCCESS] potion restriction added: minecraft:infested -> rawId=45
[21:17:05] [Render thread/INFO] (LevelZ)  - [SUCCESS] potion restriction added: minecraft:oozing -> rawId=44
[21:17:05] [Render thread/INFO] (LevelZ)  - [SUCCESS] potion restriction added: minecraft:weaving -> rawId=43
[21:17:05] [Render thread/INFO] (LevelZ)  - [SUCCESS] potion restriction added: minecraft:wind_charged -> rawId=42
[21:17:05] [Render thread/INFO] (LevelZ)  - [SUCCESS] potion restriction added: minecraft:thick -> rawId=2
[21:17:05] [Render thread/INFO] (LevelZ)  - [SUCCESS] potion restriction added: minecraft:awkward -> rawId=3
[21:17:05] [Render thread/INFO] (LevelZ) Processing restriction entry: alchemy_16 | replace=false
[21:17:05] [Render thread/INFO] (LevelZ)  - skill 'alchemy' resolved to id=6 with requiredLevel=16
[21:17:05] [Render thread/INFO] (LevelZ) Restriction alchemy_16 accepted with 1 skill requirement(s).
[21:17:05] [Render thread/INFO] (LevelZ)  - [SUCCESS] potion restriction added: minecraft:long_night_vision -> rawId=5
[21:17:05] [Render thread/INFO] (LevelZ)  - [SUCCESS] potion restriction added: minecraft:long_invisibility -> rawId=7
[21:17:05] [Render thread/INFO] (LevelZ)  - [SUCCESS] potion restriction added: minecraft:long_leaping -> rawId=9
[21:17:05] [Render thread/INFO] (LevelZ)  - [SUCCESS] potion restriction added: minecraft:long_fire_resistance -> rawId=12
[21:17:05] [Render thread/INFO] (LevelZ)  - [SUCCESS] potion restriction added: minecraft:long_swiftness -> rawId=14
[21:17:05] [Render thread/INFO] (LevelZ)  - [SUCCESS] potion restriction added: minecraft:long_slowness -> rawId=17
[21:17:05] [Render thread/INFO] (LevelZ)  - [SUCCESS] potion restriction added: minecraft:long_water_breathing -> rawId=23
[21:17:05] [Render thread/INFO] (LevelZ)  - [SUCCESS] potion restriction added: minecraft:long_poison -> rawId=29
[21:17:05] [Render thread/INFO] (LevelZ) Processing restriction entry: alchemy_18 | replace=false
[21:17:05] [Render thread/INFO] (LevelZ)  - skill 'alchemy' resolved to id=6 with requiredLevel=18
[21:17:05] [Render thread/INFO] (LevelZ) Restriction alchemy_18 accepted with 1 skill requirement(s).
[21:17:05] [Render thread/INFO] (LevelZ)  - [SUCCESS] potion restriction added: minecraft:long_regeneration -> rawId=32
[21:17:05] [Render thread/INFO] (LevelZ)  - [SUCCESS] potion restriction added: minecraft:long_strength -> rawId=35
[21:17:05] [Render thread/INFO] (LevelZ)  - [SUCCESS] potion restriction added: minecraft:long_weakness -> rawId=38
[21:17:05] [Render thread/INFO] (LevelZ)  - [SUCCESS] potion restriction added: minecraft:long_turtle_master -> rawId=20
[21:17:05] [Render thread/INFO] (LevelZ)  - [SUCCESS] potion restriction added: minecraft:long_slow_falling -> rawId=41
[21:17:05] [Render thread/INFO] (LevelZ) Processing restriction entry: alchemy_22 | replace=false
[21:17:05] [Render thread/INFO] (LevelZ)  - skill 'alchemy' resolved to id=6 with requiredLevel=22
[21:17:05] [Render thread/INFO] (LevelZ) Restriction alchemy_22 accepted with 1 skill requirement(s).
[21:17:05] [Render thread/INFO] (LevelZ)  - [SUCCESS] potion restriction added: minecraft:strong_leaping -> rawId=10
[21:17:05] [Render thread/INFO] (LevelZ)  - [SUCCESS] potion restriction added: minecraft:strong_swiftness -> rawId=15
[21:17:05] [Render thread/INFO] (LevelZ)  - [SUCCESS] potion restriction added: minecraft:strong_slowness -> rawId=18
[21:17:05] [Render thread/INFO] (LevelZ)  - [SUCCESS] potion restriction added: minecraft:strong_healing -> rawId=25
[21:17:05] [Render thread/INFO] (LevelZ)  - [SUCCESS] potion restriction added: minecraft:strong_harming -> rawId=27
[21:17:05] [Render thread/INFO] (LevelZ)  - [SUCCESS] potion restriction added: minecraft:strong_poison -> rawId=30
[21:17:05] [Render thread/INFO] (LevelZ)  - [SUCCESS] potion restriction added: minecraft:strong_regeneration -> rawId=33
[21:17:05] [Render thread/INFO] (LevelZ)  - [SUCCESS] potion restriction added: minecraft:strong_strength -> rawId=36
[21:17:05] [Render thread/INFO] (LevelZ)  - [SUCCESS] potion restriction added: minecraft:strong_turtle_master -> rawId=21
[21:17:05] [Render thread/INFO] (LevelZ) Processing restriction entry: mining_1 | replace=false
[21:17:05] [Render thread/INFO] (LevelZ)  - skill 'mining' resolved to id=8 with requiredLevel=1
[21:17:05] [Render thread/INFO] (LevelZ) Restriction mining_1 accepted with 1 skill requirement(s).
[21:17:05] [Render thread/INFO] (LevelZ)  - item restriction added: minecraft:wooden_pickaxe -> rawId=913
[21:17:05] [Render thread/INFO] (LevelZ)  - mining restriction added: minecraft:gravel -> rawId=40
[21:17:05] [Render thread/INFO] (LevelZ)  - mining restriction added: minecraft:suspicious_gravel -> rawId=41
[21:17:05] [Render thread/INFO] (LevelZ)  - mining restriction added: minecraft:packed_mud -> rawId=329
[21:17:05] [Render thread/INFO] (LevelZ)  - mining restriction added: minecraft:mud_bricks -> rawId=330
[21:17:05] [Render thread/INFO] (LevelZ)  - mining restriction added: minecraft:mud_brick_stairs -> rawId=371
[21:17:05] [Render thread/INFO] (LevelZ)  - mining restriction added: minecraft:mud_brick_slab -> rawId=616
[21:17:05] [Render thread/INFO] (LevelZ)  - mining restriction added: minecraft:mud_brick_wall -> rawId=828
[21:17:05] [Render thread/INFO] (LevelZ)  - mining restriction added: minecraft:mud -> rawId=1120
[21:17:05] [Render thread/INFO] (LevelZ)  - mining restriction added: minecraft:clay -> rawId=280
[21:17:05] [Render thread/INFO] (LevelZ) Processing restriction entry: mining_2 | replace=false
[21:17:05] [Render thread/INFO] (LevelZ)  - skill 'mining' resolved to id=8 with requiredLevel=2
[21:17:05] [Render thread/INFO] (LevelZ) Restriction mining_2 accepted with 1 skill requirement(s).
[21:17:05] [Render thread/INFO] (LevelZ)  - mining restriction added: minecraft:bone_block -> rawId=672
[21:17:05] [Render thread/INFO] (LevelZ)  - mining restriction added: minecraft:sandstone -> rawId=106
[21:17:05] [Render thread/INFO] (LevelZ)  - mining restriction added: minecraft:sandstone_stairs -> rawId=396
[21:17:05] [Render thread/INFO] (LevelZ)  - mining restriction added: minecraft:sandstone_slab -> rawId=610
[21:17:05] [Render thread/INFO] (LevelZ)  - mining restriction added: minecraft:sandstone_wall -> rawId=832
[21:17:05] [Render thread/INFO] (LevelZ)  - mining restriction added: minecraft:chiseled_sandstone -> rawId=107
[21:17:05] [Render thread/INFO] (LevelZ)  - mining restriction added: minecraft:smooth_sandstone -> rawId=623
[21:17:05] [Render thread/INFO] (LevelZ)  - mining restriction added: minecraft:smooth_sandstone_stairs -> rawId=802
[21:17:05] [Render thread/INFO] (LevelZ)  - mining restriction added: minecraft:smooth_sandstone_slab -> rawId=815
[21:17:05] [Render thread/INFO] (LevelZ)  - mining restriction added: minecraft:cut_sandstone -> rawId=108
[21:17:05] [Render thread/INFO] (LevelZ)  - mining restriction added: minecraft:cut_sandstone_slab -> rawId=611
[21:17:05] [Render thread/INFO] (LevelZ)  - mining restriction added: minecraft:red_sandstone -> rawId=593
[21:17:05] [Render thread/INFO] (LevelZ)  - mining restriction added: minecraft:red_sandstone_stairs -> rawId=596
[21:17:05] [Render thread/INFO] (LevelZ)  - mining restriction added: minecraft:red_sandstone_slab -> rawId=619
[21:17:05] [Render thread/INFO] (LevelZ)  - mining restriction added: minecraft:red_sandstone_wall -> rawId=824
[21:17:05] [Render thread/INFO] (LevelZ)  - mining restriction added: minecraft:chiseled_red_sandstone -> rawId=594
[21:17:05] [Render thread/INFO] (LevelZ)  - mining restriction added: minecraft:smooth_red_sandstone -> rawId=625
[21:17:05] [Render thread/INFO] (LevelZ)  - mining restriction added: minecraft:smooth_red_sandstone_stairs -> rawId=796
[21:17:05] [Render thread/INFO] (LevelZ)  - mining restriction added: minecraft:smooth_red_sandstone_slab -> rawId=810
[21:17:05] [Render thread/INFO] (LevelZ)  - mining restriction added: minecraft:cut_red_sandstone -> rawId=595
[21:17:05] [Render thread/INFO] (LevelZ)  - mining restriction added: minecraft:cut_red_sandstone_slab -> rawId=620
[21:17:05] [Render thread/INFO] (LevelZ)  - mining restriction added: minecraft:bricks -> rawId=175
[21:17:05] [Render thread/INFO] (LevelZ)  - mining restriction added: minecraft:brick_stairs -> rawId=369
[21:17:05] [Render thread/INFO] (LevelZ)  - mining restriction added: minecraft:brick_slab -> rawId=614
[21:17:05] [Render thread/INFO] (LevelZ)  - mining restriction added: minecraft:brick_wall -> rawId=822
[21:17:05] [Render thread/INFO] (LevelZ) Processing restriction entry: mining_3 | replace=false
[21:17:05] [Render thread/INFO] (LevelZ)  - skill 'mining' resolved to id=8 with requiredLevel=3
[21:17:05] [Render thread/INFO] (LevelZ) Restriction mining_3 accepted with 1 skill requirement(s).
[21:17:05] [Render thread/INFO] (LevelZ)  - item restriction added: minecraft:stone_pickaxe -> rawId=923
[21:17:05] [Render thread/INFO] (LevelZ)  - mining restriction added: minecraft:stone -> rawId=1
[21:17:05] [Render thread/INFO] (LevelZ)  - mining restriction added: minecraft:stone_stairs -> rawId=801
[21:17:05] [Render thread/INFO] (LevelZ)  - mining restriction added: minecraft:stone_slab -> rawId=608
[21:17:05] [Render thread/INFO] (LevelZ)  - mining restriction added: minecraft:stone_pressure_plate -> rawId=258
[21:17:05] [Render thread/INFO] (LevelZ)  - mining restriction added: minecraft:stone_button -> rawId=274
[21:17:05] [Render thread/INFO] (LevelZ)  - mining restriction added: minecraft:cobblestone -> rawId=12
[21:17:05] [Render thread/INFO] (LevelZ)  - mining restriction added: minecraft:cobblestone_stairs -> rawId=222
[21:17:05] [Render thread/INFO] (LevelZ)  - mining restriction added: minecraft:cobblestone_slab -> rawId=613
[21:17:05] [Render thread/INFO] (LevelZ)  - mining restriction added: minecraft:cobblestone_wall -> rawId=408
[21:17:05] [Render thread/INFO] (LevelZ)  - mining restriction added: minecraft:mossy_cobblestone -> rawId=191
[21:17:05] [Render thread/INFO] (LevelZ)  - mining restriction added: minecraft:mossy_cobblestone_stairs -> rawId=799
[21:17:05] [Render thread/INFO] (LevelZ)  - mining restriction added: minecraft:mossy_cobblestone_slab -> rawId=813
[21:17:05] [Render thread/INFO] (LevelZ)  - mining restriction added: minecraft:mossy_cobblestone_wall -> rawId=409
[21:17:05] [Render thread/INFO] (LevelZ)  - mining restriction added: minecraft:smooth_stone -> rawId=622
[21:17:05] [Render thread/INFO] (LevelZ)  - mining restriction added: minecraft:smooth_stone_slab -> rawId=609
[21:17:05] [Render thread/INFO] (LevelZ)  - mining restriction added: minecraft:stone_bricks -> rawId=325
[21:17:05] [Render thread/INFO] (LevelZ)  - mining restriction added: minecraft:cracked_stone_bricks -> rawId=327
[21:17:05] [Render thread/INFO] (LevelZ)  - mining restriction added: minecraft:stone_brick_stairs -> rawId=370
[21:17:05] [Render thread/INFO] (LevelZ)  - mining restriction added: minecraft:stone_brick_slab -> rawId=615
[21:17:05] [Render thread/INFO] (LevelZ)  - mining restriction added: minecraft:stone_brick_wall -> rawId=827
[21:17:05] [Render thread/INFO] (LevelZ)  - mining restriction added: minecraft:chiseled_stone_bricks -> rawId=328
[21:17:05] [Render thread/INFO] (LevelZ)  - mining restriction added: minecraft:mossy_stone_bricks -> rawId=326
[21:17:05] [Render thread/INFO] (LevelZ)  - mining restriction added: minecraft:mossy_stone_brick_stairs -> rawId=797
[21:17:05] [Render thread/INFO] (LevelZ)  - mining restriction added: minecraft:mossy_stone_brick_slab -> rawId=811
[21:17:05] [Render thread/INFO] (LevelZ)  - mining restriction added: minecraft:mossy_stone_brick_wall -> rawId=825
[21:17:05] [Render thread/INFO] (LevelZ)  - mining restriction added: minecraft:infested_stone -> rawId=331
[21:17:05] [Render thread/INFO] (LevelZ)  - mining restriction added: minecraft:infested_cobblestone -> rawId=332
[21:17:05] [Render thread/INFO] (LevelZ)  - mining restriction added: minecraft:infested_stone_bricks -> rawId=333
[21:17:05] [Render thread/INFO] (LevelZ)  - mining restriction added: minecraft:infested_mossy_stone_bricks -> rawId=334
[21:17:05] [Render thread/INFO] (LevelZ)  - mining restriction added: minecraft:infested_cracked_stone_bricks -> rawId=335
[21:17:05] [Render thread/INFO] (LevelZ)  - mining restriction added: minecraft:infested_chiseled_stone_bricks -> rawId=336
[21:17:05] [Render thread/INFO] (LevelZ) Processing restriction entry: mining_4 | replace=false
[21:17:05] [Render thread/INFO] (LevelZ)  - skill 'mining' resolved to id=8 with requiredLevel=4
[21:17:05] [Render thread/INFO] (LevelZ) Restriction mining_4 accepted with 1 skill requirement(s).
[21:17:05] [Render thread/INFO] (LevelZ)  - mining restriction added: minecraft:coal_block -> rawId=553
[21:17:05] [Render thread/INFO] (LevelZ)  - mining restriction added: minecraft:coal_ore -> rawId=46
[21:17:05] [Render thread/INFO] (LevelZ)  - mining restriction added: minecraft:terracotta -> rawId=552
[21:17:05] [Render thread/INFO] (LevelZ)  - mining restriction added: minecraft:white_terracotta -> rawId=482
[21:17:05] [Render thread/INFO] (LevelZ)  - mining restriction added: minecraft:light_gray_terracotta -> rawId=490
[21:17:05] [Render thread/INFO] (LevelZ)  - mining restriction added: minecraft:gray_terracotta -> rawId=489
[21:17:05] [Render thread/INFO] (LevelZ)  - mining restriction added: minecraft:black_terracotta -> rawId=497
[21:17:05] [Render thread/INFO] (LevelZ)  - mining restriction added: minecraft:brown_terracotta -> rawId=494
[21:17:05] [Render thread/INFO] (LevelZ)  - mining restriction added: minecraft:red_terracotta -> rawId=496
[21:17:05] [Render thread/INFO] (LevelZ)  - mining restriction added: minecraft:orange_terracotta -> rawId=483
[21:17:05] [Render thread/INFO] (LevelZ)  - mining restriction added: minecraft:yellow_terracotta -> rawId=486
[21:17:05] [Render thread/INFO] (LevelZ)  - mining restriction added: minecraft:lime_terracotta -> rawId=487
[21:17:05] [Render thread/INFO] (LevelZ)  - mining restriction added: minecraft:green_terracotta -> rawId=495
[21:17:05] [Render thread/INFO] (LevelZ)  - mining restriction added: minecraft:cyan_terracotta -> rawId=491
[21:17:05] [Render thread/INFO] (LevelZ)  - mining restriction added: minecraft:light_blue_terracotta -> rawId=485
[21:17:05] [Render thread/INFO] (LevelZ)  - mining restriction added: minecraft:blue_terracotta -> rawId=493
[21:17:05] [Render thread/INFO] (LevelZ)  - mining restriction added: minecraft:purple_terracotta -> rawId=492
[21:17:05] [Render thread/INFO] (LevelZ)  - mining restriction added: minecraft:magenta_terracotta -> rawId=484
[21:17:05] [Render thread/INFO] (LevelZ)  - mining restriction added: minecraft:pink_terracotta -> rawId=488
[21:17:05] [Render thread/INFO] (LevelZ) Processing restriction entry: mining_5 | replace=false
[21:17:05] [Render thread/INFO] (LevelZ)  - skill 'mining' resolved to id=8 with requiredLevel=5
[21:17:05] [Render thread/INFO] (LevelZ) Restriction mining_5 accepted with 1 skill requirement(s).
[21:17:05] [Render thread/INFO] (LevelZ)  - mining restriction added: minecraft:diorite -> rawId=4
[21:17:05] [Render thread/INFO] (LevelZ)  - mining restriction added: minecraft:diorite_stairs -> rawId=808
[21:17:05] [Render thread/INFO] (LevelZ)  - mining restriction added: minecraft:diorite_slab -> rawId=821
[21:17:05] [Render thread/INFO] (LevelZ)  - mining restriction added: minecraft:diorite_wall -> rawId=834
[21:17:05] [Render thread/INFO] (LevelZ)  - mining restriction added: minecraft:polished_diorite -> rawId=5
[21:17:05] [Render thread/INFO] (LevelZ)  - mining restriction added: minecraft:polished_diorite_stairs -> rawId=798
[21:17:05] [Render thread/INFO] (LevelZ)  - mining restriction added: minecraft:polished_diorite_slab -> rawId=812
[21:17:05] [Render thread/INFO] (LevelZ) Processing restriction entry: mining_6 | replace=false
[21:17:05] [Render thread/INFO] (LevelZ)  - skill 'mining' resolved to id=8 with requiredLevel=6
[21:17:05] [Render thread/INFO] (LevelZ) Restriction mining_6 accepted with 1 skill requirement(s).
[21:17:05] [Render thread/INFO] (LevelZ)  - mining restriction added: minecraft:andesite -> rawId=6
[21:17:05] [Render thread/INFO] (LevelZ)  - mining restriction added: minecraft:andesite_stairs -> rawId=805
[21:17:05] [Render thread/INFO] (LevelZ)  - mining restriction added: minecraft:andesite_slab -> rawId=818
[21:17:05] [Render thread/INFO] (LevelZ)  - mining restriction added: minecraft:andesite_wall -> rawId=830
[21:17:05] [Render thread/INFO] (LevelZ)  - mining restriction added: minecraft:polished_andesite -> rawId=7
[21:17:05] [Render thread/INFO] (LevelZ)  - mining restriction added: minecraft:polished_andesite_stairs -> rawId=807
[21:17:05] [Render thread/INFO] (LevelZ)  - mining restriction added: minecraft:polished_andesite_slab -> rawId=820
[21:17:05] [Render thread/INFO] (LevelZ)  - mining restriction added: minecraft:raw_copper_block -> rawId=1144
[21:17:05] [Render thread/INFO] (LevelZ)  - mining restriction added: minecraft:copper_ore -> rawId=1009
[21:17:05] [Render thread/INFO] (LevelZ)  - mining restriction added: minecraft:copper_block -> rawId=1005
[21:17:05] [Render thread/INFO] (LevelZ)  - mining restriction added: minecraft:chiseled_copper -> rawId=1018
[21:17:05] [Render thread/INFO] (LevelZ)  - mining restriction added: minecraft:copper_grate -> rawId=1063
[21:17:05] [Render thread/INFO] (LevelZ)  - mining restriction added: minecraft:cut_copper -> rawId=1014
[21:17:05] [Render thread/INFO] (LevelZ)  - mining restriction added: minecraft:cut_copper_stairs -> rawId=1026
[21:17:05] [Render thread/INFO] (LevelZ)  - mining restriction added: minecraft:cut_copper_slab -> rawId=1030
[21:17:05] [Render thread/INFO] (LevelZ)  - mining restriction added: minecraft:copper_door -> rawId=1047
[21:17:05] [Render thread/INFO] (LevelZ)  - mining restriction added: minecraft:copper_trapdoor -> rawId=1055
[21:17:05] [Render thread/INFO] (LevelZ)  - mining restriction added: minecraft:copper_bulb -> rawId=1071
[21:17:05] [Render thread/INFO] (LevelZ)  - mining restriction added: minecraft:exposed_copper -> rawId=1006
[21:17:05] [Render thread/INFO] (LevelZ)  - mining restriction added: minecraft:exposed_chiseled_copper -> rawId=1017
[21:17:05] [Render thread/INFO] (LevelZ)  - mining restriction added: minecraft:exposed_copper_grate -> rawId=1064
[21:17:05] [Render thread/INFO] (LevelZ)  - mining restriction added: minecraft:exposed_cut_copper -> rawId=1013
[21:17:05] [Render thread/INFO] (LevelZ)  - mining restriction added: minecraft:exposed_cut_copper_stairs -> rawId=1025
[21:17:05] [Render thread/INFO] (LevelZ)  - mining restriction added: minecraft:exposed_cut_copper_slab -> rawId=1029
[21:17:05] [Render thread/INFO] (LevelZ)  - mining restriction added: minecraft:exposed_copper_door -> rawId=1048
[21:17:05] [Render thread/INFO] (LevelZ)  - mining restriction added: minecraft:exposed_copper_trapdoor -> rawId=1056
[21:17:05] [Render thread/INFO] (LevelZ)  - mining restriction added: minecraft:exposed_copper_bulb -> rawId=1072
[21:17:05] [Render thread/INFO] (LevelZ)  - mining restriction added: minecraft:weathered_copper -> rawId=1007
[21:17:05] [Render thread/INFO] (LevelZ)  - mining restriction added: minecraft:weathered_chiseled_copper -> rawId=1016
[21:17:05] [Render thread/INFO] (LevelZ)  - mining restriction added: minecraft:weathered_copper_grate -> rawId=1065
[21:17:05] [Render thread/INFO] (LevelZ)  - mining restriction added: minecraft:weathered_cut_copper -> rawId=1012
[21:17:05] [Render thread/INFO] (LevelZ)  - mining restriction added: minecraft:weathered_cut_copper_stairs -> rawId=1024
[21:17:05] [Render thread/INFO] (LevelZ)  - mining restriction added: minecraft:weathered_cut_copper_slab -> rawId=1028
[21:17:05] [Render thread/INFO] (LevelZ)  - mining restriction added: minecraft:weathered_copper_door -> rawId=1050
[21:17:05] [Render thread/INFO] (LevelZ)  - mining restriction added: minecraft:weathered_copper_trapdoor -> rawId=1058
[21:17:05] [Render thread/INFO] (LevelZ)  - mining restriction added: minecraft:weathered_copper_bulb -> rawId=1073
[21:17:05] [Render thread/INFO] (LevelZ)  - mining restriction added: minecraft:oxidized_copper -> rawId=1008
[21:17:05] [Render thread/INFO] (LevelZ)  - mining restriction added: minecraft:oxidized_chiseled_copper -> rawId=1015
[21:17:05] [Render thread/INFO] (LevelZ)  - mining restriction added: minecraft:oxidized_copper_grate -> rawId=1066
[21:17:05] [Render thread/INFO] (LevelZ)  - mining restriction added: minecraft:oxidized_cut_copper -> rawId=1011
[21:17:05] [Render thread/INFO] (LevelZ)  - mining restriction added: minecraft:oxidized_cut_copper_stairs -> rawId=1023
[21:17:05] [Render thread/INFO] (LevelZ)  - mining restriction added: minecraft:oxidized_cut_copper_slab -> rawId=1027
[21:17:05] [Render thread/INFO] (LevelZ)  - mining restriction added: minecraft:oxidized_copper_door -> rawId=1049
[21:17:05] [Render thread/INFO] (LevelZ)  - mining restriction added: minecraft:oxidized_copper_trapdoor -> rawId=1057
[21:17:05] [Render thread/INFO] (LevelZ)  - mining restriction added: minecraft:oxidized_copper_bulb -> rawId=1074
[21:17:05] [Render thread/INFO] (LevelZ)  - mining restriction added: minecraft:waxed_copper_block -> rawId=1031
[21:17:05] [Render thread/INFO] (LevelZ)  - mining restriction added: minecraft:waxed_chiseled_copper -> rawId=1022
[21:17:05] [Render thread/INFO] (LevelZ)  - mining restriction added: minecraft:waxed_copper_grate -> rawId=1067
[21:17:05] [Render thread/INFO] (LevelZ)  - mining restriction added: minecraft:waxed_cut_copper -> rawId=1038
[21:17:05] [Render thread/INFO] (LevelZ)  - mining restriction added: minecraft:waxed_cut_copper_stairs -> rawId=1042
[21:17:05] [Render thread/INFO] (LevelZ)  - mining restriction added: minecraft:waxed_cut_copper_slab -> rawId=1046
[21:17:05] [Render thread/INFO] (LevelZ)  - mining restriction added: minecraft:waxed_copper_door -> rawId=1051
[21:17:05] [Render thread/INFO] (LevelZ)  - mining restriction added: minecraft:waxed_copper_trapdoor -> rawId=1059
[21:17:05] [Render thread/INFO] (LevelZ)  - mining restriction added: minecraft:waxed_copper_bulb -> rawId=1075
[21:17:05] [Render thread/INFO] (LevelZ)  - mining restriction added: minecraft:waxed_exposed_copper -> rawId=1033
[21:17:05] [Render thread/INFO] (LevelZ)  - mining restriction added: minecraft:waxed_exposed_chiseled_copper -> rawId=1021
[21:17:05] [Render thread/INFO] (LevelZ)  - mining restriction added: minecraft:waxed_exposed_copper_grate -> rawId=1068
[21:17:05] [Render thread/INFO] (LevelZ)  - mining restriction added: minecraft:waxed_exposed_cut_copper -> rawId=1037
[21:17:05] [Render thread/INFO] (LevelZ)  - mining restriction added: minecraft:waxed_exposed_cut_copper_stairs -> rawId=1041
[21:17:05] [Render thread/INFO] (LevelZ)  - mining restriction added: minecraft:waxed_exposed_cut_copper_slab -> rawId=1045
[21:17:05] [Render thread/INFO] (LevelZ)  - mining restriction added: minecraft:waxed_exposed_copper_door -> rawId=1052
[21:17:05] [Render thread/INFO] (LevelZ)  - mining restriction added: minecraft:waxed_exposed_copper_trapdoor -> rawId=1060
[21:17:05] [Render thread/INFO] (LevelZ)  - mining restriction added: minecraft:waxed_exposed_copper_bulb -> rawId=1076
[21:17:05] [Render thread/INFO] (LevelZ)  - mining restriction added: minecraft:waxed_weathered_copper -> rawId=1032
[21:17:05] [Render thread/INFO] (LevelZ)  - mining restriction added: minecraft:waxed_weathered_chiseled_copper -> rawId=1020
[21:17:05] [Render thread/INFO] (LevelZ)  - mining restriction added: minecraft:waxed_weathered_copper_grate -> rawId=1069
[21:17:05] [Render thread/INFO] (LevelZ)  - mining restriction added: minecraft:waxed_weathered_cut_copper -> rawId=1036
[21:17:05] [Render thread/INFO] (LevelZ)  - mining restriction added: minecraft:waxed_weathered_cut_copper_stairs -> rawId=1040
[21:17:05] [Render thread/INFO] (LevelZ)  - mining restriction added: minecraft:waxed_weathered_cut_copper_slab -> rawId=1044
[21:17:05] [Render thread/INFO] (LevelZ)  - mining restriction added: minecraft:waxed_weathered_copper_door -> rawId=1054
[21:17:05] [Render thread/INFO] (LevelZ)  - mining restriction added: minecraft:waxed_weathered_copper_trapdoor -> rawId=1062
[21:17:05] [Render thread/INFO] (LevelZ)  - mining restriction added: minecraft:waxed_weathered_copper_bulb -> rawId=1077
[21:17:05] [Render thread/INFO] (LevelZ)  - mining restriction added: minecraft:waxed_oxidized_copper -> rawId=1034
[21:17:05] [Render thread/INFO] (LevelZ)  - mining restriction added: minecraft:waxed_oxidized_chiseled_copper -> rawId=1019
[21:17:05] [Render thread/INFO] (LevelZ)  - mining restriction added: minecraft:waxed_oxidized_copper_grate -> rawId=1070
[21:17:05] [Render thread/INFO] (LevelZ)  - mining restriction added: minecraft:waxed_oxidized_cut_copper -> rawId=1035
[21:17:05] [Render thread/INFO] (LevelZ)  - mining restriction added: minecraft:waxed_oxidized_cut_copper_stairs -> rawId=1039
[21:17:05] [Render thread/INFO] (LevelZ)  - mining restriction added: minecraft:waxed_oxidized_cut_copper_slab -> rawId=1043
[21:17:05] [Render thread/INFO] (LevelZ)  - mining restriction added: minecraft:waxed_oxidized_copper_door -> rawId=1053
[21:17:05] [Render thread/INFO] (LevelZ)  - mining restriction added: minecraft:waxed_oxidized_copper_trapdoor -> rawId=1061
[21:17:05] [Render thread/INFO] (LevelZ)  - mining restriction added: minecraft:waxed_oxidized_copper_bulb -> rawId=1078
[21:17:05] [Render thread/INFO] (LevelZ) Processing restriction entry: mining_7 | replace=false
[21:17:05] [Render thread/INFO] (LevelZ)  - skill 'mining' resolved to id=8 with requiredLevel=7
[21:17:05] [Render thread/INFO] (LevelZ) Restriction mining_7 accepted with 1 skill requirement(s).
[21:17:05] [Render thread/INFO] (LevelZ)  - item restriction added: minecraft:golden_pickaxe -> rawId=928
[21:17:05] [Render thread/INFO] (LevelZ)  - mining restriction added: minecraft:calcite -> rawId=996
[21:17:05] [Render thread/INFO] (LevelZ)  - mining restriction added: minecraft:gold_block -> rawId=173
[21:17:05] [Render thread/INFO] (LevelZ)  - mining restriction added: minecraft:raw_gold_block -> rawId=1145
[21:17:05] [Render thread/INFO] (LevelZ)  - mining restriction added: minecraft:gold_ore -> rawId=42
[21:17:05] [Render thread/INFO] (LevelZ)  - mining restriction added: minecraft:light_weighted_pressure_plate -> rawId=469
[21:17:05] [Render thread/INFO] (LevelZ) Processing restriction entry: mining_8 | replace=false
[21:17:05] [Render thread/INFO] (LevelZ)  - skill 'mining' resolved to id=8 with requiredLevel=8
[21:17:05] [Render thread/INFO] (LevelZ) Restriction mining_8 accepted with 1 skill requirement(s).
[21:17:05] [Render thread/INFO] (LevelZ)  - item restriction added: minecraft:iron_pickaxe -> rawId=933
[21:17:05] [Render thread/INFO] (LevelZ)  - mining restriction added: minecraft:tuff -> rawId=982
[21:17:05] [Render thread/INFO] (LevelZ)  - mining restriction added: minecraft:iron_block -> rawId=174
[21:17:05] [Render thread/INFO] (LevelZ)  - mining restriction added: minecraft:raw_iron_block -> rawId=1143
[21:17:05] [Render thread/INFO] (LevelZ)  - mining restriction added: minecraft:iron_ore -> rawId=44
[21:17:05] [Render thread/INFO] (LevelZ)  - mining restriction added: minecraft:iron_bars -> rawId=340
[21:17:05] [Render thread/INFO] (LevelZ)  - mining restriction added: minecraft:iron_door -> rawId=259
[21:17:05] [Render thread/INFO] (LevelZ)  - mining restriction added: minecraft:iron_trapdoor -> rawId=524
[21:17:05] [Render thread/INFO] (LevelZ)  - mining restriction added: minecraft:heavy_weighted_pressure_plate -> rawId=470
[21:17:05] [Render thread/WARN] (LevelZ) Restriction mining_8 contains an unrecognized mining id called minecraft:chain
[21:17:05] [Render thread/INFO] (LevelZ) Processing restriction entry: mining_9 | replace=false
[21:17:05] [Render thread/INFO] (LevelZ)  - skill 'mining' resolved to id=8 with requiredLevel=9
[21:17:05] [Render thread/INFO] (LevelZ) Restriction mining_9 accepted with 1 skill requirement(s).
[21:17:05] [Render thread/INFO] (LevelZ)  - mining restriction added: minecraft:granite -> rawId=2
[21:17:05] [Render thread/INFO] (LevelZ)  - mining restriction added: minecraft:granite_stairs -> rawId=804
[21:17:05] [Render thread/INFO] (LevelZ)  - mining restriction added: minecraft:granite_slab -> rawId=817
[21:17:05] [Render thread/INFO] (LevelZ)  - mining restriction added: minecraft:granite_wall -> rawId=826
[21:17:05] [Render thread/INFO] (LevelZ)  - mining restriction added: minecraft:polished_granite -> rawId=3
[21:17:05] [Render thread/INFO] (LevelZ)  - mining restriction added: minecraft:polished_granite_stairs -> rawId=795
[21:17:05] [Render thread/INFO] (LevelZ)  - mining restriction added: minecraft:polished_granite_slab -> rawId=809
[21:17:05] [Render thread/INFO] (LevelZ) Processing restriction entry: mining_10 | replace=false
[21:17:05] [Render thread/INFO] (LevelZ)  - skill 'mining' resolved to id=8 with requiredLevel=10
[21:17:05] [Render thread/INFO] (LevelZ) Restriction mining_10 accepted with 1 skill requirement(s).
[21:17:05] [Render thread/INFO] (LevelZ)  - mining restriction added: minecraft:dripstone_block -> rawId=1104
[21:17:05] [Render thread/INFO] (LevelZ)  - mining restriction added: minecraft:pointed_dripstone -> rawId=1103
[21:17:05] [Render thread/INFO] (LevelZ)  - mining restriction added: minecraft:lapis_block -> rawId=104
[21:17:05] [Render thread/INFO] (LevelZ)  - mining restriction added: minecraft:lapis_ore -> rawId=102
[21:17:05] [Render thread/INFO] (LevelZ) Processing restriction entry: mining_11 | replace=false
[21:17:05] [Render thread/INFO] (LevelZ)  - skill 'mining' resolved to id=8 with requiredLevel=11
[21:17:05] [Render thread/INFO] (LevelZ) Restriction mining_11 accepted with 1 skill requirement(s).
[21:17:05] [Render thread/INFO] (LevelZ)  - mining restriction added: minecraft:magma_block -> rawId=669
[21:17:05] [Render thread/INFO] (LevelZ)  - mining restriction added: minecraft:sculk -> rawId=1001
[21:17:05] [Render thread/INFO] (LevelZ)  - mining restriction added: minecraft:sculk_vein -> rawId=1002
[21:17:05] [Render thread/INFO] (LevelZ)  - mining restriction added: minecraft:sculk_catalyst -> rawId=1003
[21:17:05] [Render thread/INFO] (LevelZ)  - mining restriction added: minecraft:sculk_shrieker -> rawId=1004
[21:17:05] [Render thread/INFO] (LevelZ)  - mining restriction added: minecraft:sculk_sensor -> rawId=999
[21:17:05] [Render thread/INFO] (LevelZ)  - mining restriction added: minecraft:calibrated_sculk_sensor -> rawId=1000
[21:17:05] [Render thread/INFO] (LevelZ) Processing restriction entry: mining_12 | replace=false
[21:17:05] [Render thread/INFO] (LevelZ)  - skill 'mining' resolved to id=8 with requiredLevel=12
[21:17:05] [Render thread/INFO] (LevelZ) Restriction mining_12 accepted with 1 skill requirement(s).
[21:17:05] [Render thread/INFO] (LevelZ)  - mining restriction added: minecraft:deepslate_coal_ore -> rawId=47
[21:17:05] [Render thread/INFO] (LevelZ)  - mining restriction added: minecraft:deepslate_copper_ore -> rawId=1010
[21:17:05] [Render thread/INFO] (LevelZ)  - mining restriction added: minecraft:deepslate_iron_ore -> rawId=45
[21:17:05] [Render thread/INFO] (LevelZ)  - mining restriction added: minecraft:deepslate_gold_ore -> rawId=43
[21:17:05] [Render thread/INFO] (LevelZ)  - mining restriction added: minecraft:deepslate_lapis_ore -> rawId=103
[21:17:05] [Render thread/INFO] (LevelZ)  - mining restriction added: minecraft:deepslate -> rawId=1121
[21:17:05] [Render thread/INFO] (LevelZ)  - mining restriction added: minecraft:cobbled_deepslate -> rawId=1122
[21:17:05] [Render thread/INFO] (LevelZ)  - mining restriction added: minecraft:cobbled_deepslate_stairs -> rawId=1123
[21:17:05] [Render thread/INFO] (LevelZ)  - mining restriction added: minecraft:cobbled_deepslate_slab -> rawId=1124
[21:17:05] [Render thread/INFO] (LevelZ)  - mining restriction added: minecraft:cobbled_deepslate_wall -> rawId=1125
[21:17:05] [Render thread/INFO] (LevelZ)  - mining restriction added: minecraft:chiseled_deepslate -> rawId=1138
[21:17:05] [Render thread/INFO] (LevelZ)  - mining restriction added: minecraft:polished_deepslate -> rawId=1126
[21:17:05] [Render thread/INFO] (LevelZ)  - mining restriction added: minecraft:polished_deepslate_stairs -> rawId=1127
[21:17:05] [Render thread/INFO] (LevelZ)  - mining restriction added: minecraft:polished_deepslate_slab -> rawId=1128
[21:17:05] [Render thread/INFO] (LevelZ)  - mining restriction added: minecraft:polished_deepslate_wall -> rawId=1129
[21:17:05] [Render thread/INFO] (LevelZ)  - mining restriction added: minecraft:deepslate_bricks -> rawId=1134
[21:17:05] [Render thread/INFO] (LevelZ)  - mining restriction added: minecraft:cracked_deepslate_bricks -> rawId=1139
[21:17:05] [Render thread/INFO] (LevelZ)  - mining restriction added: minecraft:deepslate_brick_stairs -> rawId=1135
[21:17:05] [Render thread/INFO] (LevelZ)  - mining restriction added: minecraft:deepslate_brick_slab -> rawId=1136
[21:17:05] [Render thread/INFO] (LevelZ)  - mining restriction added: minecraft:deepslate_brick_wall -> rawId=1137
[21:17:05] [Render thread/INFO] (LevelZ)  - mining restriction added: minecraft:deepslate_tiles -> rawId=1130
[21:17:05] [Render thread/INFO] (LevelZ)  - mining restriction added: minecraft:cracked_deepslate_tiles -> rawId=1140
[21:17:05] [Render thread/INFO] (LevelZ)  - mining restriction added: minecraft:deepslate_tile_stairs -> rawId=1131
[21:17:05] [Render thread/INFO] (LevelZ)  - mining restriction added: minecraft:deepslate_tile_slab -> rawId=1132
[21:17:05] [Render thread/INFO] (LevelZ)  - mining restriction added: minecraft:deepslate_tile_wall -> rawId=1133
[21:17:05] [Render thread/INFO] (LevelZ)  - mining restriction added: minecraft:infested_deepslate -> rawId=1141
[21:17:05] [Render thread/INFO] (LevelZ) Processing restriction entry: mining_13 | replace=false
[21:17:05] [Render thread/INFO] (LevelZ)  - skill 'mining' resolved to id=8 with requiredLevel=13
[21:17:05] [Render thread/INFO] (LevelZ) Restriction mining_13 accepted with 1 skill requirement(s).
[21:17:05] [Render thread/INFO] (LevelZ)  - mining restriction added: minecraft:redstone_block -> rawId=473
[21:17:05] [Render thread/INFO] (LevelZ)  - mining restriction added: minecraft:redstone_ore -> rawId=270
[21:17:05] [Render thread/INFO] (LevelZ)  - mining restriction added: minecraft:deepslate_redstone_ore -> rawId=271
[21:17:05] [Render thread/INFO] (LevelZ)  - mining restriction added: minecraft:basalt -> rawId=287
[21:17:05] [Render thread/INFO] (LevelZ)  - mining restriction added: minecraft:polished_basalt -> rawId=288
[21:17:05] [Render thread/INFO] (LevelZ)  - mining restriction added: minecraft:polished_basalt -> rawId=288
[21:17:05] [Render thread/INFO] (LevelZ) Processing restriction entry: mining_14 | replace=false
[21:17:05] [Render thread/INFO] (LevelZ)  - skill 'mining' resolved to id=8 with requiredLevel=14
[21:17:05] [Render thread/INFO] (LevelZ) Restriction mining_14 accepted with 1 skill requirement(s).
[21:17:05] [Render thread/INFO] (LevelZ)  - mining restriction added: minecraft:sea_lantern -> rawId=534
[21:17:05] [Render thread/INFO] (LevelZ)  - mining restriction added: minecraft:prismarine -> rawId=525
[21:17:05] [Render thread/INFO] (LevelZ)  - mining restriction added: minecraft:prismarine_stairs -> rawId=528
[21:17:05] [Render thread/INFO] (LevelZ)  - mining restriction added: minecraft:prismarine_slab -> rawId=531
[21:17:05] [Render thread/INFO] (LevelZ)  - mining restriction added: minecraft:prismarine_wall -> rawId=823
[21:17:05] [Render thread/INFO] (LevelZ)  - mining restriction added: minecraft:prismarine_bricks -> rawId=526
[21:17:05] [Render thread/INFO] (LevelZ)  - mining restriction added: minecraft:prismarine_brick_stairs -> rawId=529
[21:17:05] [Render thread/INFO] (LevelZ)  - mining restriction added: minecraft:prismarine_brick_slab -> rawId=532
[21:17:05] [Render thread/INFO] (LevelZ)  - mining restriction added: minecraft:dark_prismarine -> rawId=527
[21:17:05] [Render thread/INFO] (LevelZ)  - mining restriction added: minecraft:dark_prismarine_stairs -> rawId=530
[21:17:05] [Render thread/INFO] (LevelZ)  - mining restriction added: minecraft:dark_prismarine_slab -> rawId=533
[21:17:05] [Render thread/INFO] (LevelZ) Processing restriction entry: mining_15 | replace=false
[21:17:05] [Render thread/INFO] (LevelZ)  - skill 'mining' resolved to id=8 with requiredLevel=15
[21:17:05] [Render thread/INFO] (LevelZ) Restriction mining_15 accepted with 1 skill requirement(s).
[21:17:05] [Render thread/INFO] (LevelZ)  - item restriction added: minecraft:diamond_pickaxe -> rawId=938
[21:17:05] [Render thread/INFO] (LevelZ)  - mining restriction added: minecraft:diamond_block -> rawId=204
[21:17:05] [Render thread/INFO] (LevelZ)  - mining restriction added: minecraft:diamond_ore -> rawId=202
[21:17:05] [Render thread/INFO] (LevelZ)  - mining restriction added: minecraft:deepslate_diamond_ore -> rawId=203
[21:17:05] [Render thread/INFO] (LevelZ) Processing restriction entry: mining_16 | replace=false
[21:17:05] [Render thread/INFO] (LevelZ)  - skill 'mining' resolved to id=8 with requiredLevel=16
[21:17:05] [Render thread/INFO] (LevelZ) Restriction mining_16 accepted with 1 skill requirement(s).
[21:17:05] [Render thread/INFO] (LevelZ)  - mining restriction added: minecraft:emerald_block -> rawId=402
[21:17:05] [Render thread/INFO] (LevelZ)  - mining restriction added: minecraft:emerald_ore -> rawId=397
[21:17:05] [Render thread/INFO] (LevelZ)  - mining restriction added: minecraft:deepslate_emerald_ore -> rawId=398
[21:17:05] [Render thread/INFO] (LevelZ)  - mining restriction added: minecraft:blackstone -> rawId=922
[21:17:05] [Render thread/INFO] (LevelZ)  - mining restriction added: minecraft:gilded_blackstone -> rawId=933
[21:17:05] [Render thread/INFO] (LevelZ)  - mining restriction added: minecraft:blackstone_stairs -> rawId=923
[21:17:05] [Render thread/INFO] (LevelZ)  - mining restriction added: minecraft:blackstone_slab -> rawId=925
[21:17:05] [Render thread/INFO] (LevelZ)  - mining restriction added: minecraft:blackstone_wall -> rawId=924
[21:17:05] [Render thread/INFO] (LevelZ)  - mining restriction added: minecraft:chiseled_polished_blackstone -> rawId=929
[21:17:05] [Render thread/INFO] (LevelZ)  - mining restriction added: minecraft:polished_blackstone -> rawId=926
[21:17:05] [Render thread/INFO] (LevelZ)  - mining restriction added: minecraft:polished_blackstone_stairs -> rawId=934
[21:17:05] [Render thread/INFO] (LevelZ)  - mining restriction added: minecraft:polished_blackstone_slab -> rawId=935
[21:17:05] [Render thread/INFO] (LevelZ)  - mining restriction added: minecraft:polished_blackstone_wall -> rawId=938
[21:17:05] [Render thread/INFO] (LevelZ)  - mining restriction added: minecraft:polished_blackstone_pressure_plate -> rawId=936
[21:17:05] [Render thread/INFO] (LevelZ)  - mining restriction added: minecraft:polished_blackstone_button -> rawId=937
[21:17:05] [Render thread/INFO] (LevelZ)  - mining restriction added: minecraft:polished_blackstone_bricks -> rawId=927
[21:17:05] [Render thread/INFO] (LevelZ)  - mining restriction added: minecraft:cracked_polished_blackstone_bricks -> rawId=928
[21:17:05] [Render thread/INFO] (LevelZ)  - mining restriction added: minecraft:polished_blackstone_brick_stairs -> rawId=931
[21:17:05] [Render thread/INFO] (LevelZ)  - mining restriction added: minecraft:polished_blackstone_brick_slab -> rawId=930
[21:17:05] [Render thread/INFO] (LevelZ)  - mining restriction added: minecraft:polished_blackstone_brick_wall -> rawId=932
[21:17:05] [Render thread/INFO] (LevelZ) Processing restriction entry: mining_17 | replace=false
[21:17:05] [Render thread/INFO] (LevelZ)  - skill 'mining' resolved to id=8 with requiredLevel=17
[21:17:05] [Render thread/INFO] (LevelZ) Restriction mining_17 accepted with 1 skill requirement(s).
[21:17:05] [Render thread/INFO] (LevelZ)  - mining restriction added: minecraft:crimson_nylium -> rawId=873
[21:17:05] [Render thread/INFO] (LevelZ)  - mining restriction added: minecraft:warped_nylium -> rawId=864
[21:17:05] [Render thread/INFO] (LevelZ)  - mining restriction added: minecraft:netherrack -> rawId=284
[21:17:05] [Render thread/INFO] (LevelZ)  - mining restriction added: minecraft:nether_bricks -> rawId=380
[21:17:05] [Render thread/INFO] (LevelZ)  - mining restriction added: minecraft:cracked_nether_bricks -> rawId=940
[21:17:05] [Render thread/INFO] (LevelZ)  - mining restriction added: minecraft:nether_brick_stairs -> rawId=382
[21:17:05] [Render thread/INFO] (LevelZ)  - mining restriction added: minecraft:nether_brick_slab -> rawId=617
[21:17:05] [Render thread/INFO] (LevelZ)  - mining restriction added: minecraft:nether_brick_wall -> rawId=829
[21:17:05] [Render thread/INFO] (LevelZ)  - mining restriction added: minecraft:nether_brick_fence -> rawId=381
[21:17:05] [Render thread/INFO] (LevelZ)  - mining restriction added: minecraft:chiseled_nether_bricks -> rawId=939
[21:17:05] [Render thread/INFO] (LevelZ)  - mining restriction added: minecraft:red_nether_bricks -> rawId=671
[21:17:05] [Render thread/INFO] (LevelZ)  - mining restriction added: minecraft:red_nether_brick_stairs -> rawId=806
[21:17:05] [Render thread/INFO] (LevelZ)  - mining restriction added: minecraft:red_nether_brick_slab -> rawId=819
[21:17:05] [Render thread/INFO] (LevelZ)  - mining restriction added: minecraft:red_nether_brick_wall -> rawId=831
[21:17:05] [Render thread/INFO] (LevelZ)  - mining restriction added: minecraft:nether_gold_ore -> rawId=48
[21:17:05] [Render thread/INFO] (LevelZ)  - mining restriction added: minecraft:glowstone -> rawId=293
[21:17:05] [Render thread/INFO] (LevelZ) Processing restriction entry: mining_18 | replace=false
[21:17:05] [Render thread/INFO] (LevelZ)  - skill 'mining' resolved to id=8 with requiredLevel=18
[21:17:05] [Render thread/INFO] (LevelZ) Restriction mining_18 accepted with 1 skill requirement(s).
[21:17:05] [Render thread/INFO] (LevelZ)  - mining restriction added: minecraft:nether_quartz_ore -> rawId=474
[21:17:05] [Render thread/INFO] (LevelZ)  - mining restriction added: minecraft:quartz_block -> rawId=476
[21:17:05] [Render thread/INFO] (LevelZ)  - mining restriction added: minecraft:quartz_stairs -> rawId=479
[21:17:05] [Render thread/INFO] (LevelZ)  - mining restriction added: minecraft:quartz_slab -> rawId=618
[21:17:05] [Render thread/INFO] (LevelZ)  - mining restriction added: minecraft:chiseled_quartz_block -> rawId=477
[21:17:05] [Render thread/INFO] (LevelZ)  - mining restriction added: minecraft:quartz_bricks -> rawId=941
[21:17:05] [Render thread/INFO] (LevelZ)  - mining restriction added: minecraft:quartz_pillar -> rawId=478
[21:17:05] [Render thread/INFO] (LevelZ)  - mining restriction added: minecraft:smooth_quartz -> rawId=624
[21:17:05] [Render thread/INFO] (LevelZ)  - mining restriction added: minecraft:smooth_quartz_stairs -> rawId=803
[21:17:05] [Render thread/INFO] (LevelZ)  - mining restriction added: minecraft:smooth_quartz_slab -> rawId=816
[21:17:05] [Render thread/INFO] (LevelZ)  - mining restriction added: minecraft:amethyst_block -> rawId=976
[21:17:05] [Render thread/INFO] (LevelZ)  - mining restriction added: minecraft:budding_amethyst -> rawId=977
[21:17:05] [Render thread/INFO] (LevelZ)  - mining restriction added: minecraft:small_amethyst_bud -> rawId=981
[21:17:05] [Render thread/INFO] (LevelZ)  - mining restriction added: minecraft:medium_amethyst_bud -> rawId=980
[21:17:05] [Render thread/INFO] (LevelZ)  - mining restriction added: minecraft:large_amethyst_bud -> rawId=979
[21:17:05] [Render thread/INFO] (LevelZ)  - mining restriction added: minecraft:amethyst_cluster -> rawId=978
[21:17:05] [Render thread/INFO] (LevelZ)  - mining restriction added: minecraft:purpur_block -> rawId=656
[21:17:05] [Render thread/INFO] (LevelZ)  - mining restriction added: minecraft:purpur_pillar -> rawId=657
[21:17:05] [Render thread/INFO] (LevelZ)  - mining restriction added: minecraft:purpur_stairs -> rawId=658
[21:17:05] [Render thread/INFO] (LevelZ)  - mining restriction added: minecraft:purpur_slab -> rawId=621
[21:17:05] [Render thread/INFO] (LevelZ) Processing restriction entry: mining_19 | replace=false
[21:17:05] [Render thread/INFO] (LevelZ)  - skill 'mining' resolved to id=8 with requiredLevel=19
[21:17:05] [Render thread/INFO] (LevelZ) Restriction mining_19 accepted with 1 skill requirement(s).
[21:17:05] [Render thread/INFO] (LevelZ)  - mining restriction added: minecraft:obsidian -> rawId=192
[21:17:05] [Render thread/INFO] (LevelZ)  - mining restriction added: minecraft:crying_obsidian -> rawId=915
[21:17:05] [Render thread/INFO] (LevelZ)  - mining restriction added: minecraft:end_stone -> rawId=392
[21:17:05] [Render thread/INFO] (LevelZ)  - mining restriction added: minecraft:end_stone_bricks -> rawId=659
[21:17:05] [Render thread/INFO] (LevelZ)  - mining restriction added: minecraft:end_stone_brick_stairs -> rawId=800
[21:17:05] [Render thread/INFO] (LevelZ)  - mining restriction added: minecraft:end_stone_brick_slab -> rawId=814
[21:17:05] [Render thread/INFO] (LevelZ)  - mining restriction added: minecraft:end_stone_brick_wall -> rawId=833
[21:17:05] [Render thread/INFO] (LevelZ) Processing restriction entry: mining_20 | replace=false
[21:17:05] [Render thread/INFO] (LevelZ)  - skill 'mining' resolved to id=8 with requiredLevel=20
[21:17:05] [Render thread/INFO] (LevelZ) Restriction mining_20 accepted with 1 skill requirement(s).
[21:17:05] [Render thread/INFO] (LevelZ)  - item restriction added: minecraft:netherite_pickaxe -> rawId=943
[21:17:05] [Render thread/INFO] (LevelZ)  - mining restriction added: minecraft:ancient_debris -> rawId=914
[21:17:05] [Render thread/INFO] (LevelZ)  - mining restriction added: minecraft:netherite_block -> rawId=913
[21:17:05] [Render thread/INFO] (LevelZ)  - mining restriction added: minecraft:bedrock -> rawId=34
[21:17:05] [Render thread/INFO] (LevelZ) Processing restriction entry: smithing_1 | replace=false
[21:17:05] [Render thread/INFO] (LevelZ)  - skill 'smithing' resolved to id=9 with requiredLevel=1
[21:17:05] [Render thread/INFO] (LevelZ) Restriction smithing_1 accepted with 1 skill requirement(s).
[21:17:05] [Render thread/INFO] (LevelZ)  - block restriction added: minecraft:furnace -> rawId=208
[21:17:05] [Render thread/INFO] (LevelZ) Processing restriction entry: smithing_3 | replace=false
[21:17:05] [Render thread/INFO] (LevelZ)  - skill 'smithing' resolved to id=9 with requiredLevel=3
[21:17:05] [Render thread/INFO] (LevelZ) Restriction smithing_3 accepted with 1 skill requirement(s).
[21:17:05] [Render thread/INFO] (LevelZ)  - block restriction added: minecraft:dispenser -> rawId=105
[21:17:05] [Render thread/INFO] (LevelZ)  - block restriction added: minecraft:dropper -> rawId=481
[21:17:05] [Render thread/INFO] (LevelZ) Processing restriction entry: smithing_5 | replace=false
[21:17:05] [Render thread/INFO] (LevelZ)  - skill 'smithing' resolved to id=9 with requiredLevel=5
[21:17:05] [Render thread/INFO] (LevelZ) Restriction smithing_5 accepted with 1 skill requirement(s).
[21:17:05] [Render thread/INFO] (LevelZ)  - block restriction added: minecraft:anvil -> rawId=465
[21:17:05] [Render thread/INFO] (LevelZ)  - block restriction added: minecraft:chipped_anvil -> rawId=466
[21:17:05] [Render thread/INFO] (LevelZ)  - block restriction added: minecraft:damaged_anvil -> rawId=467
[21:17:05] [Render thread/INFO] (LevelZ) Processing restriction entry: smithing_7 | replace=false
[21:17:05] [Render thread/INFO] (LevelZ)  - skill 'smithing' resolved to id=9 with requiredLevel=7
[21:17:05] [Render thread/INFO] (LevelZ) Restriction smithing_7 accepted with 1 skill requirement(s).
[21:17:05] [Render thread/INFO] (LevelZ)  - block restriction added: minecraft:crafter -> rawId=1154
[21:17:05] [Render thread/INFO] (LevelZ)  - block restriction added: minecraft:hopper -> rawId=475
[21:17:05] [Render thread/INFO] (LevelZ) Processing restriction entry: smithing_8 | replace=false
[21:17:05] [Render thread/INFO] (LevelZ)  - skill 'smithing' resolved to id=9 with requiredLevel=8
[21:17:05] [Render thread/INFO] (LevelZ) Restriction smithing_8 accepted with 1 skill requirement(s).
[21:17:05] [Render thread/INFO] (LevelZ)  - block restriction added: minecraft:grindstone -> rawId=842
[21:17:05] [Render thread/INFO] (LevelZ)  - block restriction added: minecraft:stonecutter -> rawId=845
[21:17:05] [Render thread/INFO] (LevelZ) Processing restriction entry: smithing_10 | replace=false
[21:17:05] [Render thread/INFO] (LevelZ)  - skill 'smithing' resolved to id=9 with requiredLevel=10
[21:17:05] [Render thread/INFO] (LevelZ) Restriction smithing_10 accepted with 1 skill requirement(s).
[21:17:05] [Render thread/INFO] (LevelZ)  - block restriction added: minecraft:blast_furnace -> rawId=839
[21:17:05] [Render thread/INFO] (LevelZ) Processing restriction entry: smithing_15 | replace=false
[21:17:05] [Render thread/INFO] (LevelZ)  - skill 'smithing' resolved to id=9 with requiredLevel=15
[21:17:05] [Render thread/INFO] (LevelZ) Restriction smithing_15 accepted with 1 skill requirement(s).
[21:17:05] [Render thread/INFO] (LevelZ)  - block restriction added: minecraft:smithing_table -> rawId=844
[21:17:05] [Render thread/INFO] (LevelZ)  - crafting restriction added: minecraft:diamond_sword -> rawId=936
[21:17:05] [Render thread/INFO] (LevelZ) Processing restriction entry: smithing_20 | replace=false
[21:17:05] [Render thread/INFO] (LevelZ)  - skill 'smithing' resolved to id=9 with requiredLevel=20
[21:17:05] [Render thread/INFO] (LevelZ) Restriction smithing_20 accepted with 1 skill requirement(s).
[21:17:05] [Render thread/INFO] (LevelZ)  - crafting restriction added: minecraft:netherite_shovel -> rawId=942
[21:17:05] [Render thread/INFO] (LevelZ)  - crafting restriction added: minecraft:netherite_pickaxe -> rawId=943
[21:17:05] [Render thread/INFO] (LevelZ)  - crafting restriction added: minecraft:netherite_axe -> rawId=944
[21:17:05] [Render thread/INFO] (LevelZ)  - crafting restriction added: minecraft:netherite_hoe -> rawId=945
[21:17:05] [Render thread/INFO] (LevelZ)  - crafting restriction added: minecraft:netherite_sword -> rawId=941
[21:17:05] [Render thread/INFO] (LevelZ)  - crafting restriction added: minecraft:netherite_helmet -> rawId=978
[21:17:05] [Render thread/INFO] (LevelZ)  - crafting restriction added: minecraft:netherite_chestplate -> rawId=979
[21:17:05] [Render thread/INFO] (LevelZ)  - crafting restriction added: minecraft:netherite_leggings -> rawId=980
[21:17:05] [Render thread/INFO] (LevelZ)  - crafting restriction added: minecraft:netherite_boots -> rawId=981
[21:17:05] [Render thread/INFO] (LevelZ) Processing restriction entry: farming_1 | replace=false
[21:17:05] [Render thread/INFO] (LevelZ)  - skill 'farming' resolved to id=10 with requiredLevel=1
[21:17:05] [Render thread/INFO] (LevelZ) Restriction farming_1 accepted with 1 skill requirement(s).
[21:17:05] [Render thread/INFO] (LevelZ)  - item restriction added: minecraft:wooden_hoe -> rawId=915
[21:17:05] [Render thread/INFO] (LevelZ)  - item restriction added: minecraft:wooden_axe -> rawId=914
[21:17:05] [Render thread/INFO] (LevelZ) Processing restriction entry: farming_3 | replace=false
[21:17:05] [Render thread/INFO] (LevelZ)  - skill 'farming' resolved to id=10 with requiredLevel=3
[21:17:05] [Render thread/INFO] (LevelZ) Restriction farming_3 accepted with 1 skill requirement(s).
[21:17:05] [Render thread/INFO] (LevelZ)  - block restriction added: minecraft:composter -> rawId=907
[21:17:05] [Render thread/INFO] (LevelZ)  - item restriction added: minecraft:stone_hoe -> rawId=925
[21:17:05] [Render thread/INFO] (LevelZ)  - item restriction added: minecraft:stone_axe -> rawId=924
[21:17:05] [Render thread/INFO] (LevelZ) Processing restriction entry: farming_5 | replace=false
[21:17:05] [Render thread/INFO] (LevelZ)  - skill 'farming' resolved to id=10 with requiredLevel=5
[21:17:05] [Render thread/INFO] (LevelZ) Restriction farming_5 accepted with 1 skill requirement(s).
[21:17:05] [Render thread/INFO] (LevelZ)  - item restriction added: minecraft:fishing_rod -> rawId=1053
[21:17:05] [Render thread/INFO] (LevelZ)  - item restriction added: minecraft:shears -> rawId=1105
[21:17:05] [Render thread/INFO] (LevelZ) Processing restriction entry: farming_7 | replace=false
[21:17:05] [Render thread/INFO] (LevelZ)  - skill 'farming' resolved to id=10 with requiredLevel=7
[21:17:05] [Render thread/INFO] (LevelZ) Restriction farming_7 accepted with 1 skill requirement(s).
[21:17:05] [Render thread/INFO] (LevelZ)  - item restriction added: minecraft:golden_hoe -> rawId=930
[21:17:05] [Render thread/INFO] (LevelZ)  - item restriction added: minecraft:golden_axe -> rawId=929
[21:17:05] [Render thread/INFO] (LevelZ) Processing restriction entry: farming_8 | replace=false
[21:17:05] [Render thread/INFO] (LevelZ)  - skill 'farming' resolved to id=10 with requiredLevel=8
[21:17:05] [Render thread/INFO] (LevelZ) Restriction farming_8 accepted with 1 skill requirement(s).
[21:17:05] [Render thread/INFO] (LevelZ)  - item restriction added: minecraft:iron_hoe -> rawId=935
[21:17:05] [Render thread/INFO] (LevelZ)  - item restriction added: minecraft:iron_axe -> rawId=934
[21:17:05] [Render thread/INFO] (LevelZ)  - item restriction added: minecraft:bucket -> rawId=1012
[21:17:05] [Render thread/INFO] (LevelZ)  - item restriction added: minecraft:water_bucket -> rawId=1013
[21:17:05] [Render thread/INFO] (LevelZ)  - item restriction added: minecraft:cod_bucket -> rawId=1021
[21:17:05] [Render thread/INFO] (LevelZ)  - item restriction added: minecraft:salmon_bucket -> rawId=1020
[21:17:05] [Render thread/INFO] (LevelZ)  - item restriction added: minecraft:tropical_fish_bucket -> rawId=1022
[21:17:05] [Render thread/INFO] (LevelZ)  - item restriction added: minecraft:pufferfish_bucket -> rawId=1019
[21:17:05] [Render thread/INFO] (LevelZ)  - item restriction added: minecraft:axolotl_bucket -> rawId=1023
[21:17:05] [Render thread/INFO] (LevelZ)  - item restriction added: minecraft:tadpole_bucket -> rawId=1024
[21:17:05] [Render thread/INFO] (LevelZ)  - item restriction added: minecraft:lava_bucket -> rawId=1014
[21:17:05] [Render thread/INFO] (LevelZ)  - item restriction added: minecraft:powder_snow_bucket -> rawId=1015
[21:17:05] [Render thread/INFO] (LevelZ) Processing restriction entry: farming_10 | replace=false
[21:17:05] [Render thread/INFO] (LevelZ)  - skill 'farming' resolved to id=10 with requiredLevel=10
[21:17:05] [Render thread/INFO] (LevelZ) Restriction farming_10 accepted with 1 skill requirement(s).
[21:17:05] [Render thread/INFO] (LevelZ)  - block restriction added: minecraft:bee_nest -> rawId=909
[21:17:05] [Render thread/INFO] (LevelZ)  - block restriction added: minecraft:beehive -> rawId=910
[21:17:05] [Render thread/INFO] (LevelZ)  - block restriction added: minecraft:loom -> rawId=836
[21:17:05] [Render thread/INFO] (LevelZ) Processing restriction entry: farming_15 | replace=false
[21:17:05] [Render thread/INFO] (LevelZ)  - skill 'farming' resolved to id=10 with requiredLevel=15
[21:17:05] [Render thread/INFO] (LevelZ) Restriction farming_15 accepted with 1 skill requirement(s).
[21:17:05] [Render thread/INFO] (LevelZ)  - item restriction added: minecraft:diamond_hoe -> rawId=940
[21:17:05] [Render thread/INFO] (LevelZ)  - item restriction added: minecraft:diamond_axe -> rawId=939
[21:17:05] [Render thread/INFO] (LevelZ) Processing restriction entry: farming_20 | replace=false
[21:17:05] [Render thread/INFO] (LevelZ)  - skill 'farming' resolved to id=10 with requiredLevel=20
[21:17:05] [Render thread/INFO] (LevelZ) Restriction farming_20 accepted with 1 skill requirement(s).
[21:17:05] [Render thread/INFO] (LevelZ)  - item restriction added: minecraft:netherite_hoe -> rawId=945
[21:17:05] [Render thread/INFO] (LevelZ)  - item restriction added: minecraft:netherite_axe -> rawId=944
[21:17:05] [Render thread/INFO] (LevelZ) Processing restriction entry: cooking_4 | replace=false
[21:17:05] [Render thread/INFO] (LevelZ)  - skill 'cooking' resolved to id=11 with requiredLevel=4
[21:17:05] [Render thread/INFO] (LevelZ) Restriction cooking_4 accepted with 1 skill requirement(s).
[21:17:05] [Render thread/INFO] (LevelZ)  - item restriction added: minecraft:milk_bucket -> rawId=1018
[21:17:05] [Render thread/INFO] (LevelZ) Processing restriction entry: cooking_8 | replace=false
[21:17:05] [Render thread/INFO] (LevelZ)  - skill 'cooking' resolved to id=11 with requiredLevel=8
[21:17:05] [Render thread/INFO] (LevelZ) Restriction cooking_8 accepted with 1 skill requirement(s).
[21:17:05] [Render thread/INFO] (LevelZ)  - block restriction added: minecraft:smoker -> rawId=838
[21:17:05] [Render thread/INFO] (LevelZ) Processing restriction entry: cooking_10 | replace=false
[21:17:05] [Render thread/INFO] (LevelZ)  - skill 'cooking' resolved to id=11 with requiredLevel=10
[21:17:05] [Render thread/INFO] (LevelZ) Restriction cooking_10 accepted with 1 skill requirement(s).
[21:17:05] [Render thread/INFO] (LevelZ)  - block restriction added: minecraft:cauldron -> rawId=386
[21:17:05] [Render thread/INFO] (LevelZ) Processing restriction entry: bartering_5 | replace=false
[21:17:05] [Render thread/INFO] (LevelZ)  - skill 'bartering' resolved to id=12 with requiredLevel=5
[21:17:05] [Render thread/INFO] (LevelZ) Restriction bartering_5 accepted with 1 skill requirement(s).
[21:17:05] [Render thread/INFO] (LevelZ)  - entity restriction added: minecraft:villager -> rawId=139
[21:17:05] [Render thread/INFO] (LevelZ) Processing restriction entry: bartering_10 | replace=false
[21:17:05] [Render thread/INFO] (LevelZ)  - skill 'bartering' resolved to id=12 with requiredLevel=10
[21:17:05] [Render thread/INFO] (LevelZ) Restriction bartering_10 accepted with 1 skill requirement(s).
[21:17:05] [Render thread/INFO] (LevelZ)  - entity restriction added: minecraft:wandering_trader -> rawId=141
[21:17:05] [Render thread/INFO] (LevelZ) Processing restriction entry: bartering_15 | replace=false
[21:17:05] [Render thread/INFO] (LevelZ)  - skill 'bartering' resolved to id=12 with requiredLevel=15
[21:17:05] [Render thread/INFO] (LevelZ) Restriction bartering_15 accepted with 1 skill requirement(s).
[21:17:05] [Render thread/INFO] (LevelZ)  - entity restriction added: minecraft:piglin -> rawId=101
[21:17:05] [Render thread/INFO] (LevelZ) Processing restriction entry: luck_15 | replace=false
[21:17:05] [Render thread/INFO] (LevelZ)  - skill 'luck' resolved to id=13 with requiredLevel=15
[21:17:05] [Render thread/INFO] (LevelZ) Restriction luck_15 accepted with 1 skill requirement(s).
[21:17:05] [Render thread/INFO] (LevelZ)  - block restriction added: minecraft:beacon -> rawId=407
[21:17:05] [Render thread/INFO] (LevelZ) Processing restriction entry: luck_20 | replace=false
[21:17:05] [Render thread/INFO] (LevelZ)  - skill 'luck' resolved to id=13 with requiredLevel=20
[21:17:05] [Render thread/INFO] (LevelZ) Restriction luck_20 accepted with 1 skill requirement(s).
[21:17:05] [Render thread/INFO] (BiomeModificationImpl) Applied 0 biome modifications to 0 of 65 new biomes in 1.875 ms
[21:17:05] [Server thread/INFO] (Minecraft) Starting integrated minecraft server version 1.21.11
[21:17:05] [Server thread/INFO] (Minecraft) Generating keypair
[21:17:06] [Server thread/INFO] (Minecraft) Loading 0 persistent chunks...
[21:17:06] [Server thread/WARN] (TranslationConventionLogWarnings) 
	Dev warning - Untranslated Item Tags detected. Please translate your item tags so other mods such as recipe viewers can properly display your tag's name.
	The format desired is tag.item.<namespace>.<path> for the translation key with slashes in path turned into periods.
	To disable this message, set this system property in your runs: `-Dfabric-tag-conventions-v2.missingTagTranslationWarning=SILENCED`.
	To see individual untranslated item tags found, set the system property to `-Dfabric-tag-conventions-v2.missingTagTranslationWarning=VERBOSE`.
	Default is `SHORT`.

[21:17:07] [Server thread/INFO] (Minecraft) Loading 49 chunks for player spawn...
[21:17:07] [Server thread/INFO] (Minecraft) Preparing spawn area: 16%
[21:17:07] [Server thread/INFO] (Minecraft) Preparing spawn area: 16%
[21:17:07] [Server thread/INFO] (Minecraft) Preparing spawn area: 16%
[21:17:07] [Server thread/INFO] (Minecraft) Time elapsed: 1454 ms
[21:17:07] [Server thread/INFO] (Minecraft) Player76[local:E:cc2d47d5] logged in with entity id 70 at (-167.35928193534525, 63.0, -30.541098232995566)
[21:17:07] [Server thread/INFO] (Minecraft) Player76 joined the game
[21:17:07] [Server thread/INFO] (Minecraft) Player76 has completed the challenge [Cover Me in Debris]
[21:17:08] [Render thread/INFO] (Minecraft) [System] [CHAT] Player76 has completed the challenge [Cover Me in Debris]
[21:17:08] [Server thread/INFO] (Minecraft) Changing view distance to 16, from 10
[21:17:08] [Server thread/INFO] (Minecraft) Changing simulation distance to 12, from 0
[21:17:08] [Render thread/INFO] (Minecraft) Resizing Dynamic Transforms UBO, capacity limit of 2 reached during a single frame. New capacity will be 4.
[21:17:08] [Render thread/INFO] (Minecraft) Loaded 73 advancements
[21:17:08] [Render thread/INFO] (Minecraft) Resizing Dynamic Transforms UBO, capacity limit of 4 reached during a single frame. New capacity will be 8.
[21:17:08] [Render thread/INFO] (Minecraft) Resizing Chunk Sections UBO, capacity limit of 2 reached during a single frame. New capacity will be 4.
[21:17:08] [Render thread/WARN] (Minecraft) Unable to play empty soundEvent: minecraft:entity.salmon.ambient
[21:17:08] [Render thread/INFO] (Minecraft) Resizing Chunk Sections UBO, capacity limit of 4 reached during a single frame. New capacity will be 16.
[21:17:08] [Render thread/INFO] (Minecraft) Resizing Chunk Sections UBO, capacity limit of 16 reached during a single frame. New capacity will be 32.
[21:17:08] [Render thread/INFO] (Minecraft) Resizing Chunk Sections UBO, capacity limit of 32 reached during a single frame. New capacity will be 64.
[21:17:08] [Render thread/INFO] (Minecraft) Resizing Chunk Sections UBO, capacity limit of 64 reached during a single frame. New capacity will be 128.
[21:17:08] [Server thread/WARN] (Minecraft) [net.minecraft.world.storage.EntityChunkDataAccess] Serialization errors:
chunk@[-5, -4].Entities[0]: Expected field 'clumpedMap' to contain value of type COMPOUND, but got STRING
[21:17:09] [Render thread/INFO] (Minecraft) Resizing Chunk Sections UBO, capacity limit of 128 reached during a single frame. New capacity will be 256.
[21:17:09] [Server thread/INFO] (Minecraft) Saving and pausing game...
[21:17:09] [Server thread/INFO] (Minecraft) Saving chunks for level 'ServerLevel[Testes]'/minecraft:overworld
[21:17:10] [Server thread/INFO] (Minecraft) Saving chunks for level 'ServerLevel[Testes]'/minecraft:the_end
[21:17:10] [Server thread/INFO] (Minecraft) Saving chunks for level 'ServerLevel[Testes]'/minecraft:the_nether
[21:17:11] [Render thread/INFO] (Minecraft) Resizing Chunk Sections UBO, capacity limit of 256 reached during a single frame. New capacity will be 512.
[21:17:12] [Render thread/INFO] (Minecraft) Resizing Chunk Sections UBO, capacity limit of 512 reached during a single frame. New capacity will be 1024.
[21:17:12] [Render thread/INFO] (Minecraft) Resizing Dynamic Transforms UBO, capacity limit of 8 reached during a single frame. New capacity will be 16.
[21:17:14] [Server thread/INFO] (Minecraft) [STDOUT]: [DEBUG eat] Bônus aplicado para: Player76
[21:17:14] [Render thread/INFO] (Minecraft) [STDOUT]: [DEBUG eat] Player info: !
[21:17:14] [Render thread/INFO] (Minecraft) Loaded 73 advancements
[21:17:28] [Server thread/INFO] (Minecraft) [STDOUT]: [DEBUG] Bônus de Saturação Ativado!4.6000004
[21:17:28] [Server thread/INFO] (Minecraft) [STDOUT]: [DEBUG eat] Bônus aplicado para: Player76
[21:17:28] [Render thread/INFO] (Minecraft) [STDOUT]: [DEBUG eat] Player info: !
[21:17:48] [Server thread/INFO] (Minecraft) Saving and pausing game...
[21:17:48] [Server thread/INFO] (Minecraft) Saving chunks for level 'ServerLevel[Testes]'/minecraft:overworld
[21:17:48] [Server thread/INFO] (Minecraft) Saving chunks for level 'ServerLevel[Testes]'/minecraft:the_end
[21:17:48] [Server thread/INFO] (Minecraft) Saving chunks for level 'ServerLevel[Testes]'/minecraft:the_nether
[21:19:25] [Render thread/INFO] (Minecraft) [STDOUT]: 🟢 HOVER DETECTADO NO ÍCONE INFO!
[21:19:25] [Render thread/INFO] (Minecraft) [STDOUT]:    Mouse X: 234 (entre 227 e 239)? true
[21:19:25] [Render thread/INFO] (Minecraft) [STDOUT]:    Mouse Y: 75 (entre 63 e 75)? true
[21:19:25] [Render thread/INFO] (Minecraft) [STDOUT]: 🟢 HOVER DETECTADO NO ÍCONE INFO!
[21:19:25] [Render thread/INFO] (Minecraft) [STDOUT]:    Mouse X: 234 (entre 227 e 239)? true
[21:19:25] [Render thread/INFO] (Minecraft) [STDOUT]:    Mouse Y: 72 (entre 63 e 75)? true
[21:19:25] [Render thread/INFO] (Minecraft) [STDOUT]: 🟢 HOVER DETECTADO NO ÍCONE INFO!
[21:19:25] [Render thread/INFO] (Minecraft) [STDOUT]:    Mouse X: 234 (entre 227 e 239)? true
[21:19:25] [Render thread/INFO] (Minecraft) [STDOUT]:    Mouse Y: 72 (entre 63 e 75)? true
[21:19:25] [Render thread/INFO] (Minecraft) [STDOUT]: 🟢 HOVER DETECTADO NO ÍCONE INFO!
[21:19:25] [Render thread/INFO] (Minecraft) [STDOUT]:    Mouse X: 234 (entre 227 e 239)? true
[21:19:25] [Render thread/INFO] (Minecraft) [STDOUT]:    Mouse Y: 70 (entre 63 e 75)? true
[21:19:25] [Render thread/INFO] (Minecraft) [STDOUT]: 🟢 HOVER DETECTADO NO ÍCONE INFO!
[21:19:25] [Render thread/INFO] (Minecraft) [STDOUT]:    Mouse X: 234 (entre 227 e 239)? true
[21:19:25] [Render thread/INFO] (Minecraft) [STDOUT]:    Mouse Y: 68 (entre 63 e 75)? true
[21:19:25] [Render thread/INFO] (Minecraft) [STDOUT]: 🟢 HOVER DETECTADO NO ÍCONE INFO!
[21:19:25] [Render thread/INFO] (Minecraft) [STDOUT]:    Mouse X: 234 (entre 227 e 239)? true
[21:19:25] [Render thread/INFO] (Minecraft) [STDOUT]:    Mouse Y: 68 (entre 63 e 75)? true
[21:19:25] [Render thread/INFO] (Minecraft) [STDOUT]: 🟢 HOVER DETECTADO NO ÍCONE INFO!
[21:19:25] [Render thread/INFO] (Minecraft) [STDOUT]:    Mouse X: 233 (entre 227 e 239)? true
[21:19:25] [Render thread/INFO] (Minecraft) [STDOUT]:    Mouse Y: 68 (entre 63 e 75)? true
[21:19:25] [Render thread/INFO] (Minecraft) [STDOUT]: 🟢 HOVER DETECTADO NO ÍCONE INFO!
[21:19:25] [Render thread/INFO] (Minecraft) [STDOUT]:    Mouse X: 233 (entre 227 e 239)? true
[21:19:25] [Render thread/INFO] (Minecraft) [STDOUT]:    Mouse Y: 67 (entre 63 e 75)? true
[21:19:25] [Render thread/INFO] (Minecraft) [STDOUT]: 🟢 HOVER DETECTADO NO ÍCONE INFO!
[21:19:25] [Render thread/INFO] (Minecraft) [STDOUT]:    Mouse X: 233 (entre 227 e 239)? true
[21:19:25] [Render thread/INFO] (Minecraft) [STDOUT]:    Mouse Y: 67 (entre 63 e 75)? true
[21:19:25] [Render thread/INFO] (Minecraft) [STDOUT]: 🟢 HOVER DETECTADO NO ÍCONE INFO!
[21:19:25] [Render thread/INFO] (Minecraft) [STDOUT]:    Mouse X: 233 (entre 227 e 239)? true
[21:19:25] [Render thread/INFO] (Minecraft) [STDOUT]:    Mouse Y: 67 (entre 63 e 75)? true
[21:19:25] [Render thread/INFO] (Minecraft) [STDOUT]: 🟢 HOVER DETECTADO NO ÍCONE INFO!
[21:19:25] [Render thread/INFO] (Minecraft) [STDOUT]:    Mouse X: 233 (entre 227 e 239)? true
[21:19:25] [Render thread/INFO] (Minecraft) [STDOUT]:    Mouse Y: 67 (entre 63 e 75)? true
[21:19:25] [Render thread/INFO] (Minecraft) [STDOUT]: 🟢 HOVER DETECTADO NO ÍCONE INFO!
[21:19:25] [Render thread/INFO] (Minecraft) [STDOUT]:    Mouse X: 233 (entre 227 e 239)? true
[21:19:25] [Render thread/INFO] (Minecraft) [STDOUT]:    Mouse Y: 67 (entre 63 e 75)? true
[21:19:25] [Render thread/INFO] (Minecraft) [STDOUT]: 🟢 HOVER DETECTADO NO ÍCONE INFO!
[21:19:25] [Render thread/INFO] (Minecraft) [STDOUT]:    Mouse X: 233 (entre 227 e 239)? true
[21:19:25] [Render thread/INFO] (Minecraft) [STDOUT]:    Mouse Y: 67 (entre 63 e 75)? true
[21:19:25] [Render thread/INFO] (Minecraft) [STDOUT]: 🟢 HOVER DETECTADO NO ÍCONE INFO!
[21:19:25] [Render thread/INFO] (Minecraft) [STDOUT]:    Mouse X: 233 (entre 227 e 239)? true
[21:19:25] [Render thread/INFO] (Minecraft) [STDOUT]:    Mouse Y: 67 (entre 63 e 75)? true
[21:19:25] [Render thread/INFO] (Minecraft) [STDOUT]: 🟢 HOVER DETECTADO NO ÍCONE INFO!
[21:19:25] [Render thread/INFO] (Minecraft) [STDOUT]:    Mouse X: 233 (entre 227 e 239)? true
[21:19:25] [Render thread/INFO] (Minecraft) [STDOUT]:    Mouse Y: 67 (entre 63 e 75)? true
[21:19:25] [Render thread/INFO] (Minecraft) [STDOUT]: 🟢 HOVER DETECTADO NO ÍCONE INFO!
[21:19:25] [Render thread/INFO] (Minecraft) [STDOUT]:    Mouse X: 233 (entre 227 e 239)? true
[21:19:25] [Render thread/INFO] (Minecraft) [STDOUT]:    Mouse Y: 67 (entre 63 e 75)? true
[21:19:25] [Render thread/INFO] (Minecraft) [STDOUT]: 🟢 HOVER DETECTADO NO ÍCONE INFO!
[21:19:25] [Render thread/INFO] (Minecraft) [STDOUT]:    Mouse X: 233 (entre 227 e 239)? true
[21:19:25] [Render thread/INFO] (Minecraft) [STDOUT]:    Mouse Y: 67 (entre 63 e 75)? true
[21:19:25] [Render thread/INFO] (Minecraft) [STDOUT]: 🟢 HOVER DETECTADO NO ÍCONE INFO!
[21:19:25] [Render thread/INFO] (Minecraft) [STDOUT]:    Mouse X: 233 (entre 227 e 239)? true
[21:19:25] [Render thread/INFO] (Minecraft) [STDOUT]:    Mouse Y: 67 (entre 63 e 75)? true
[21:19:25] [Render thread/INFO] (Minecraft) [STDOUT]: 🟢 HOVER DETECTADO NO ÍCONE INFO!
[21:19:25] [Render thread/INFO] (Minecraft) [STDOUT]:    Mouse X: 233 (entre 227 e 239)? true
[21:19:25] [Render thread/INFO] (Minecraft) [STDOUT]:    Mouse Y: 67 (entre 63 e 75)? true
[21:19:25] [Render thread/INFO] (Minecraft) [STDOUT]: 🟢 HOVER DETECTADO NO ÍCONE INFO!
[21:19:25] [Render thread/INFO] (Minecraft) [STDOUT]:    Mouse X: 233 (entre 227 e 239)? true
[21:19:25] [Render thread/INFO] (Minecraft) [STDOUT]:    Mouse Y: 67 (entre 63 e 75)? true
[21:19:25] [Render thread/INFO] (Minecraft) [STDOUT]: 🟢 HOVER DETECTADO NO ÍCONE INFO!
[21:19:25] [Render thread/INFO] (Minecraft) [STDOUT]:    Mouse X: 233 (entre 227 e 239)? true
[21:19:25] [Render thread/INFO] (Minecraft) [STDOUT]:    Mouse Y: 67 (entre 63 e 75)? true
[21:19:25] [Render thread/INFO] (Minecraft) [STDOUT]: 🟢 HOVER DETECTADO NO ÍCONE INFO!
[21:19:25] [Render thread/INFO] (Minecraft) [STDOUT]:    Mouse X: 233 (entre 227 e 239)? true
[21:19:25] [Render thread/INFO] (Minecraft) [STDOUT]:    Mouse Y: 67 (entre 63 e 75)? true
[21:19:25] [Render thread/INFO] (Minecraft) [STDOUT]: 🟢 HOVER DETECTADO NO ÍCONE INFO!
[21:19:25] [Render thread/INFO] (Minecraft) [STDOUT]:    Mouse X: 233 (entre 227 e 239)? true
[21:19:25] [Render thread/INFO] (Minecraft) [STDOUT]:    Mouse Y: 67 (entre 63 e 75)? true
[21:19:25] [Render thread/INFO] (Minecraft) [STDOUT]: 🟢 HOVER DETECTADO NO ÍCONE INFO!
[21:19:25] [Render thread/INFO] (Minecraft) [STDOUT]:    Mouse X: 233 (entre 227 e 239)? true
[21:19:25] [Render thread/INFO] (Minecraft) [STDOUT]:    Mouse Y: 67 (entre 63 e 75)? true
[21:19:25] [Render thread/INFO] (Minecraft) [STDOUT]: 🟢 HOVER DETECTADO NO ÍCONE INFO!
[21:19:25] [Render thread/INFO] (Minecraft) [STDOUT]:    Mouse X: 233 (entre 227 e 239)? true
[21:19:25] [Render thread/INFO] (Minecraft) [STDOUT]:    Mouse Y: 67 (entre 63 e 75)? true
[21:19:25] [Render thread/INFO] (Minecraft) [STDOUT]: 🟢 HOVER DETECTADO NO ÍCONE INFO!
[21:19:25] [Render thread/INFO] (Minecraft) [STDOUT]:    Mouse X: 233 (entre 227 e 239)? true
[21:19:25] [Render thread/INFO] (Minecraft) [STDOUT]:    Mouse Y: 67 (entre 63 e 75)? true
[21:19:25] [Render thread/INFO] (Minecraft) [STDOUT]: 🟢 HOVER DETECTADO NO ÍCONE INFO!
[21:19:25] [Render thread/INFO] (Minecraft) [STDOUT]:    Mouse X: 233 (entre 227 e 239)? true
[21:19:25] [Render thread/INFO] (Minecraft) [STDOUT]:    Mouse Y: 67 (entre 63 e 75)? true
[21:19:25] [Render thread/INFO] (Minecraft) [STDOUT]: 🟢 HOVER DETECTADO NO ÍCONE INFO!
[21:19:25] [Render thread/INFO] (Minecraft) [STDOUT]:    Mouse X: 233 (entre 227 e 239)? true
[21:19:25] [Render thread/INFO] (Minecraft) [STDOUT]:    Mouse Y: 67 (entre 63 e 75)? true
[21:19:25] [Render thread/INFO] (Minecraft) [STDOUT]: 🟢 HOVER DETECTADO NO ÍCONE INFO!
[21:19:25] [Render thread/INFO] (Minecraft) [STDOUT]:    Mouse X: 233 (entre 227 e 239)? true
[21:19:25] [Render thread/INFO] (Minecraft) [STDOUT]:    Mouse Y: 67 (entre 63 e 75)? true
[21:19:25] [Render thread/INFO] (Minecraft) [STDOUT]: 🟢 HOVER DETECTADO NO ÍCONE INFO!
[21:19:25] [Render thread/INFO] (Minecraft) [STDOUT]:    Mouse X: 233 (entre 227 e 239)? true
[21:19:25] [Render thread/INFO] (Minecraft) [STDOUT]:    Mouse Y: 67 (entre 63 e 75)? true
[21:19:25] [Render thread/INFO] (Minecraft) [STDOUT]: 🟢 HOVER DETECTADO NO ÍCONE INFO!
[21:19:25] [Render thread/INFO] (Minecraft) [STDOUT]:    Mouse X: 233 (entre 227 e 239)? true
[21:19:25] [Render thread/INFO] (Minecraft) [STDOUT]:    Mouse Y: 67 (entre 63 e 75)? true
[21:19:25] [Render thread/INFO] (Minecraft) [STDOUT]: 🟢 HOVER DETECTADO NO ÍCONE INFO!
[21:19:25] [Render thread/INFO] (Minecraft) [STDOUT]:    Mouse X: 233 (entre 227 e 239)? true
[21:19:25] [Render thread/INFO] (Minecraft) [STDOUT]:    Mouse Y: 67 (entre 63 e 75)? true
[21:19:25] [Render thread/INFO] (Minecraft) [STDOUT]: 🟢 HOVER DETECTADO NO ÍCONE INFO!
[21:19:25] [Render thread/INFO] (Minecraft) [STDOUT]:    Mouse X: 233 (entre 227 e 239)? true
[21:19:25] [Render thread/INFO] (Minecraft) [STDOUT]:    Mouse Y: 67 (entre 63 e 75)? true
[21:19:25] [Render thread/INFO] (Minecraft) [STDOUT]: 🟢 HOVER DETECTADO NO ÍCONE INFO!
[21:19:25] [Render thread/INFO] (Minecraft) [STDOUT]:    Mouse X: 233 (entre 227 e 239)? true
[21:19:25] [Render thread/INFO] (Minecraft) [STDOUT]:    Mouse Y: 67 (entre 63 e 75)? true
[21:19:25] [Render thread/INFO] (Minecraft) [STDOUT]: 🟢 HOVER DETECTADO NO ÍCONE INFO!
[21:19:25] [Render thread/INFO] (Minecraft) [STDOUT]:    Mouse X: 233 (entre 227 e 239)? true
[21:19:25] [Render thread/INFO] (Minecraft) [STDOUT]:    Mouse Y: 67 (entre 63 e 75)? true
[21:19:25] [Render thread/INFO] (Minecraft) [STDOUT]: 🟢 HOVER DETECTADO NO ÍCONE INFO!
[21:19:25] [Render thread/INFO] (Minecraft) [STDOUT]:    Mouse X: 233 (entre 227 e 239)? true
[21:19:25] [Render thread/INFO] (Minecraft) [STDOUT]:    Mouse Y: 67 (entre 63 e 75)? true
[21:19:25] [Render thread/INFO] (Minecraft) [STDOUT]: 🟢 HOVER DETECTADO NO ÍCONE INFO!
[21:19:25] [Render thread/INFO] (Minecraft) [STDOUT]:    Mouse X: 233 (entre 227 e 239)? true
[21:19:25] [Render thread/INFO] (Minecraft) [STDOUT]:    Mouse Y: 67 (entre 63 e 75)? true
[21:19:25] [Render thread/INFO] (Minecraft) [STDOUT]: 🟢 HOVER DETECTADO NO ÍCONE INFO!
[21:19:25] [Render thread/INFO] (Minecraft) [STDOUT]:    Mouse X: 233 (entre 227 e 239)? true
[21:19:25] [Render thread/INFO] (Minecraft) [STDOUT]:    Mouse Y: 67 (entre 63 e 75)? true
[21:19:25] [Render thread/INFO] (Minecraft) [STDOUT]: 🟢 HOVER DETECTADO NO ÍCONE INFO!
[21:19:25] [Render thread/INFO] (Minecraft) [STDOUT]:    Mouse X: 233 (entre 227 e 239)? true
[21:19:25] [Render thread/INFO] (Minecraft) [STDOUT]:    Mouse Y: 67 (entre 63 e 75)? true
[21:19:25] [Render thread/INFO] (Minecraft) [STDOUT]: 🟢 HOVER DETECTADO NO ÍCONE INFO!
[21:19:25] [Render thread/INFO] (Minecraft) [STDOUT]:    Mouse X: 233 (entre 227 e 239)? true
[21:19:25] [Render thread/INFO] (Minecraft) [STDOUT]:    Mouse Y: 67 (entre 63 e 75)? true
[21:19:25] [Render thread/INFO] (Minecraft) [STDOUT]: 🟢 HOVER DETECTADO NO ÍCONE INFO!
[21:19:25] [Render thread/INFO] (Minecraft) [STDOUT]:    Mouse X: 233 (entre 227 e 239)? true
[21:19:25] [Render thread/INFO] (Minecraft) [STDOUT]:    Mouse Y: 67 (entre 63 e 75)? true
[21:19:25] [Render thread/INFO] (Minecraft) [STDOUT]: 🟢 HOVER DETECTADO NO ÍCONE INFO!
[21:19:25] [Render thread/INFO] (Minecraft) [STDOUT]:    Mouse X: 233 (entre 227 e 239)? true
[21:19:25] [Render thread/INFO] (Minecraft) [STDOUT]:    Mouse Y: 67 (entre 63 e 75)? true
[21:19:25] [Render thread/INFO] (Minecraft) [STDOUT]: 🟢 HOVER DETECTADO NO ÍCONE INFO!
[21:19:25] [Render thread/INFO] (Minecraft) [STDOUT]:    Mouse X: 233 (entre 227 e 239)? true
[21:19:25] [Render thread/INFO] (Minecraft) [STDOUT]:    Mouse Y: 67 (entre 63 e 75)? true
[21:19:25] [Render thread/INFO] (Minecraft) [STDOUT]: 🟢 HOVER DETECTADO NO ÍCONE INFO!
[21:19:25] [Render thread/INFO] (Minecraft) [STDOUT]:    Mouse X: 233 (entre 227 e 239)? true
[21:19:25] [Render thread/INFO] (Minecraft) [STDOUT]:    Mouse Y: 67 (entre 63 e 75)? true
[21:19:25] [Render thread/INFO] (Minecraft) [STDOUT]: 🟢 HOVER DETECTADO NO ÍCONE INFO!
[21:19:25] [Render thread/INFO] (Minecraft) [STDOUT]:    Mouse X: 233 (entre 227 e 239)? true
[21:19:25] [Render thread/INFO] (Minecraft) [STDOUT]:    Mouse Y: 67 (entre 63 e 75)? true
[21:19:25] [Render thread/INFO] (Minecraft) [STDOUT]: 🟢 HOVER DETECTADO NO ÍCONE INFO!
[21:19:25] [Render thread/INFO] (Minecraft) [STDOUT]:    Mouse X: 233 (entre 227 e 239)? true
[21:19:25] [Render thread/INFO] (Minecraft) [STDOUT]:    Mouse Y: 67 (entre 63 e 75)? true
[21:19:25] [Render thread/INFO] (Minecraft) [STDOUT]: 🟢 HOVER DETECTADO NO ÍCONE INFO!
[21:19:25] [Render thread/INFO] (Minecraft) [STDOUT]:    Mouse X: 233 (entre 227 e 239)? true
[21:19:25] [Render thread/INFO] (Minecraft) [STDOUT]:    Mouse Y: 67 (entre 63 e 75)? true
[21:19:25] [Render thread/INFO] (Minecraft) [STDOUT]: 🟢 HOVER DETECTADO NO ÍCONE INFO!
[21:19:25] [Render thread/INFO] (Minecraft) [STDOUT]:    Mouse X: 233 (entre 227 e 239)? true
[21:19:25] [Render thread/INFO] (Minecraft) [STDOUT]:    Mouse Y: 67 (entre 63 e 75)? true
[21:19:25] [Render thread/INFO] (Minecraft) [STDOUT]: 🟢 HOVER DETECTADO NO ÍCONE INFO!
[21:19:25] [Render thread/INFO] (Minecraft) [STDOUT]:    Mouse X: 233 (entre 227 e 239)? true
[21:19:25] [Render thread/INFO] (Minecraft) [STDOUT]:    Mouse Y: 67 (entre 63 e 75)? true
[21:19:25] [Render thread/INFO] (Minecraft) [STDOUT]: 🟢 HOVER DETECTADO NO ÍCONE INFO!
[21:19:25] [Render thread/INFO] (Minecraft) [STDOUT]:    Mouse X: 233 (entre 227 e 239)? true
[21:19:25] [Render thread/INFO] (Minecraft) [STDOUT]:    Mouse Y: 67 (entre 63 e 75)? true
[21:19:25] [Render thread/INFO] (Minecraft) [STDOUT]: 🟢 HOVER DETECTADO NO ÍCONE INFO!
[21:19:25] [Render thread/INFO] (Minecraft) [STDOUT]:    Mouse X: 233 (entre 227 e 239)? true
[21:19:25] [Render thread/INFO] (Minecraft) [STDOUT]:    Mouse Y: 67 (entre 63 e 75)? true
[21:19:25] [Render thread/INFO] (Minecraft) [STDOUT]: 🟢 HOVER DETECTADO NO ÍCONE INFO!
[21:19:25] [Render thread/INFO] (Minecraft) [STDOUT]:    Mouse X: 233 (entre 227 e 239)? true
[21:19:25] [Render thread/INFO] (Minecraft) [STDOUT]:    Mouse Y: 67 (entre 63 e 75)? true
[21:19:25] [Render thread/INFO] (Minecraft) [STDOUT]: 🟢 HOVER DETECTADO NO ÍCONE INFO!
[21:19:25] [Render thread/INFO] (Minecraft) [STDOUT]:    Mouse X: 233 (entre 227 e 239)? true
[21:19:25] [Render thread/INFO] (Minecraft) [STDOUT]:    Mouse Y: 67 (entre 63 e 75)? true
[21:19:25] [Render thread/INFO] (Minecraft) [STDOUT]: 🟢 HOVER DETECTADO NO ÍCONE INFO!
[21:19:25] [Render thread/INFO] (Minecraft) [STDOUT]:    Mouse X: 233 (entre 227 e 239)? true
[21:19:25] [Render thread/INFO] (Minecraft) [STDOUT]:    Mouse Y: 67 (entre 63 e 75)? true
[21:19:25] [Render thread/INFO] (Minecraft) [STDOUT]: 🟢 HOVER DETECTADO NO ÍCONE INFO!
[21:19:25] [Render thread/INFO] (Minecraft) [STDOUT]:    Mouse X: 233 (entre 227 e 239)? true
[21:19:25] [Render thread/INFO] (Minecraft) [STDOUT]:    Mouse Y: 67 (entre 63 e 75)? true
[21:19:25] [Render thread/INFO] (Minecraft) [STDOUT]: 🟢 HOVER DETECTADO NO ÍCONE INFO!
[21:19:25] [Render thread/INFO] (Minecraft) [STDOUT]:    Mouse X: 233 (entre 227 e 239)? true
[21:19:25] [Render thread/INFO] (Minecraft) [STDOUT]:    Mouse Y: 67 (entre 63 e 75)? true
[21:19:25] [Render thread/INFO] (Minecraft) [STDOUT]: 🟢 HOVER DETECTADO NO ÍCONE INFO!
[21:19:25] [Render thread/INFO] (Minecraft) [STDOUT]:    Mouse X: 233 (entre 227 e 239)? true
[21:19:25] [Render thread/INFO] (Minecraft) [STDOUT]:    Mouse Y: 67 (entre 63 e 75)? true
[21:19:25] [Render thread/INFO] (Minecraft) [STDOUT]: 🟢 HOVER DETECTADO NO ÍCONE INFO!
[21:19:25] [Render thread/INFO] (Minecraft) [STDOUT]:    Mouse X: 233 (entre 227 e 239)? true
[21:19:25] [Render thread/INFO] (Minecraft) [STDOUT]:    Mouse Y: 67 (entre 63 e 75)? true
[21:19:25] [Render thread/INFO] (Minecraft) [STDOUT]: 🟢 HOVER DETECTADO NO ÍCONE INFO!
[21:19:25] [Render thread/INFO] (Minecraft) [STDOUT]:    Mouse X: 233 (entre 227 e 239)? true
[21:19:25] [Render thread/INFO] (Minecraft) [STDOUT]:    Mouse Y: 67 (entre 63 e 75)? true
[21:19:25] [Render thread/INFO] (Minecraft) [STDOUT]: 🟢 HOVER DETECTADO NO ÍCONE INFO!
[21:19:25] [Render thread/INFO] (Minecraft) [STDOUT]:    Mouse X: 233 (entre 227 e 239)? true
[21:19:25] [Render thread/INFO] (Minecraft) [STDOUT]:    Mouse Y: 67 (entre 63 e 75)? true
[21:19:25] [Render thread/INFO] (Minecraft) [STDOUT]: 🟢 HOVER DETECTADO NO ÍCONE INFO!
[21:19:25] [Render thread/INFO] (Minecraft) [STDOUT]:    Mouse X: 233 (entre 227 e 239)? true
[21:19:25] [Render thread/INFO] (Minecraft) [STDOUT]:    Mouse Y: 67 (entre 63 e 75)? true
[21:19:25] [Render thread/INFO] (Minecraft) [STDOUT]: 🟢 HOVER DETECTADO NO ÍCONE INFO!
[21:19:25] [Render thread/INFO] (Minecraft) [STDOUT]:    Mouse X: 233 (entre 227 e 239)? true
[21:19:25] [Render thread/INFO] (Minecraft) [STDOUT]:    Mouse Y: 67 (entre 63 e 75)? true
[21:19:25] [Render thread/INFO] (Minecraft) [STDOUT]: 🟢 HOVER DETECTADO NO ÍCONE INFO!
[21:19:25] [Render thread/INFO] (Minecraft) [STDOUT]:    Mouse X: 233 (entre 227 e 239)? true
[21:19:25] [Render thread/INFO] (Minecraft) [STDOUT]:    Mouse Y: 67 (entre 63 e 75)? true
[21:19:25] [Render thread/INFO] (Minecraft) [STDOUT]: 🟢 HOVER DETECTADO NO ÍCONE INFO!
[21:19:25] [Render thread/INFO] (Minecraft) [STDOUT]:    Mouse X: 233 (entre 227 e 239)? true
[21:19:25] [Render thread/INFO] (Minecraft) [STDOUT]:    Mouse Y: 67 (entre 63 e 75)? true
[21:19:25] [Render thread/INFO] (Minecraft) [STDOUT]: 🟢 HOVER DETECTADO NO ÍCONE INFO!
[21:19:25] [Render thread/INFO] (Minecraft) [STDOUT]:    Mouse X: 233 (entre 227 e 239)? true
[21:19:25] [Render thread/INFO] (Minecraft) [STDOUT]:    Mouse Y: 67 (entre 63 e 75)? true
[21:19:25] [Render thread/INFO] (Minecraft) [STDOUT]: 🟢 HOVER DETECTADO NO ÍCONE INFO!
[21:19:25] [Render thread/INFO] (Minecraft) [STDOUT]:    Mouse X: 233 (entre 227 e 239)? true
[21:19:25] [Render thread/INFO] (Minecraft) [STDOUT]:    Mouse Y: 67 (entre 63 e 75)? true
[21:19:25] [Render thread/INFO] (Minecraft) [STDOUT]: 🟢 HOVER DETECTADO NO ÍCONE INFO!
[21:19:25] [Render thread/INFO] (Minecraft) [STDOUT]:    Mouse X: 233 (entre 227 e 239)? true
[21:19:25] [Render thread/INFO] (Minecraft) [STDOUT]:    Mouse Y: 67 (entre 63 e 75)? true
[21:19:25] [Render thread/INFO] (Minecraft) [STDOUT]: 🟢 HOVER DETECTADO NO ÍCONE INFO!
[21:19:25] [Render thread/INFO] (Minecraft) [STDOUT]:    Mouse X: 233 (entre 227 e 239)? true
[21:19:25] [Render thread/INFO] (Minecraft) [STDOUT]:    Mouse Y: 67 (entre 63 e 75)? true
[21:19:25] [Render thread/INFO] (Minecraft) [STDOUT]: 🟢 HOVER DETECTADO NO ÍCONE INFO!
[21:19:25] [Render thread/INFO] (Minecraft) [STDOUT]:    Mouse X: 233 (entre 227 e 239)? true
[21:19:25] [Render thread/INFO] (Minecraft) [STDOUT]:    Mouse Y: 67 (entre 63 e 75)? true
[21:19:25] [Render thread/INFO] (Minecraft) [STDOUT]: 🟢 HOVER DETECTADO NO ÍCONE INFO!
[21:19:25] [Render thread/INFO] (Minecraft) [STDOUT]:    Mouse X: 233 (entre 227 e 239)? true
[21:19:25] [Render thread/INFO] (Minecraft) [STDOUT]:    Mouse Y: 67 (entre 63 e 75)? true
[21:19:25] [Render thread/INFO] (Minecraft) [STDOUT]: 🟢 HOVER DETECTADO NO ÍCONE INFO!
[21:19:25] [Render thread/INFO] (Minecraft) [STDOUT]:    Mouse X: 233 (entre 227 e 239)? true
[21:19:25] [Render thread/INFO] (Minecraft) [STDOUT]:    Mouse Y: 67 (entre 63 e 75)? true
[21:19:25] [Render thread/INFO] (Minecraft) [STDOUT]: 🟢 HOVER DETECTADO NO ÍCONE INFO!
[21:19:25] [Render thread/INFO] (Minecraft) [STDOUT]:    Mouse X: 233 (entre 227 e 239)? true
[21:19:25] [Render thread/INFO] (Minecraft) [STDOUT]:    Mouse Y: 67 (entre 63 e 75)? true
[21:19:25] [Render thread/INFO] (Minecraft) [STDOUT]: 🟢 HOVER DETECTADO NO ÍCONE INFO!
[21:19:25] [Render thread/INFO] (Minecraft) [STDOUT]:    Mouse X: 233 (entre 227 e 239)? true
[21:19:25] [Render thread/INFO] (Minecraft) [STDOUT]:    Mouse Y: 67 (entre 63 e 75)? true
[21:19:25] [Render thread/INFO] (Minecraft) [STDOUT]: 🟢 HOVER DETECTADO NO ÍCONE INFO!
[21:19:25] [Render thread/INFO] (Minecraft) [STDOUT]:    Mouse X: 233 (entre 227 e 239)? true
[21:19:25] [Render thread/INFO] (Minecraft) [STDOUT]:    Mouse Y: 67 (entre 63 e 75)? true
[21:19:25] [Render thread/INFO] (Minecraft) [STDOUT]: 🟢 HOVER DETECTADO NO ÍCONE INFO!
[21:19:25] [Render thread/INFO] (Minecraft) [STDOUT]:    Mouse X: 233 (entre 227 e 239)? true
[21:19:25] [Render thread/INFO] (Minecraft) [STDOUT]:    Mouse Y: 67 (entre 63 e 75)? true
[21:19:25] [Render thread/INFO] (Minecraft) [STDOUT]: 🟢 HOVER DETECTADO NO ÍCONE INFO!
[21:19:25] [Render thread/INFO] (Minecraft) [STDOUT]:    Mouse X: 233 (entre 227 e 239)? true
[21:19:25] [Render thread/INFO] (Minecraft) [STDOUT]:    Mouse Y: 67 (entre 63 e 75)? true
[21:19:25] [Render thread/INFO] (Minecraft) [STDOUT]: 🟢 HOVER DETECTADO NO ÍCONE INFO!
[21:19:25] [Render thread/INFO] (Minecraft) [STDOUT]:    Mouse X: 233 (entre 227 e 239)? true
[21:19:25] [Render thread/INFO] (Minecraft) [STDOUT]:    Mouse Y: 67 (entre 63 e 75)? true
[21:19:25] [Render thread/INFO] (Minecraft) [STDOUT]: 🟢 HOVER DETECTADO NO ÍCONE INFO!
[21:19:25] [Render thread/INFO] (Minecraft) [STDOUT]:    Mouse X: 233 (entre 227 e 239)? true
[21:19:25] [Render thread/INFO] (Minecraft) [STDOUT]:    Mouse Y: 67 (entre 63 e 75)? true
[21:19:25] [Render thread/INFO] (Minecraft) [STDOUT]: 🟢 HOVER DETECTADO NO ÍCONE INFO!
[21:19:25] [Render thread/INFO] (Minecraft) [STDOUT]:    Mouse X: 233 (entre 227 e 239)? true
[21:19:25] [Render thread/INFO] (Minecraft) [STDOUT]:    Mouse Y: 67 (entre 63 e 75)? true
[21:19:26] [Render thread/INFO] (Minecraft) [STDOUT]: 🟢 HOVER DETECTADO NO ÍCONE INFO!
[21:19:26] [Render thread/INFO] (Minecraft) [STDOUT]:    Mouse X: 233 (entre 227 e 239)? true
[21:19:26] [Render thread/INFO] (Minecraft) [STDOUT]:    Mouse Y: 67 (entre 63 e 75)? true
[21:19:26] [Render thread/INFO] (Minecraft) [STDOUT]: 🟢 HOVER DETECTADO NO ÍCONE INFO!
[21:19:26] [Render thread/INFO] (Minecraft) [STDOUT]:    Mouse X: 233 (entre 227 e 239)? true
[21:19:26] [Render thread/INFO] (Minecraft) [STDOUT]:    Mouse Y: 67 (entre 63 e 75)? true
[21:19:26] [Render thread/INFO] (Minecraft) [STDOUT]: 🟢 HOVER DETECTADO NO ÍCONE INFO!
[21:19:26] [Render thread/INFO] (Minecraft) [STDOUT]:    Mouse X: 233 (entre 227 e 239)? true
[21:19:26] [Render thread/INFO] (Minecraft) [STDOUT]:    Mouse Y: 67 (entre 63 e 75)? true
[21:19:26] [Render thread/INFO] (Minecraft) [STDOUT]: 🟢 HOVER DETECTADO NO ÍCONE INFO!
[21:19:26] [Render thread/INFO] (Minecraft) [STDOUT]:    Mouse X: 233 (entre 227 e 239)? true
[21:19:26] [Render thread/INFO] (Minecraft) [STDOUT]:    Mouse Y: 67 (entre 63 e 75)? true
[21:19:26] [Render thread/INFO] (Minecraft) [STDOUT]: 🟢 HOVER DETECTADO NO ÍCONE INFO!
[21:19:26] [Render thread/INFO] (Minecraft) [STDOUT]:    Mouse X: 233 (entre 227 e 239)? true
[21:19:26] [Render thread/INFO] (Minecraft) [STDOUT]:    Mouse Y: 67 (entre 63 e 75)? true
[21:19:26] [Render thread/INFO] (Minecraft) [STDOUT]: 🟢 HOVER DETECTADO NO ÍCONE INFO!
[21:19:26] [Render thread/INFO] (Minecraft) [STDOUT]:    Mouse X: 233 (entre 227 e 239)? true
[21:19:26] [Render thread/INFO] (Minecraft) [STDOUT]:    Mouse Y: 67 (entre 63 e 75)? true
[21:19:26] [Render thread/INFO] (Minecraft) [STDOUT]: 🟢 HOVER DETECTADO NO ÍCONE INFO!
[21:19:26] [Render thread/INFO] (Minecraft) [STDOUT]:    Mouse X: 233 (entre 227 e 239)? true
[21:19:26] [Render thread/INFO] (Minecraft) [STDOUT]:    Mouse Y: 67 (entre 63 e 75)? true
[21:19:26] [Render thread/INFO] (Minecraft) [STDOUT]: 🟢 HOVER DETECTADO NO ÍCONE INFO!
[21:19:26] [Render thread/INFO] (Minecraft) [STDOUT]:    Mouse X: 233 (entre 227 e 239)? true
[21:19:26] [Render thread/INFO] (Minecraft) [STDOUT]:    Mouse Y: 67 (entre 63 e 75)? true
[21:19:26] [Render thread/INFO] (Minecraft) [STDOUT]: 🟢 HOVER DETECTADO NO ÍCONE INFO!
[21:19:26] [Render thread/INFO] (Minecraft) [STDOUT]:    Mouse X: 233 (entre 227 e 239)? true
[21:19:26] [Render thread/INFO] (Minecraft) [STDOUT]:    Mouse Y: 67 (entre 63 e 75)? true
[21:19:26] [Render thread/INFO] (Minecraft) [STDOUT]: 🟢 HOVER DETECTADO NO ÍCONE INFO!
[21:19:26] [Render thread/INFO] (Minecraft) [STDOUT]:    Mouse X: 233 (entre 227 e 239)? true
[21:19:26] [Render thread/INFO] (Minecraft) [STDOUT]:    Mouse Y: 67 (entre 63 e 75)? true
[21:19:26] [Render thread/INFO] (Minecraft) [STDOUT]: 🟢 HOVER DETECTADO NO ÍCONE INFO!
[21:19:26] [Render thread/INFO] (Minecraft) [STDOUT]:    Mouse X: 233 (entre 227 e 239)? true
[21:19:26] [Render thread/INFO] (Minecraft) [STDOUT]:    Mouse Y: 67 (entre 63 e 75)? true
[21:19:26] [Render thread/INFO] (Minecraft) [STDOUT]: 🟢 HOVER DETECTADO NO ÍCONE INFO!
[21:19:26] [Render thread/INFO] (Minecraft) [STDOUT]:    Mouse X: 233 (entre 227 e 239)? true
[21:19:26] [Render thread/INFO] (Minecraft) [STDOUT]:    Mouse Y: 67 (entre 63 e 75)? true
[21:19:26] [Render thread/INFO] (Minecraft) [STDOUT]: 🟢 HOVER DETECTADO NO ÍCONE INFO!
[21:19:26] [Render thread/INFO] (Minecraft) [STDOUT]:    Mouse X: 233 (entre 227 e 239)? true
[21:19:26] [Render thread/INFO] (Minecraft) [STDOUT]:    Mouse Y: 67 (entre 63 e 75)? true
[21:19:26] [Render thread/INFO] (Minecraft) [STDOUT]: 🟢 HOVER DETECTADO NO ÍCONE INFO!
[21:19:26] [Render thread/INFO] (Minecraft) [STDOUT]:    Mouse X: 233 (entre 227 e 239)? true
[21:19:26] [Render thread/INFO] (Minecraft) [STDOUT]:    Mouse Y: 67 (entre 63 e 75)? true
[21:19:26] [Render thread/INFO] (Minecraft) [STDOUT]: 🟢 HOVER DETECTADO NO ÍCONE INFO!
[21:19:26] [Render thread/INFO] (Minecraft) [STDOUT]:    Mouse X: 233 (entre 227 e 239)? true
[21:19:26] [Render thread/INFO] (Minecraft) [STDOUT]:    Mouse Y: 67 (entre 63 e 75)? true
[21:19:26] [Render thread/INFO] (Minecraft) [STDOUT]: 🟢 HOVER DETECTADO NO ÍCONE INFO!
[21:19:26] [Render thread/INFO] (Minecraft) [STDOUT]:    Mouse X: 233 (entre 227 e 239)? true
[21:19:26] [Render thread/INFO] (Minecraft) [STDOUT]:    Mouse Y: 67 (entre 63 e 75)? true
[21:19:26] [Render thread/INFO] (Minecraft) [STDOUT]: 🟢 HOVER DETECTADO NO ÍCONE INFO!
[21:19:26] [Render thread/INFO] (Minecraft) [STDOUT]:    Mouse X: 233 (entre 227 e 239)? true
[21:19:26] [Render thread/INFO] (Minecraft) [STDOUT]:    Mouse Y: 67 (entre 63 e 75)? true
[21:19:26] [Render thread/INFO] (Minecraft) [STDOUT]: 🟢 HOVER DETECTADO NO ÍCONE INFO!
[21:19:26] [Render thread/INFO] (Minecraft) [STDOUT]:    Mouse X: 233 (entre 227 e 239)? true
[21:19:26] [Render thread/INFO] (Minecraft) [STDOUT]:    Mouse Y: 67 (entre 63 e 75)? true
[21:19:26] [Render thread/INFO] (Minecraft) [STDOUT]: 🟢 HOVER DETECTADO NO ÍCONE INFO!
[21:19:26] [Render thread/INFO] (Minecraft) [STDOUT]:    Mouse X: 233 (entre 227 e 239)? true
[21:19:26] [Render thread/INFO] (Minecraft) [STDOUT]:    Mouse Y: 67 (entre 63 e 75)? true
[21:19:26] [Render thread/INFO] (Minecraft) [STDOUT]: 🟢 HOVER DETECTADO NO ÍCONE INFO!
[21:19:26] [Render thread/INFO] (Minecraft) [STDOUT]:    Mouse X: 233 (entre 227 e 239)? true
[21:19:26] [Render thread/INFO] (Minecraft) [STDOUT]:    Mouse Y: 67 (entre 63 e 75)? true
[21:19:26] [Render thread/INFO] (Minecraft) [STDOUT]: 🟢 HOVER DETECTADO NO ÍCONE INFO!
[21:19:26] [Render thread/INFO] (Minecraft) [STDOUT]:    Mouse X: 233 (entre 227 e 239)? true
[21:19:26] [Render thread/INFO] (Minecraft) [STDOUT]:    Mouse Y: 67 (entre 63 e 75)? true
[21:19:26] [Render thread/INFO] (Minecraft) [STDOUT]: 🟢 HOVER DETECTADO NO ÍCONE INFO!
[21:19:26] [Render thread/INFO] (Minecraft) [STDOUT]:    Mouse X: 233 (entre 227 e 239)? true
[21:19:26] [Render thread/INFO] (Minecraft) [STDOUT]:    Mouse Y: 67 (entre 63 e 75)? true
[21:19:26] [Render thread/INFO] (Minecraft) [STDOUT]: 🟢 HOVER DETECTADO NO ÍCONE INFO!
[21:19:26] [Render thread/INFO] (Minecraft) [STDOUT]:    Mouse X: 233 (entre 227 e 239)? true
[21:19:26] [Render thread/INFO] (Minecraft) [STDOUT]:    Mouse Y: 67 (entre 63 e 75)? true
[21:19:26] [Render thread/INFO] (Minecraft) [STDOUT]: 🟢 HOVER DETECTADO NO ÍCONE INFO!
[21:19:26] [Render thread/INFO] (Minecraft) [STDOUT]:    Mouse X: 233 (entre 227 e 239)? true
[21:19:26] [Render thread/INFO] (Minecraft) [STDOUT]:    Mouse Y: 67 (entre 63 e 75)? true
[21:19:26] [Render thread/INFO] (Minecraft) [STDOUT]: 🟢 HOVER DETECTADO NO ÍCONE INFO!
[21:19:26] [Render thread/INFO] (Minecraft) [STDOUT]:    Mouse X: 233 (entre 227 e 239)? true
[21:19:26] [Render thread/INFO] (Minecraft) [STDOUT]:    Mouse Y: 67 (entre 63 e 75)? true
[21:19:26] [Render thread/INFO] (Minecraft) [STDOUT]: 🟢 HOVER DETECTADO NO ÍCONE INFO!
[21:19:26] [Render thread/INFO] (Minecraft) [STDOUT]:    Mouse X: 233 (entre 227 e 239)? true
[21:19:26] [Render thread/INFO] (Minecraft) [STDOUT]:    Mouse Y: 67 (entre 63 e 75)? true
[21:19:26] [Render thread/INFO] (Minecraft) [STDOUT]: 🟢 HOVER DETECTADO NO ÍCONE INFO!
[21:19:26] [Render thread/INFO] (Minecraft) [STDOUT]:    Mouse X: 233 (entre 227 e 239)? true
[21:19:26] [Render thread/INFO] (Minecraft) [STDOUT]:    Mouse Y: 67 (entre 63 e 75)? true
[21:19:26] [Render thread/INFO] (Minecraft) [STDOUT]: 🟢 HOVER DETECTADO NO ÍCONE INFO!
[21:19:26] [Render thread/INFO] (Minecraft) [STDOUT]:    Mouse X: 233 (entre 227 e 239)? true
[21:19:26] [Render thread/INFO] (Minecraft) [STDOUT]:    Mouse Y: 67 (entre 63 e 75)? true
[21:19:26] [Render thread/INFO] (Minecraft) [STDOUT]: 🟢 HOVER DETECTADO NO ÍCONE INFO!
[21:19:26] [Render thread/INFO] (Minecraft) [STDOUT]:    Mouse X: 233 (entre 227 e 239)? true
[21:19:26] [Render thread/INFO] (Minecraft) [STDOUT]:    Mouse Y: 67 (entre 63 e 75)? true
[21:19:26] [Render thread/INFO] (Minecraft) [STDOUT]: 🟢 HOVER DETECTADO NO ÍCONE INFO!
[21:19:26] [Render thread/INFO] (Minecraft) [STDOUT]:    Mouse X: 233 (entre 227 e 239)? true
[21:19:26] [Render thread/INFO] (Minecraft) [STDOUT]:    Mouse Y: 67 (entre 63 e 75)? true
[21:19:26] [Render thread/INFO] (Minecraft) [STDOUT]: 🟢 HOVER DETECTADO NO ÍCONE INFO!
[21:19:26] [Render thread/INFO] (Minecraft) [STDOUT]:    Mouse X: 233 (entre 227 e 239)? true
[21:19:26] [Render thread/INFO] (Minecraft) [STDOUT]:    Mouse Y: 67 (entre 63 e 75)? true
[21:19:26] [Render thread/INFO] (Minecraft) [STDOUT]: 🟢 HOVER DETECTADO NO ÍCONE INFO!
[21:19:26] [Render thread/INFO] (Minecraft) [STDOUT]:    Mouse X: 233 (entre 227 e 239)? true
[21:19:26] [Render thread/INFO] (Minecraft) [STDOUT]:    Mouse Y: 67 (entre 63 e 75)? true
[21:19:26] [Render thread/INFO] (Minecraft) [STDOUT]: 🟢 HOVER DETECTADO NO ÍCONE INFO!
[21:19:26] [Render thread/INFO] (Minecraft) [STDOUT]:    Mouse X: 233 (entre 227 e 239)? true
[21:19:26] [Render thread/INFO] (Minecraft) [STDOUT]:    Mouse Y: 67 (entre 63 e 75)? true
[21:19:26] [Render thread/INFO] (Minecraft) [STDOUT]: 🟢 HOVER DETECTADO NO ÍCONE INFO!
[21:19:26] [Render thread/INFO] (Minecraft) [STDOUT]:    Mouse X: 233 (entre 227 e 239)? true
[21:19:26] [Render thread/INFO] (Minecraft) [STDOUT]:    Mouse Y: 67 (entre 63 e 75)? true
[21:19:26] [Render thread/INFO] (Minecraft) [STDOUT]: 🟢 HOVER DETECTADO NO ÍCONE INFO!
[21:19:26] [Render thread/INFO] (Minecraft) [STDOUT]:    Mouse X: 233 (entre 227 e 239)? true
[21:19:26] [Render thread/INFO] (Minecraft) [STDOUT]:    Mouse Y: 67 (entre 63 e 75)? true
[21:19:26] [Render thread/INFO] (Minecraft) [STDOUT]: 🟢 HOVER DETECTADO NO ÍCONE INFO!
[21:19:26] [Render thread/INFO] (Minecraft) [STDOUT]:    Mouse X: 233 (entre 227 e 239)? true
[21:19:26] [Render thread/INFO] (Minecraft) [STDOUT]:    Mouse Y: 67 (entre 63 e 75)? true
[21:19:26] [Render thread/INFO] (Minecraft) [STDOUT]: 🟢 HOVER DETECTADO NO ÍCONE INFO!
[21:19:26] [Render thread/INFO] (Minecraft) [STDOUT]:    Mouse X: 233 (entre 227 e 239)? true
[21:19:26] [Render thread/INFO] (Minecraft) [STDOUT]:    Mouse Y: 67 (entre 63 e 75)? true
[21:19:26] [Render thread/INFO] (Minecraft) [STDOUT]: 🟢 HOVER DETECTADO NO ÍCONE INFO!
[21:19:26] [Render thread/INFO] (Minecraft) [STDOUT]:    Mouse X: 233 (entre 227 e 239)? true
[21:19:26] [Render thread/INFO] (Minecraft) [STDOUT]:    Mouse Y: 67 (entre 63 e 75)? true
[21:19:26] [Render thread/INFO] (Minecraft) [STDOUT]: 🟢 HOVER DETECTADO NO ÍCONE INFO!
[21:19:26] [Render thread/INFO] (Minecraft) [STDOUT]:    Mouse X: 233 (entre 227 e 239)? true
[21:19:26] [Render thread/INFO] (Minecraft) [STDOUT]:    Mouse Y: 67 (entre 63 e 75)? true
[21:19:26] [Render thread/INFO] (Minecraft) [STDOUT]: 🟢 HOVER DETECTADO NO ÍCONE INFO!
[21:19:26] [Render thread/INFO] (Minecraft) [STDOUT]:    Mouse X: 233 (entre 227 e 239)? true
[21:19:26] [Render thread/INFO] (Minecraft) [STDOUT]:    Mouse Y: 67 (entre 63 e 75)? true
[21:19:26] [Render thread/INFO] (Minecraft) [STDOUT]: 🟢 HOVER DETECTADO NO ÍCONE INFO!
[21:19:26] [Render thread/INFO] (Minecraft) [STDOUT]:    Mouse X: 233 (entre 227 e 239)? true
[21:19:26] [Render thread/INFO] (Minecraft) [STDOUT]:    Mouse Y: 67 (entre 63 e 75)? true
[21:19:26] [Render thread/INFO] (Minecraft) [STDOUT]: 🟢 HOVER DETECTADO NO ÍCONE INFO!
[21:19:26] [Render thread/INFO] (Minecraft) [STDOUT]:    Mouse X: 233 (entre 227 e 239)? true
[21:19:26] [Render thread/INFO] (Minecraft) [STDOUT]:    Mouse Y: 67 (entre 63 e 75)? true
[21:19:26] [Render thread/INFO] (Minecraft) [STDOUT]: 🟢 HOVER DETECTADO NO ÍCONE INFO!
[21:19:26] [Render thread/INFO] (Minecraft) [STDOUT]:    Mouse X: 233 (entre 227 e 239)? true
[21:19:26] [Render thread/INFO] (Minecraft) [STDOUT]:    Mouse Y: 67 (entre 63 e 75)? true
[21:19:26] [Render thread/INFO] (Minecraft) [STDOUT]: 🟢 HOVER DETECTADO NO ÍCONE INFO!
[21:19:26] [Render thread/INFO] (Minecraft) [STDOUT]:    Mouse X: 233 (entre 227 e 239)? true
[21:19:26] [Render thread/INFO] (Minecraft) [STDOUT]:    Mouse Y: 67 (entre 63 e 75)? true
[21:19:26] [Render thread/INFO] (Minecraft) [STDOUT]: 🟢 HOVER DETECTADO NO ÍCONE INFO!
[21:19:26] [Render thread/INFO] (Minecraft) [STDOUT]:    Mouse X: 233 (entre 227 e 239)? true
[21:19:26] [Render thread/INFO] (Minecraft) [STDOUT]:    Mouse Y: 67 (entre 63 e 75)? true
[21:19:26] [Render thread/INFO] (Minecraft) [STDOUT]: 🟢 HOVER DETECTADO NO ÍCONE INFO!
[21:19:26] [Render thread/INFO] (Minecraft) [STDOUT]:    Mouse X: 233 (entre 227 e 239)? true
[21:19:26] [Render thread/INFO] (Minecraft) [STDOUT]:    Mouse Y: 67 (entre 63 e 75)? true
[21:19:26] [Render thread/INFO] (Minecraft) [STDOUT]: 🟢 HOVER DETECTADO NO ÍCONE INFO!
[21:19:26] [Render thread/INFO] (Minecraft) [STDOUT]:    Mouse X: 233 (entre 227 e 239)? true
[21:19:26] [Render thread/INFO] (Minecraft) [STDOUT]:    Mouse Y: 67 (entre 63 e 75)? true
[21:19:26] [Render thread/INFO] (Minecraft) [STDOUT]: 🟢 HOVER DETECTADO NO ÍCONE INFO!
[21:19:26] [Render thread/INFO] (Minecraft) [STDOUT]:    Mouse X: 233 (entre 227 e 239)? true
[21:19:26] [Render thread/INFO] (Minecraft) [STDOUT]:    Mouse Y: 67 (entre 63 e 75)? true
[21:19:26] [Render thread/INFO] (Minecraft) [STDOUT]: 🟢 HOVER DETECTADO NO ÍCONE INFO!
[21:19:26] [Render thread/INFO] (Minecraft) [STDOUT]:    Mouse X: 233 (entre 227 e 239)? true
[21:19:26] [Render thread/INFO] (Minecraft) [STDOUT]:    Mouse Y: 67 (entre 63 e 75)? true
[21:19:26] [Render thread/INFO] (Minecraft) [STDOUT]: 🟢 HOVER DETECTADO NO ÍCONE INFO!
[21:19:26] [Render thread/INFO] (Minecraft) [STDOUT]:    Mouse X: 233 (entre 227 e 239)? true
[21:19:26] [Render thread/INFO] (Minecraft) [STDOUT]:    Mouse Y: 67 (entre 63 e 75)? true
[21:19:26] [Render thread/INFO] (Minecraft) [STDOUT]: 🟢 HOVER DETECTADO NO ÍCONE INFO!
[21:19:26] [Render thread/INFO] (Minecraft) [STDOUT]:    Mouse X: 233 (entre 227 e 239)? true
[21:19:26] [Render thread/INFO] (Minecraft) [STDOUT]:    Mouse Y: 67 (entre 63 e 75)? true
[21:19:26] [Render thread/INFO] (Minecraft) [STDOUT]: 🟢 HOVER DETECTADO NO ÍCONE INFO!
[21:19:26] [Render thread/INFO] (Minecraft) [STDOUT]:    Mouse X: 233 (entre 227 e 239)? true
[21:19:26] [Render thread/INFO] (Minecraft) [STDOUT]:    Mouse Y: 67 (entre 63 e 75)? true
[21:19:26] [Render thread/INFO] (Minecraft) [STDOUT]: 🟢 HOVER DETECTADO NO ÍCONE INFO!
[21:19:26] [Render thread/INFO] (Minecraft) [STDOUT]:    Mouse X: 233 (entre 227 e 239)? true
[21:19:26] [Render thread/INFO] (Minecraft) [STDOUT]:    Mouse Y: 67 (entre 63 e 75)? true
[21:19:26] [Render thread/INFO] (Minecraft) [STDOUT]: 🟢 HOVER DETECTADO NO ÍCONE INFO!
[21:19:26] [Render thread/INFO] (Minecraft) [STDOUT]:    Mouse X: 233 (entre 227 e 239)? true
[21:19:26] [Render thread/INFO] (Minecraft) [STDOUT]:    Mouse Y: 67 (entre 63 e 75)? true
[21:19:26] [Render thread/INFO] (Minecraft) [STDOUT]: 🟢 HOVER DETECTADO NO ÍCONE INFO!
[21:19:26] [Render thread/INFO] (Minecraft) [STDOUT]:    Mouse X: 233 (entre 227 e 239)? true
[21:19:26] [Render thread/INFO] (Minecraft) [STDOUT]:    Mouse Y: 67 (entre 63 e 75)? true
[21:19:26] [Render thread/INFO] (Minecraft) [STDOUT]: 🟢 HOVER DETECTADO NO ÍCONE INFO!
[21:19:26] [Render thread/INFO] (Minecraft) [STDOUT]:    Mouse X: 233 (entre 227 e 239)? true
[21:19:26] [Render thread/INFO] (Minecraft) [STDOUT]:    Mouse Y: 67 (entre 63 e 75)? true
[21:19:26] [Render thread/INFO] (Minecraft) [STDOUT]: 🟢 HOVER DETECTADO NO ÍCONE INFO!
[21:19:26] [Render thread/INFO] (Minecraft) [STDOUT]:    Mouse X: 233 (entre 227 e 239)? true
[21:19:26] [Render thread/INFO] (Minecraft) [STDOUT]:    Mouse Y: 67 (entre 63 e 75)? true
[21:19:26] [Render thread/INFO] (Minecraft) [STDOUT]: 🟢 HOVER DETECTADO NO ÍCONE INFO!
[21:19:26] [Render thread/INFO] (Minecraft) [STDOUT]:    Mouse X: 233 (entre 227 e 239)? true
[21:19:26] [Render thread/INFO] (Minecraft) [STDOUT]:    Mouse Y: 67 (entre 63 e 75)? true
[21:19:26] [Render thread/INFO] (Minecraft) [STDOUT]: 🟢 HOVER DETECTADO NO ÍCONE INFO!
[21:19:26] [Render thread/INFO] (Minecraft) [STDOUT]:    Mouse X: 233 (entre 227 e 239)? true
[21:19:26] [Render thread/INFO] (Minecraft) [STDOUT]:    Mouse Y: 67 (entre 63 e 75)? true
[21:19:26] [Render thread/INFO] (Minecraft) [STDOUT]: 🟢 HOVER DETECTADO NO ÍCONE INFO!
[21:19:26] [Render thread/INFO] (Minecraft) [STDOUT]:    Mouse X: 233 (entre 227 e 239)? true
[21:19:26] [Render thread/INFO] (Minecraft) [STDOUT]:    Mouse Y: 67 (entre 63 e 75)? true
[21:19:26] [Render thread/INFO] (Minecraft) [STDOUT]: 🟢 HOVER DETECTADO NO ÍCONE INFO!
[21:19:26] [Render thread/INFO] (Minecraft) [STDOUT]:    Mouse X: 233 (entre 227 e 239)? true
[21:19:26] [Render thread/INFO] (Minecraft) [STDOUT]:    Mouse Y: 67 (entre 63 e 75)? true
[21:19:26] [Render thread/INFO] (Minecraft) [STDOUT]: 🟢 HOVER DETECTADO NO ÍCONE INFO!
[21:19:26] [Render thread/INFO] (Minecraft) [STDOUT]:    Mouse X: 233 (entre 227 e 239)? true
[21:19:26] [Render thread/INFO] (Minecraft) [STDOUT]:    Mouse Y: 67 (entre 63 e 75)? true
[21:19:26] [Render thread/INFO] (Minecraft) [STDOUT]: 🟢 HOVER DETECTADO NO ÍCONE INFO!
[21:19:26] [Render thread/INFO] (Minecraft) [STDOUT]:    Mouse X: 233 (entre 227 e 239)? true
[21:19:26] [Render thread/INFO] (Minecraft) [STDOUT]:    Mouse Y: 67 (entre 63 e 75)? true
[21:19:26] [Render thread/INFO] (Minecraft) [STDOUT]: 🟢 HOVER DETECTADO NO ÍCONE INFO!
[21:19:26] [Render thread/INFO] (Minecraft) [STDOUT]:    Mouse X: 233 (entre 227 e 239)? true
[21:19:26] [Render thread/INFO] (Minecraft) [STDOUT]:    Mouse Y: 67 (entre 63 e 75)? true
[21:19:26] [Render thread/INFO] (Minecraft) [STDOUT]: 🟢 HOVER DETECTADO NO ÍCONE INFO!
[21:19:26] [Render thread/INFO] (Minecraft) [STDOUT]:    Mouse X: 233 (entre 227 e 239)? true
[21:19:26] [Render thread/INFO] (Minecraft) [STDOUT]:    Mouse Y: 67 (entre 63 e 75)? true
[21:19:26] [Render thread/INFO] (Minecraft) [STDOUT]: 🟢 HOVER DETECTADO NO ÍCONE INFO!
[21:19:26] [Render thread/INFO] (Minecraft) [STDOUT]:    Mouse X: 233 (entre 227 e 239)? true
[21:19:26] [Render thread/INFO] (Minecraft) [STDOUT]:    Mouse Y: 67 (entre 63 e 75)? true
[21:19:26] [Render thread/INFO] (Minecraft) [STDOUT]: 🟢 HOVER DETECTADO NO ÍCONE INFO!
[21:19:26] [Render thread/INFO] (Minecraft) [STDOUT]:    Mouse X: 233 (entre 227 e 239)? true
[21:19:26] [Render thread/INFO] (Minecraft) [STDOUT]:    Mouse Y: 67 (entre 63 e 75)? true
[21:19:26] [Render thread/INFO] (Minecraft) [STDOUT]: 🟢 HOVER DETECTADO NO ÍCONE INFO!
[21:19:26] [Render thread/INFO] (Minecraft) [STDOUT]:    Mouse X: 233 (entre 227 e 239)? true
[21:19:26] [Render thread/INFO] (Minecraft) [STDOUT]:    Mouse Y: 67 (entre 63 e 75)? true
[21:19:26] [Render thread/INFO] (Minecraft) [STDOUT]: 🟢 HOVER DETECTADO NO ÍCONE INFO!
[21:19:26] [Render thread/INFO] (Minecraft) [STDOUT]:    Mouse X: 233 (entre 227 e 239)? true
[21:19:26] [Render thread/INFO] (Minecraft) [STDOUT]:    Mouse Y: 67 (entre 63 e 75)? true
[21:19:26] [Render thread/INFO] (Minecraft) [STDOUT]: 🟢 HOVER DETECTADO NO ÍCONE INFO!
[21:19:26] [Render thread/INFO] (Minecraft) [STDOUT]:    Mouse X: 233 (entre 227 e 239)? true
[21:19:26] [Render thread/INFO] (Minecraft) [STDOUT]:    Mouse Y: 67 (entre 63 e 75)? true
[21:19:26] [Render thread/INFO] (Minecraft) [STDOUT]: 🟢 HOVER DETECTADO NO ÍCONE INFO!
[21:19:26] [Render thread/INFO] (Minecraft) [STDOUT]:    Mouse X: 233 (entre 227 e 239)? true
[21:19:26] [Render thread/INFO] (Minecraft) [STDOUT]:    Mouse Y: 67 (entre 63 e 75)? true
[21:19:26] [Render thread/INFO] (Minecraft) [STDOUT]: 🟢 HOVER DETECTADO NO ÍCONE INFO!
[21:19:26] [Render thread/INFO] (Minecraft) [STDOUT]:    Mouse X: 233 (entre 227 e 239)? true
[21:19:26] [Render thread/INFO] (Minecraft) [STDOUT]:    Mouse Y: 67 (entre 63 e 75)? true
[21:19:26] [Render thread/INFO] (Minecraft) [STDOUT]: 🟢 HOVER DETECTADO NO ÍCONE INFO!
[21:19:26] [Render thread/INFO] (Minecraft) [STDOUT]:    Mouse X: 233 (entre 227 e 239)? true
[21:19:26] [Render thread/INFO] (Minecraft) [STDOUT]:    Mouse Y: 67 (entre 63 e 75)? true
[21:19:26] [Render thread/INFO] (Minecraft) [STDOUT]: 🟢 HOVER DETECTADO NO ÍCONE INFO!
[21:19:26] [Render thread/INFO] (Minecraft) [STDOUT]:    Mouse X: 233 (entre 227 e 239)? true
[21:19:26] [Render thread/INFO] (Minecraft) [STDOUT]:    Mouse Y: 67 (entre 63 e 75)? true
[21:19:26] [Render thread/INFO] (Minecraft) [STDOUT]: 🟢 HOVER DETECTADO NO ÍCONE INFO!
[21:19:26] [Render thread/INFO] (Minecraft) [STDOUT]:    Mouse X: 233 (entre 227 e 239)? true
[21:19:26] [Render thread/INFO] (Minecraft) [STDOUT]:    Mouse Y: 67 (entre 63 e 75)? true
[21:19:26] [Render thread/INFO] (Minecraft) [STDOUT]: 🟢 HOVER DETECTADO NO ÍCONE INFO!
[21:19:26] [Render thread/INFO] (Minecraft) [STDOUT]:    Mouse X: 233 (entre 227 e 239)? true
[21:19:26] [Render thread/INFO] (Minecraft) [STDOUT]:    Mouse Y: 67 (entre 63 e 75)? true
[21:19:26] [Render thread/INFO] (Minecraft) [STDOUT]: 🟢 HOVER DETECTADO NO ÍCONE INFO!
[21:19:26] [Render thread/INFO] (Minecraft) [STDOUT]:    Mouse X: 233 (entre 227 e 239)? true
[21:19:26] [Render thread/INFO] (Minecraft) [STDOUT]:    Mouse Y: 67 (entre 63 e 75)? true
[21:19:26] [Render thread/INFO] (Minecraft) [STDOUT]: 🟢 HOVER DETECTADO NO ÍCONE INFO!
[21:19:26] [Render thread/INFO] (Minecraft) [STDOUT]:    Mouse X: 233 (entre 227 e 239)? true
[21:19:26] [Render thread/INFO] (Minecraft) [STDOUT]:    Mouse Y: 67 (entre 63 e 75)? true
[21:19:26] [Render thread/INFO] (Minecraft) [STDOUT]: 🟢 HOVER DETECTADO NO ÍCONE INFO!
[21:19:26] [Render thread/INFO] (Minecraft) [STDOUT]:    Mouse X: 233 (entre 227 e 239)? true
[21:19:26] [Render thread/INFO] (Minecraft) [STDOUT]:    Mouse Y: 67 (entre 63 e 75)? true
[21:19:26] [Render thread/INFO] (Minecraft) [STDOUT]: 🟢 HOVER DETECTADO NO ÍCONE INFO!
[21:19:26] [Render thread/INFO] (Minecraft) [STDOUT]:    Mouse X: 233 (entre 227 e 239)? true
[21:19:26] [Render thread/INFO] (Minecraft) [STDOUT]:    Mouse Y: 67 (entre 63 e 75)? true
[21:19:26] [Render thread/INFO] (Minecraft) [STDOUT]: 🟢 HOVER DETECTADO NO ÍCONE INFO!
[21:19:26] [Render thread/INFO] (Minecraft) [STDOUT]:    Mouse X: 233 (entre 227 e 239)? true
[21:19:26] [Render thread/INFO] (Minecraft) [STDOUT]:    Mouse Y: 67 (entre 63 e 75)? true
[21:19:26] [Render thread/INFO] (Minecraft) [STDOUT]: 🟢 HOVER DETECTADO NO ÍCONE INFO!
[21:19:26] [Render thread/INFO] (Minecraft) [STDOUT]:    Mouse X: 233 (entre 227 e 239)? true
[21:19:26] [Render thread/INFO] (Minecraft) [STDOUT]:    Mouse Y: 67 (entre 63 e 75)? true
[21:19:26] [Render thread/INFO] (Minecraft) [STDOUT]: 🟢 HOVER DETECTADO NO ÍCONE INFO!
[21:19:26] [Render thread/INFO] (Minecraft) [STDOUT]:    Mouse X: 233 (entre 227 e 239)? true
[21:19:26] [Render thread/INFO] (Minecraft) [STDOUT]:    Mouse Y: 67 (entre 63 e 75)? true
[21:19:26] [Render thread/INFO] (Minecraft) [STDOUT]: 🟢 HOVER DETECTADO NO ÍCONE INFO!
[21:19:26] [Render thread/INFO] (Minecraft) [STDOUT]:    Mouse X: 233 (entre 227 e 239)? true
[21:19:26] [Render thread/INFO] (Minecraft) [STDOUT]:    Mouse Y: 67 (entre 63 e 75)? true
[21:19:26] [Render thread/INFO] (Minecraft) [STDOUT]: 🟢 HOVER DETECTADO NO ÍCONE INFO!
[21:19:26] [Render thread/INFO] (Minecraft) [STDOUT]:    Mouse X: 233 (entre 227 e 239)? true
[21:19:26] [Render thread/INFO] (Minecraft) [STDOUT]:    Mouse Y: 67 (entre 63 e 75)? true
[21:19:26] [Render thread/INFO] (Minecraft) [STDOUT]: 🟢 HOVER DETECTADO NO ÍCONE INFO!
[21:19:26] [Render thread/INFO] (Minecraft) [STDOUT]:    Mouse X: 233 (entre 227 e 239)? true
[21:19:26] [Render thread/INFO] (Minecraft) [STDOUT]:    Mouse Y: 67 (entre 63 e 75)? true
[21:19:26] [Render thread/INFO] (Minecraft) [STDOUT]: 🟢 HOVER DETECTADO NO ÍCONE INFO!
[21:19:26] [Render thread/INFO] (Minecraft) [STDOUT]:    Mouse X: 233 (entre 227 e 239)? true
[21:19:26] [Render thread/INFO] (Minecraft) [STDOUT]:    Mouse Y: 67 (entre 63 e 75)? true
[21:19:26] [Render thread/INFO] (Minecraft) [STDOUT]: 🟢 HOVER DETECTADO NO ÍCONE INFO!
[21:19:26] [Render thread/INFO] (Minecraft) [STDOUT]:    Mouse X: 233 (entre 227 e 239)? true
[21:19:26] [Render thread/INFO] (Minecraft) [STDOUT]:    Mouse Y: 67 (entre 63 e 75)? true
[21:19:26] [Render thread/INFO] (Minecraft) [STDOUT]: 🟢 HOVER DETECTADO NO ÍCONE INFO!
[21:19:26] [Render thread/INFO] (Minecraft) [STDOUT]:    Mouse X: 233 (entre 227 e 239)? true
[21:19:26] [Render thread/INFO] (Minecraft) [STDOUT]:    Mouse Y: 67 (entre 63 e 75)? true
[21:19:26] [Render thread/INFO] (Minecraft) [STDOUT]: 🟢 HOVER DETECTADO NO ÍCONE INFO!
[21:19:26] [Render thread/INFO] (Minecraft) [STDOUT]:    Mouse X: 233 (entre 227 e 239)? true
[21:19:26] [Render thread/INFO] (Minecraft) [STDOUT]:    Mouse Y: 67 (entre 63 e 75)? true
[21:19:26] [Render thread/INFO] (Minecraft) [STDOUT]: 🟢 HOVER DETECTADO NO ÍCONE INFO!
[21:19:26] [Render thread/INFO] (Minecraft) [STDOUT]:    Mouse X: 233 (entre 227 e 239)? true
[21:19:26] [Render thread/INFO] (Minecraft) [STDOUT]:    Mouse Y: 67 (entre 63 e 75)? true
[21:19:26] [Render thread/INFO] (Minecraft) [STDOUT]: 🟢 HOVER DETECTADO NO ÍCONE INFO!
[21:19:26] [Render thread/INFO] (Minecraft) [STDOUT]:    Mouse X: 233 (entre 227 e 239)? true
[21:19:26] [Render thread/INFO] (Minecraft) [STDOUT]:    Mouse Y: 67 (entre 63 e 75)? true
[21:19:26] [Render thread/INFO] (Minecraft) [STDOUT]: 🟢 HOVER DETECTADO NO ÍCONE INFO!
[21:19:26] [Render thread/INFO] (Minecraft) [STDOUT]:    Mouse X: 233 (entre 227 e 239)? true
[21:19:26] [Render thread/INFO] (Minecraft) [STDOUT]:    Mouse Y: 67 (entre 63 e 75)? true
[21:19:26] [Render thread/INFO] (Minecraft) [STDOUT]: 🟢 HOVER DETECTADO NO ÍCONE INFO!
[21:19:26] [Render thread/INFO] (Minecraft) [STDOUT]:    Mouse X: 233 (entre 227 e 239)? true
[21:19:26] [Render thread/INFO] (Minecraft) [STDOUT]:    Mouse Y: 67 (entre 63 e 75)? true
[21:19:26] [Render thread/INFO] (Minecraft) [STDOUT]: 🟢 HOVER DETECTADO NO ÍCONE INFO!
[21:19:26] [Render thread/INFO] (Minecraft) [STDOUT]:    Mouse X: 233 (entre 227 e 239)? true
[21:19:26] [Render thread/INFO] (Minecraft) [STDOUT]:    Mouse Y: 67 (entre 63 e 75)? true
[21:19:26] [Render thread/INFO] (Minecraft) [STDOUT]: 🟢 HOVER DETECTADO NO ÍCONE INFO!
[21:19:26] [Render thread/INFO] (Minecraft) [STDOUT]:    Mouse X: 233 (entre 227 e 239)? true
[21:19:26] [Render thread/INFO] (Minecraft) [STDOUT]:    Mouse Y: 67 (entre 63 e 75)? true
[21:19:26] [Render thread/INFO] (Minecraft) [STDOUT]: 🟢 HOVER DETECTADO NO ÍCONE INFO!
[21:19:26] [Render thread/INFO] (Minecraft) [STDOUT]:    Mouse X: 233 (entre 227 e 239)? true
[21:19:26] [Render thread/INFO] (Minecraft) [STDOUT]:    Mouse Y: 67 (entre 63 e 75)? true
[21:19:26] [Render thread/INFO] (Minecraft) [STDOUT]: 🟢 HOVER DETECTADO NO ÍCONE INFO!
[21:19:26] [Render thread/INFO] (Minecraft) [STDOUT]:    Mouse X: 233 (entre 227 e 239)? true
[21:19:26] [Render thread/INFO] (Minecraft) [STDOUT]:    Mouse Y: 67 (entre 63 e 75)? true
[21:19:26] [Render thread/INFO] (Minecraft) [STDOUT]: 🟢 HOVER DETECTADO NO ÍCONE INFO!
[21:19:26] [Render thread/INFO] (Minecraft) [STDOUT]:    Mouse X: 233 (entre 227 e 239)? true
[21:19:26] [Render thread/INFO] (Minecraft) [STDOUT]:    Mouse Y: 67 (entre 63 e 75)? true
[21:19:26] [Render thread/INFO] (Minecraft) [STDOUT]: 🟢 HOVER DETECTADO NO ÍCONE INFO!
[21:19:26] [Render thread/INFO] (Minecraft) [STDOUT]:    Mouse X: 233 (entre 227 e 239)? true
[21:19:26] [Render thread/INFO] (Minecraft) [STDOUT]:    Mouse Y: 67 (entre 63 e 75)? true
[21:19:26] [Render thread/INFO] (Minecraft) [STDOUT]: 🟢 HOVER DETECTADO NO ÍCONE INFO!
[21:19:26] [Render thread/INFO] (Minecraft) [STDOUT]:    Mouse X: 233 (entre 227 e 239)? true
[21:19:26] [Render thread/INFO] (Minecraft) [STDOUT]:    Mouse Y: 67 (entre 63 e 75)? true
[21:19:26] [Render thread/INFO] (Minecraft) [STDOUT]: 🟢 HOVER DETECTADO NO ÍCONE INFO!
[21:19:26] [Render thread/INFO] (Minecraft) [STDOUT]:    Mouse X: 233 (entre 227 e 239)? true
[21:19:26] [Render thread/INFO] (Minecraft) [STDOUT]:    Mouse Y: 67 (entre 63 e 75)? true
[21:19:26] [Render thread/INFO] (Minecraft) [STDOUT]: 🟢 HOVER DETECTADO NO ÍCONE INFO!
[21:19:26] [Render thread/INFO] (Minecraft) [STDOUT]:    Mouse X: 233 (entre 227 e 239)? true
[21:19:26] [Render thread/INFO] (Minecraft) [STDOUT]:    Mouse Y: 67 (entre 63 e 75)? true
[21:19:26] [Render thread/INFO] (Minecraft) [STDOUT]: 🟢 HOVER DETECTADO NO ÍCONE INFO!
[21:19:26] [Render thread/INFO] (Minecraft) [STDOUT]:    Mouse X: 233 (entre 227 e 239)? true
[21:19:26] [Render thread/INFO] (Minecraft) [STDOUT]:    Mouse Y: 67 (entre 63 e 75)? true
[21:19:26] [Render thread/INFO] (Minecraft) [STDOUT]: 🟢 HOVER DETECTADO NO ÍCONE INFO!
[21:19:26] [Render thread/INFO] (Minecraft) [STDOUT]:    Mouse X: 233 (entre 227 e 239)? true
[21:19:26] [Render thread/INFO] (Minecraft) [STDOUT]:    Mouse Y: 67 (entre 63 e 75)? true
[21:19:26] [Render thread/INFO] (Minecraft) [STDOUT]: 🟢 HOVER DETECTADO NO ÍCONE INFO!
[21:19:26] [Render thread/INFO] (Minecraft) [STDOUT]:    Mouse X: 233 (entre 227 e 239)? true
[21:19:26] [Render thread/INFO] (Minecraft) [STDOUT]:    Mouse Y: 67 (entre 63 e 75)? true
[21:19:26] [Render thread/INFO] (Minecraft) [STDOUT]: 🟢 HOVER DETECTADO NO ÍCONE INFO!
[21:19:26] [Render thread/INFO] (Minecraft) [STDOUT]:    Mouse X: 233 (entre 227 e 239)? true
[21:19:26] [Render thread/INFO] (Minecraft) [STDOUT]:    Mouse Y: 67 (entre 63 e 75)? true
[21:19:26] [Render thread/INFO] (Minecraft) [STDOUT]: 🟢 HOVER DETECTADO NO ÍCONE INFO!
[21:19:26] [Render thread/INFO] (Minecraft) [STDOUT]:    Mouse X: 233 (entre 227 e 239)? true
[21:19:26] [Render thread/INFO] (Minecraft) [STDOUT]:    Mouse Y: 67 (entre 63 e 75)? true
[21:19:26] [Render thread/INFO] (Minecraft) [STDOUT]: 🟢 HOVER DETECTADO NO ÍCONE INFO!
[21:19:26] [Render thread/INFO] (Minecraft) [STDOUT]:    Mouse X: 233 (entre 227 e 239)? true
[21:19:26] [Render thread/INFO] (Minecraft) [STDOUT]:    Mouse Y: 67 (entre 63 e 75)? true
[21:19:26] [Render thread/INFO] (Minecraft) [STDOUT]: 🟢 HOVER DETECTADO NO ÍCONE INFO!
[21:19:26] [Render thread/INFO] (Minecraft) [STDOUT]:    Mouse X: 233 (entre 227 e 239)? true
[21:19:26] [Render thread/INFO] (Minecraft) [STDOUT]:    Mouse Y: 67 (entre 63 e 75)? true
[21:19:26] [Render thread/INFO] (Minecraft) [STDOUT]: 🟢 HOVER DETECTADO NO ÍCONE INFO!
[21:19:26] [Render thread/INFO] (Minecraft) [STDOUT]:    Mouse X: 233 (entre 227 e 239)? true
[21:19:26] [Render thread/INFO] (Minecraft) [STDOUT]:    Mouse Y: 67 (entre 63 e 75)? true
[21:19:26] [Render thread/INFO] (Minecraft) [STDOUT]: 🟢 HOVER DETECTADO NO ÍCONE INFO!
[21:19:26] [Render thread/INFO] (Minecraft) [STDOUT]:    Mouse X: 233 (entre 227 e 239)? true
[21:19:26] [Render thread/INFO] (Minecraft) [STDOUT]:    Mouse Y: 67 (entre 63 e 75)? true
[21:19:26] [Render thread/INFO] (Minecraft) [STDOUT]: 🟢 HOVER DETECTADO NO ÍCONE INFO!
[21:19:26] [Render thread/INFO] (Minecraft) [STDOUT]:    Mouse X: 233 (entre 227 e 239)? true
[21:19:26] [Render thread/INFO] (Minecraft) [STDOUT]:    Mouse Y: 67 (entre 63 e 75)? true
[21:19:26] [Render thread/INFO] (Minecraft) [STDOUT]: 🟢 HOVER DETECTADO NO ÍCONE INFO!
[21:19:26] [Render thread/INFO] (Minecraft) [STDOUT]:    Mouse X: 233 (entre 227 e 239)? true
[21:19:26] [Render thread/INFO] (Minecraft) [STDOUT]:    Mouse Y: 67 (entre 63 e 75)? true
[21:19:26] [Render thread/INFO] (Minecraft) [STDOUT]: 🟢 HOVER DETECTADO NO ÍCONE INFO!
[21:19:26] [Render thread/INFO] (Minecraft) [STDOUT]:    Mouse X: 233 (entre 227 e 239)? true
[21:19:26] [Render thread/INFO] (Minecraft) [STDOUT]:    Mouse Y: 67 (entre 63 e 75)? true
[21:19:26] [Render thread/INFO] (Minecraft) [STDOUT]: 🟢 HOVER DETECTADO NO ÍCONE INFO!
[21:19:26] [Render thread/INFO] (Minecraft) [STDOUT]:    Mouse X: 233 (entre 227 e 239)? true
[21:19:26] [Render thread/INFO] (Minecraft) [STDOUT]:    Mouse Y: 67 (entre 63 e 75)? true
[21:19:27] [Render thread/INFO] (Minecraft) [STDOUT]: 🟢 HOVER DETECTADO NO ÍCONE INFO!
[21:19:27] [Render thread/INFO] (Minecraft) [STDOUT]:    Mouse X: 233 (entre 227 e 239)? true
[21:19:27] [Render thread/INFO] (Minecraft) [STDOUT]:    Mouse Y: 67 (entre 63 e 75)? true
[21:19:27] [Render thread/INFO] (Minecraft) [STDOUT]: 🟢 HOVER DETECTADO NO ÍCONE INFO!
[21:19:27] [Render thread/INFO] (Minecraft) [STDOUT]:    Mouse X: 233 (entre 227 e 239)? true
[21:19:27] [Render thread/INFO] (Minecraft) [STDOUT]:    Mouse Y: 67 (entre 63 e 75)? true
[21:19:27] [Render thread/INFO] (Minecraft) [STDOUT]: 🟢 HOVER DETECTADO NO ÍCONE INFO!
[21:19:27] [Render thread/INFO] (Minecraft) [STDOUT]:    Mouse X: 233 (entre 227 e 239)? true
[21:19:27] [Render thread/INFO] (Minecraft) [STDOUT]:    Mouse Y: 67 (entre 63 e 75)? true
[21:19:27] [Render thread/INFO] (Minecraft) [STDOUT]: 🟢 HOVER DETECTADO NO ÍCONE INFO!
[21:19:27] [Render thread/INFO] (Minecraft) [STDOUT]:    Mouse X: 233 (entre 227 e 239)? true
[21:19:27] [Render thread/INFO] (Minecraft) [STDOUT]:    Mouse Y: 67 (entre 63 e 75)? true
[21:19:27] [Render thread/INFO] (Minecraft) [STDOUT]: 🟢 HOVER DETECTADO NO ÍCONE INFO!
[21:19:27] [Render thread/INFO] (Minecraft) [STDOUT]:    Mouse X: 233 (entre 227 e 239)? true
[21:19:27] [Render thread/INFO] (Minecraft) [STDOUT]:    Mouse Y: 67 (entre 63 e 75)? true
[21:19:27] [Render thread/INFO] (Minecraft) [STDOUT]: 🟢 HOVER DETECTADO NO ÍCONE INFO!
[21:19:27] [Render thread/INFO] (Minecraft) [STDOUT]:    Mouse X: 233 (entre 227 e 239)? true
[21:19:27] [Render thread/INFO] (Minecraft) [STDOUT]:    Mouse Y: 67 (entre 63 e 75)? true
[21:19:27] [Render thread/INFO] (Minecraft) [STDOUT]: 🟢 HOVER DETECTADO NO ÍCONE INFO!
[21:19:27] [Render thread/INFO] (Minecraft) [STDOUT]:    Mouse X: 233 (entre 227 e 239)? true
[21:19:27] [Render thread/INFO] (Minecraft) [STDOUT]:    Mouse Y: 67 (entre 63 e 75)? true
[21:19:27] [Render thread/INFO] (Minecraft) [STDOUT]: 🟢 HOVER DETECTADO NO ÍCONE INFO!
[21:19:27] [Render thread/INFO] (Minecraft) [STDOUT]:    Mouse X: 233 (entre 227 e 239)? true
[21:19:27] [Render thread/INFO] (Minecraft) [STDOUT]:    Mouse Y: 67 (entre 63 e 75)? true
[21:19:27] [Render thread/INFO] (Minecraft) [STDOUT]: 🟢 HOVER DETECTADO NO ÍCONE INFO!
[21:19:27] [Render thread/INFO] (Minecraft) [STDOUT]:    Mouse X: 233 (entre 227 e 239)? true
[21:19:27] [Render thread/INFO] (Minecraft) [STDOUT]:    Mouse Y: 67 (entre 63 e 75)? true
[21:19:27] [Render thread/INFO] (Minecraft) [STDOUT]: 🟢 HOVER DETECTADO NO ÍCONE INFO!
[21:19:27] [Render thread/INFO] (Minecraft) [STDOUT]:    Mouse X: 233 (entre 227 e 239)? true
[21:19:27] [Render thread/INFO] (Minecraft) [STDOUT]:    Mouse Y: 67 (entre 63 e 75)? true
[21:19:27] [Render thread/INFO] (Minecraft) [STDOUT]: 🟢 HOVER DETECTADO NO ÍCONE INFO!
[21:19:27] [Render thread/INFO] (Minecraft) [STDOUT]:    Mouse X: 233 (entre 227 e 239)? true
[21:19:27] [Render thread/INFO] (Minecraft) [STDOUT]:    Mouse Y: 67 (entre 63 e 75)? true
[21:19:27] [Render thread/INFO] (Minecraft) [STDOUT]: 🟢 HOVER DETECTADO NO ÍCONE INFO!
[21:19:27] [Render thread/INFO] (Minecraft) [STDOUT]:    Mouse X: 233 (entre 227 e 239)? true
[21:19:27] [Render thread/INFO] (Minecraft) [STDOUT]:    Mouse Y: 67 (entre 63 e 75)? true
[21:19:27] [Render thread/INFO] (Minecraft) [STDOUT]: 🟢 HOVER DETECTADO NO ÍCONE INFO!
[21:19:27] [Render thread/INFO] (Minecraft) [STDOUT]:    Mouse X: 233 (entre 227 e 239)? true
[21:19:27] [Render thread/INFO] (Minecraft) [STDOUT]:    Mouse Y: 67 (entre 63 e 75)? true
[21:19:27] [Render thread/INFO] (Minecraft) [STDOUT]: 🟢 HOVER DETECTADO NO ÍCONE INFO!
[21:19:27] [Render thread/INFO] (Minecraft) [STDOUT]:    Mouse X: 233 (entre 227 e 239)? true
[21:19:27] [Render thread/INFO] (Minecraft) [STDOUT]:    Mouse Y: 67 (entre 63 e 75)? true
[21:19:27] [Render thread/INFO] (Minecraft) [STDOUT]: 🟢 HOVER DETECTADO NO ÍCONE INFO!
[21:19:27] [Render thread/INFO] (Minecraft) [STDOUT]:    Mouse X: 233 (entre 227 e 239)? true
[21:19:27] [Render thread/INFO] (Minecraft) [STDOUT]:    Mouse Y: 67 (entre 63 e 75)? true
[21:19:27] [Render thread/INFO] (Minecraft) [STDOUT]: 🟢 HOVER DETECTADO NO ÍCONE INFO!
[21:19:27] [Render thread/INFO] (Minecraft) [STDOUT]:    Mouse X: 233 (entre 227 e 239)? true
[21:19:27] [Render thread/INFO] (Minecraft) [STDOUT]:    Mouse Y: 67 (entre 63 e 75)? true
[21:19:27] [Render thread/INFO] (Minecraft) [STDOUT]: 🟢 HOVER DETECTADO NO ÍCONE INFO!
[21:19:27] [Render thread/INFO] (Minecraft) [STDOUT]:    Mouse X: 233 (entre 227 e 239)? true
[21:19:27] [Render thread/INFO] (Minecraft) [STDOUT]:    Mouse Y: 67 (entre 63 e 75)? true
[21:19:27] [Render thread/INFO] (Minecraft) [STDOUT]: 🟢 HOVER DETECTADO NO ÍCONE INFO!
[21:19:27] [Render thread/INFO] (Minecraft) [STDOUT]:    Mouse X: 233 (entre 227 e 239)? true
[21:19:27] [Render thread/INFO] (Minecraft) [STDOUT]:    Mouse Y: 67 (entre 63 e 75)? true
[21:19:27] [Render thread/INFO] (Minecraft) [STDOUT]: 🟢 HOVER DETECTADO NO ÍCONE INFO!
[21:19:27] [Render thread/INFO] (Minecraft) [STDOUT]:    Mouse X: 233 (entre 227 e 239)? true
[21:19:27] [Render thread/INFO] (Minecraft) [STDOUT]:    Mouse Y: 67 (entre 63 e 75)? true
[21:19:27] [Render thread/INFO] (Minecraft) [STDOUT]: 🟢 HOVER DETECTADO NO ÍCONE INFO!
[21:19:27] [Render thread/INFO] (Minecraft) [STDOUT]:    Mouse X: 233 (entre 227 e 239)? true
[21:19:27] [Render thread/INFO] (Minecraft) [STDOUT]:    Mouse Y: 67 (entre 63 e 75)? true
[21:19:27] [Render thread/INFO] (Minecraft) [STDOUT]: 🟢 HOVER DETECTADO NO ÍCONE INFO!
[21:19:27] [Render thread/INFO] (Minecraft) [STDOUT]:    Mouse X: 233 (entre 227 e 239)? true
[21:19:27] [Render thread/INFO] (Minecraft) [STDOUT]:    Mouse Y: 67 (entre 63 e 75)? true
[21:19:27] [Render thread/INFO] (Minecraft) [STDOUT]: 🟢 HOVER DETECTADO NO ÍCONE INFO!
[21:19:27] [Render thread/INFO] (Minecraft) [STDOUT]:    Mouse X: 233 (entre 227 e 239)? true
[21:19:27] [Render thread/INFO] (Minecraft) [STDOUT]:    Mouse Y: 67 (entre 63 e 75)? true
[21:19:27] [Render thread/INFO] (Minecraft) [STDOUT]: 🟢 HOVER DETECTADO NO ÍCONE INFO!
[21:19:27] [Render thread/INFO] (Minecraft) [STDOUT]:    Mouse X: 233 (entre 227 e 239)? true
[21:19:27] [Render thread/INFO] (Minecraft) [STDOUT]:    Mouse Y: 67 (entre 63 e 75)? true
[21:19:27] [Render thread/INFO] (Minecraft) [STDOUT]: 🟢 HOVER DETECTADO NO ÍCONE INFO!
[21:19:27] [Render thread/INFO] (Minecraft) [STDOUT]:    Mouse X: 233 (entre 227 e 239)? true
[21:19:27] [Render thread/INFO] (Minecraft) [STDOUT]:    Mouse Y: 67 (entre 63 e 75)? true
[21:19:27] [Render thread/INFO] (Minecraft) [STDOUT]: 🟢 HOVER DETECTADO NO ÍCONE INFO!
[21:19:27] [Render thread/INFO] (Minecraft) [STDOUT]:    Mouse X: 233 (entre 227 e 239)? true
[21:19:27] [Render thread/INFO] (Minecraft) [STDOUT]:    Mouse Y: 67 (entre 63 e 75)? true
[21:19:27] [Render thread/INFO] (Minecraft) [STDOUT]: 🟢 HOVER DETECTADO NO ÍCONE INFO!
[21:19:27] [Render thread/INFO] (Minecraft) [STDOUT]:    Mouse X: 233 (entre 227 e 239)? true
[21:19:27] [Render thread/INFO] (Minecraft) [STDOUT]:    Mouse Y: 67 (entre 63 e 75)? true
[21:19:27] [Render thread/INFO] (Minecraft) [STDOUT]: 🟢 HOVER DETECTADO NO ÍCONE INFO!
[21:19:27] [Render thread/INFO] (Minecraft) [STDOUT]:    Mouse X: 233 (entre 227 e 239)? true
[21:19:27] [Render thread/INFO] (Minecraft) [STDOUT]:    Mouse Y: 67 (entre 63 e 75)? true
[21:19:27] [Render thread/INFO] (Minecraft) [STDOUT]: 🟢 HOVER DETECTADO NO ÍCONE INFO!
[21:19:27] [Render thread/INFO] (Minecraft) [STDOUT]:    Mouse X: 233 (entre 227 e 239)? true
[21:19:27] [Render thread/INFO] (Minecraft) [STDOUT]:    Mouse Y: 67 (entre 63 e 75)? true
[21:19:27] [Render thread/INFO] (Minecraft) [STDOUT]: 🟢 HOVER DETECTADO NO ÍCONE INFO!
[21:19:27] [Render thread/INFO] (Minecraft) [STDOUT]:    Mouse X: 233 (entre 227 e 239)? true
[21:19:27] [Render thread/INFO] (Minecraft) [STDOUT]:    Mouse Y: 67 (entre 63 e 75)? true
[21:19:27] [Render thread/INFO] (Minecraft) [STDOUT]: 🟢 HOVER DETECTADO NO ÍCONE INFO!
[21:19:27] [Render thread/INFO] (Minecraft) [STDOUT]:    Mouse X: 233 (entre 227 e 239)? true
[21:19:27] [Render thread/INFO] (Minecraft) [STDOUT]:    Mouse Y: 67 (entre 63 e 75)? true
[21:19:27] [Render thread/INFO] (Minecraft) [STDOUT]: 🟢 HOVER DETECTADO NO ÍCONE INFO!
[21:19:27] [Render thread/INFO] (Minecraft) [STDOUT]:    Mouse X: 233 (entre 227 e 239)? true
[21:19:27] [Render thread/INFO] (Minecraft) [STDOUT]:    Mouse Y: 67 (entre 63 e 75)? true
[21:19:27] [Render thread/INFO] (Minecraft) [STDOUT]: 🟢 HOVER DETECTADO NO ÍCONE INFO!
[21:19:27] [Render thread/INFO] (Minecraft) [STDOUT]:    Mouse X: 233 (entre 227 e 239)? true
[21:19:27] [Render thread/INFO] (Minecraft) [STDOUT]:    Mouse Y: 67 (entre 63 e 75)? true
[21:19:27] [Render thread/INFO] (Minecraft) [STDOUT]: 🟢 HOVER DETECTADO NO ÍCONE INFO!
[21:19:27] [Render thread/INFO] (Minecraft) [STDOUT]:    Mouse X: 233 (entre 227 e 239)? true
[21:19:27] [Render thread/INFO] (Minecraft) [STDOUT]:    Mouse Y: 67 (entre 63 e 75)? true
[21:19:27] [Render thread/INFO] (Minecraft) [STDOUT]: 🟢 HOVER DETECTADO NO ÍCONE INFO!
[21:19:27] [Render thread/INFO] (Minecraft) [STDOUT]:    Mouse X: 233 (entre 227 e 239)? true
[21:19:27] [Render thread/INFO] (Minecraft) [STDOUT]:    Mouse Y: 67 (entre 63 e 75)? true
[21:19:27] [Render thread/INFO] (Minecraft) [STDOUT]: 🟢 HOVER DETECTADO NO ÍCONE INFO!
[21:19:27] [Render thread/INFO] (Minecraft) [STDOUT]:    Mouse X: 233 (entre 227 e 239)? true
[21:19:27] [Render thread/INFO] (Minecraft) [STDOUT]:    Mouse Y: 67 (entre 63 e 75)? true
[21:19:27] [Render thread/INFO] (Minecraft) [STDOUT]: 🟢 HOVER DETECTADO NO ÍCONE INFO!
[21:19:27] [Render thread/INFO] (Minecraft) [STDOUT]:    Mouse X: 233 (entre 227 e 239)? true
[21:19:27] [Render thread/INFO] (Minecraft) [STDOUT]:    Mouse Y: 67 (entre 63 e 75)? true
[21:19:27] [Render thread/INFO] (Minecraft) [STDOUT]: 🟢 HOVER DETECTADO NO ÍCONE INFO!
[21:19:27] [Render thread/INFO] (Minecraft) [STDOUT]:    Mouse X: 233 (entre 227 e 239)? true
[21:19:27] [Render thread/INFO] (Minecraft) [STDOUT]:    Mouse Y: 67 (entre 63 e 75)? true
[21:19:27] [Render thread/INFO] (Minecraft) [STDOUT]: 🟢 HOVER DETECTADO NO ÍCONE INFO!
[21:19:27] [Render thread/INFO] (Minecraft) [STDOUT]:    Mouse X: 233 (entre 227 e 239)? true
[21:19:27] [Render thread/INFO] (Minecraft) [STDOUT]:    Mouse Y: 67 (entre 63 e 75)? true
[21:19:27] [Render thread/INFO] (Minecraft) [STDOUT]: 🟢 HOVER DETECTADO NO ÍCONE INFO!
[21:19:27] [Render thread/INFO] (Minecraft) [STDOUT]:    Mouse X: 233 (entre 227 e 239)? true
[21:19:27] [Render thread/INFO] (Minecraft) [STDOUT]:    Mouse Y: 67 (entre 63 e 75)? true
[21:19:27] [Render thread/INFO] (Minecraft) [STDOUT]: 🟢 HOVER DETECTADO NO ÍCONE INFO!
[21:19:27] [Render thread/INFO] (Minecraft) [STDOUT]:    Mouse X: 233 (entre 227 e 239)? true
[21:19:27] [Render thread/INFO] (Minecraft) [STDOUT]:    Mouse Y: 67 (entre 63 e 75)? true
[21:19:27] [Render thread/INFO] (Minecraft) [STDOUT]: 🟢 HOVER DETECTADO NO ÍCONE INFO!
[21:19:27] [Render thread/INFO] (Minecraft) [STDOUT]:    Mouse X: 233 (entre 227 e 239)? true
[21:19:27] [Render thread/INFO] (Minecraft) [STDOUT]:    Mouse Y: 67 (entre 63 e 75)? true
[21:19:27] [Render thread/INFO] (Minecraft) [STDOUT]: 🟢 HOVER DETECTADO NO ÍCONE INFO!
[21:19:27] [Render thread/INFO] (Minecraft) [STDOUT]:    Mouse X: 233 (entre 227 e 239)? true
[21:19:27] [Render thread/INFO] (Minecraft) [STDOUT]:    Mouse Y: 67 (entre 63 e 75)? true
[21:19:27] [Render thread/INFO] (Minecraft) [STDOUT]: 🟢 HOVER DETECTADO NO ÍCONE INFO!
[21:19:27] [Render thread/INFO] (Minecraft) [STDOUT]:    Mouse X: 233 (entre 227 e 239)? true
[21:19:27] [Render thread/INFO] (Minecraft) [STDOUT]:    Mouse Y: 67 (entre 63 e 75)? true
[21:19:27] [Render thread/INFO] (Minecraft) [STDOUT]: 🟢 HOVER DETECTADO NO ÍCONE INFO!
[21:19:27] [Render thread/INFO] (Minecraft) [STDOUT]:    Mouse X: 233 (entre 227 e 239)? true
[21:19:27] [Render thread/INFO] (Minecraft) [STDOUT]:    Mouse Y: 67 (entre 63 e 75)? true
[21:19:27] [Render thread/INFO] (Minecraft) [STDOUT]: 🟢 HOVER DETECTADO NO ÍCONE INFO!
[21:19:27] [Render thread/INFO] (Minecraft) [STDOUT]:    Mouse X: 233 (entre 227 e 239)? true
[21:19:27] [Render thread/INFO] (Minecraft) [STDOUT]:    Mouse Y: 67 (entre 63 e 75)? true
[21:19:27] [Render thread/INFO] (Minecraft) [STDOUT]: 🟢 HOVER DETECTADO NO ÍCONE INFO!
[21:19:27] [Render thread/INFO] (Minecraft) [STDOUT]:    Mouse X: 233 (entre 227 e 239)? true
[21:19:27] [Render thread/INFO] (Minecraft) [STDOUT]:    Mouse Y: 67 (entre 63 e 75)? true
[21:19:27] [Render thread/INFO] (Minecraft) [STDOUT]: 🟢 HOVER DETECTADO NO ÍCONE INFO!
[21:19:27] [Render thread/INFO] (Minecraft) [STDOUT]:    Mouse X: 233 (entre 227 e 239)? true
[21:19:27] [Render thread/INFO] (Minecraft) [STDOUT]:    Mouse Y: 67 (entre 63 e 75)? true
[21:19:27] [Render thread/INFO] (Minecraft) [STDOUT]: 🟢 HOVER DETECTADO NO ÍCONE INFO!
[21:19:27] [Render thread/INFO] (Minecraft) [STDOUT]:    Mouse X: 233 (entre 227 e 239)? true
[21:19:27] [Render thread/INFO] (Minecraft) [STDOUT]:    Mouse Y: 67 (entre 63 e 75)? true
[21:19:27] [Render thread/INFO] (Minecraft) [STDOUT]: 🟢 HOVER DETECTADO NO ÍCONE INFO!
[21:19:27] [Render thread/INFO] (Minecraft) [STDOUT]:    Mouse X: 233 (entre 227 e 239)? true
[21:19:27] [Render thread/INFO] (Minecraft) [STDOUT]:    Mouse Y: 67 (entre 63 e 75)? true
[21:19:27] [Render thread/INFO] (Minecraft) [STDOUT]: 🟢 HOVER DETECTADO NO ÍCONE INFO!
[21:19:27] [Render thread/INFO] (Minecraft) [STDOUT]:    Mouse X: 233 (entre 227 e 239)? true
[21:19:27] [Render thread/INFO] (Minecraft) [STDOUT]:    Mouse Y: 67 (entre 63 e 75)? true
[21:19:27] [Render thread/INFO] (Minecraft) [STDOUT]: 🟢 HOVER DETECTADO NO ÍCONE INFO!
[21:19:27] [Render thread/INFO] (Minecraft) [STDOUT]:    Mouse X: 233 (entre 227 e 239)? true
[21:19:27] [Render thread/INFO] (Minecraft) [STDOUT]:    Mouse Y: 67 (entre 63 e 75)? true
[21:19:27] [Render thread/INFO] (Minecraft) [STDOUT]: 🟢 HOVER DETECTADO NO ÍCONE INFO!
[21:19:27] [Render thread/INFO] (Minecraft) [STDOUT]:    Mouse X: 233 (entre 227 e 239)? true
[21:19:27] [Render thread/INFO] (Minecraft) [STDOUT]:    Mouse Y: 67 (entre 63 e 75)? true
[21:19:27] [Render thread/INFO] (Minecraft) [STDOUT]: 🟢 HOVER DETECTADO NO ÍCONE INFO!
[21:19:27] [Render thread/INFO] (Minecraft) [STDOUT]:    Mouse X: 233 (entre 227 e 239)? true
[21:19:27] [Render thread/INFO] (Minecraft) [STDOUT]:    Mouse Y: 67 (entre 63 e 75)? true
[21:19:27] [Render thread/INFO] (Minecraft) [STDOUT]: 🟢 HOVER DETECTADO NO ÍCONE INFO!
[21:19:27] [Render thread/INFO] (Minecraft) [STDOUT]:    Mouse X: 233 (entre 227 e 239)? true
[21:19:27] [Render thread/INFO] (Minecraft) [STDOUT]:    Mouse Y: 67 (entre 63 e 75)? true
[21:19:27] [Render thread/INFO] (Minecraft) [STDOUT]: 🟢 HOVER DETECTADO NO ÍCONE INFO!
[21:19:27] [Render thread/INFO] (Minecraft) [STDOUT]:    Mouse X: 233 (entre 227 e 239)? true
[21:19:27] [Render thread/INFO] (Minecraft) [STDOUT]:    Mouse Y: 67 (entre 63 e 75)? true
[21:19:27] [Render thread/INFO] (Minecraft) [STDOUT]: 🟢 HOVER DETECTADO NO ÍCONE INFO!
[21:19:27] [Render thread/INFO] (Minecraft) [STDOUT]:    Mouse X: 233 (entre 227 e 239)? true
[21:19:27] [Render thread/INFO] (Minecraft) [STDOUT]:    Mouse Y: 67 (entre 63 e 75)? true
[21:19:27] [Render thread/INFO] (Minecraft) [STDOUT]: 🟢 HOVER DETECTADO NO ÍCONE INFO!
[21:19:27] [Render thread/INFO] (Minecraft) [STDOUT]:    Mouse X: 233 (entre 227 e 239)? true
[21:19:27] [Render thread/INFO] (Minecraft) [STDOUT]:    Mouse Y: 67 (entre 63 e 75)? true
[21:19:27] [Render thread/INFO] (Minecraft) [STDOUT]: 🟢 HOVER DETECTADO NO ÍCONE INFO!
[21:19:27] [Render thread/INFO] (Minecraft) [STDOUT]:    Mouse X: 233 (entre 227 e 239)? true
[21:19:27] [Render thread/INFO] (Minecraft) [STDOUT]:    Mouse Y: 67 (entre 63 e 75)? true
[21:19:27] [Render thread/INFO] (Minecraft) [STDOUT]: 🟢 HOVER DETECTADO NO ÍCONE INFO!
[21:19:27] [Render thread/INFO] (Minecraft) [STDOUT]:    Mouse X: 233 (entre 227 e 239)? true
[21:19:27] [Render thread/INFO] (Minecraft) [STDOUT]:    Mouse Y: 67 (entre 63 e 75)? true
[21:19:27] [Render thread/INFO] (Minecraft) [STDOUT]: 🟢 HOVER DETECTADO NO ÍCONE INFO!
[21:19:27] [Render thread/INFO] (Minecraft) [STDOUT]:    Mouse X: 233 (entre 227 e 239)? true
[21:19:27] [Render thread/INFO] (Minecraft) [STDOUT]:    Mouse Y: 67 (entre 63 e 75)? true
[21:19:27] [Render thread/INFO] (Minecraft) [STDOUT]: 🟢 HOVER DETECTADO NO ÍCONE INFO!
[21:19:27] [Render thread/INFO] (Minecraft) [STDOUT]:    Mouse X: 233 (entre 227 e 239)? true
[21:19:27] [Render thread/INFO] (Minecraft) [STDOUT]:    Mouse Y: 67 (entre 63 e 75)? true
[21:19:27] [Render thread/INFO] (Minecraft) [STDOUT]: 🟢 HOVER DETECTADO NO ÍCONE INFO!
[21:19:27] [Render thread/INFO] (Minecraft) [STDOUT]:    Mouse X: 233 (entre 227 e 239)? true
[21:19:27] [Render thread/INFO] (Minecraft) [STDOUT]:    Mouse Y: 67 (entre 63 e 75)? true
[21:19:27] [Render thread/INFO] (Minecraft) [STDOUT]: 🟢 HOVER DETECTADO NO ÍCONE INFO!
[21:19:27] [Render thread/INFO] (Minecraft) [STDOUT]:    Mouse X: 233 (entre 227 e 239)? true
[21:19:27] [Render thread/INFO] (Minecraft) [STDOUT]:    Mouse Y: 67 (entre 63 e 75)? true
[21:19:27] [Render thread/INFO] (Minecraft) [STDOUT]: 🟢 HOVER DETECTADO NO ÍCONE INFO!
[21:19:27] [Render thread/INFO] (Minecraft) [STDOUT]:    Mouse X: 233 (entre 227 e 239)? true
[21:19:27] [Render thread/INFO] (Minecraft) [STDOUT]:    Mouse Y: 67 (entre 63 e 75)? true
[21:19:27] [Render thread/INFO] (Minecraft) [STDOUT]: 🟢 HOVER DETECTADO NO ÍCONE INFO!
[21:19:27] [Render thread/INFO] (Minecraft) [STDOUT]:    Mouse X: 233 (entre 227 e 239)? true
[21:19:27] [Render thread/INFO] (Minecraft) [STDOUT]:    Mouse Y: 67 (entre 63 e 75)? true
[21:19:27] [Render thread/INFO] (Minecraft) [STDOUT]: 🟢 HOVER DETECTADO NO ÍCONE INFO!
[21:19:27] [Render thread/INFO] (Minecraft) [STDOUT]:    Mouse X: 233 (entre 227 e 239)? true
[21:19:27] [Render thread/INFO] (Minecraft) [STDOUT]:    Mouse Y: 67 (entre 63 e 75)? true
[21:19:27] [Render thread/INFO] (Minecraft) [STDOUT]: 🟢 HOVER DETECTADO NO ÍCONE INFO!
[21:19:27] [Render thread/INFO] (Minecraft) [STDOUT]:    Mouse X: 233 (entre 227 e 239)? true
[21:19:27] [Render thread/INFO] (Minecraft) [STDOUT]:    Mouse Y: 67 (entre 63 e 75)? true
[21:19:27] [Render thread/INFO] (Minecraft) [STDOUT]: 🟢 HOVER DETECTADO NO ÍCONE INFO!
[21:19:27] [Render thread/INFO] (Minecraft) [STDOUT]:    Mouse X: 233 (entre 227 e 239)? true
[21:19:27] [Render thread/INFO] (Minecraft) [STDOUT]:    Mouse Y: 67 (entre 63 e 75)? true
[21:19:27] [Render thread/INFO] (Minecraft) [STDOUT]: 🟢 HOVER DETECTADO NO ÍCONE INFO!
[21:19:27] [Render thread/INFO] (Minecraft) [STDOUT]:    Mouse X: 233 (entre 227 e 239)? true
[21:19:27] [Render thread/INFO] (Minecraft) [STDOUT]:    Mouse Y: 67 (entre 63 e 75)? true
[21:19:27] [Render thread/INFO] (Minecraft) [STDOUT]: 🟢 HOVER DETECTADO NO ÍCONE INFO!
[21:19:27] [Render thread/INFO] (Minecraft) [STDOUT]:    Mouse X: 233 (entre 227 e 239)? true
[21:19:27] [Render thread/INFO] (Minecraft) [STDOUT]:    Mouse Y: 67 (entre 63 e 75)? true
[21:19:27] [Render thread/INFO] (Minecraft) [STDOUT]: 🟢 HOVER DETECTADO NO ÍCONE INFO!
[21:19:27] [Render thread/INFO] (Minecraft) [STDOUT]:    Mouse X: 233 (entre 227 e 239)? true
[21:19:27] [Render thread/INFO] (Minecraft) [STDOUT]:    Mouse Y: 67 (entre 63 e 75)? true
[21:19:27] [Render thread/INFO] (Minecraft) [STDOUT]: 🟢 HOVER DETECTADO NO ÍCONE INFO!
[21:19:27] [Render thread/INFO] (Minecraft) [STDOUT]:    Mouse X: 233 (entre 227 e 239)? true
[21:19:27] [Render thread/INFO] (Minecraft) [STDOUT]:    Mouse Y: 67 (entre 63 e 75)? true
[21:19:27] [Render thread/INFO] (Minecraft) [STDOUT]: 🟢 HOVER DETECTADO NO ÍCONE INFO!
[21:19:27] [Render thread/INFO] (Minecraft) [STDOUT]:    Mouse X: 233 (entre 227 e 239)? true
[21:19:27] [Render thread/INFO] (Minecraft) [STDOUT]:    Mouse Y: 67 (entre 63 e 75)? true
[21:19:27] [Render thread/INFO] (Minecraft) [STDOUT]: 🟢 HOVER DETECTADO NO ÍCONE INFO!
[21:19:27] [Render thread/INFO] (Minecraft) [STDOUT]:    Mouse X: 233 (entre 227 e 239)? true
[21:19:27] [Render thread/INFO] (Minecraft) [STDOUT]:    Mouse Y: 67 (entre 63 e 75)? true
[21:19:27] [Render thread/INFO] (Minecraft) [STDOUT]: 🟢 HOVER DETECTADO NO ÍCONE INFO!
[21:19:27] [Render thread/INFO] (Minecraft) [STDOUT]:    Mouse X: 233 (entre 227 e 239)? true
[21:19:27] [Render thread/INFO] (Minecraft) [STDOUT]:    Mouse Y: 67 (entre 63 e 75)? true
[21:19:27] [Render thread/INFO] (Minecraft) [STDOUT]: 🟢 HOVER DETECTADO NO ÍCONE INFO!
[21:19:27] [Render thread/INFO] (Minecraft) [STDOUT]:    Mouse X: 233 (entre 227 e 239)? true
[21:19:27] [Render thread/INFO] (Minecraft) [STDOUT]:    Mouse Y: 67 (entre 63 e 75)? true
[21:19:27] [Render thread/INFO] (Minecraft) [STDOUT]: 🟢 HOVER DETECTADO NO ÍCONE INFO!
[21:19:27] [Render thread/INFO] (Minecraft) [STDOUT]:    Mouse X: 233 (entre 227 e 239)? true
[21:19:27] [Render thread/INFO] (Minecraft) [STDOUT]:    Mouse Y: 67 (entre 63 e 75)? true
[21:19:27] [Render thread/INFO] (Minecraft) [STDOUT]: 🟢 HOVER DETECTADO NO ÍCONE INFO!
[21:19:27] [Render thread/INFO] (Minecraft) [STDOUT]:    Mouse X: 233 (entre 227 e 239)? true
[21:19:27] [Render thread/INFO] (Minecraft) [STDOUT]:    Mouse Y: 67 (entre 63 e 75)? true
[21:19:27] [Render thread/INFO] (Minecraft) [STDOUT]: 🟢 HOVER DETECTADO NO ÍCONE INFO!
[21:19:27] [Render thread/INFO] (Minecraft) [STDOUT]:    Mouse X: 233 (entre 227 e 239)? true
[21:19:27] [Render thread/INFO] (Minecraft) [STDOUT]:    Mouse Y: 67 (entre 63 e 75)? true
[21:19:27] [Render thread/INFO] (Minecraft) [STDOUT]: 🟢 HOVER DETECTADO NO ÍCONE INFO!
[21:19:27] [Render thread/INFO] (Minecraft) [STDOUT]:    Mouse X: 233 (entre 227 e 239)? true
[21:19:27] [Render thread/INFO] (Minecraft) [STDOUT]:    Mouse Y: 67 (entre 63 e 75)? true
[21:19:27] [Render thread/INFO] (Minecraft) [STDOUT]: 🟢 HOVER DETECTADO NO ÍCONE INFO!
[21:19:27] [Render thread/INFO] (Minecraft) [STDOUT]:    Mouse X: 233 (entre 227 e 239)? true
[21:19:27] [Render thread/INFO] (Minecraft) [STDOUT]:    Mouse Y: 67 (entre 63 e 75)? true
[21:19:27] [Render thread/INFO] (Minecraft) [STDOUT]: 🟢 HOVER DETECTADO NO ÍCONE INFO!
[21:19:27] [Render thread/INFO] (Minecraft) [STDOUT]:    Mouse X: 233 (entre 227 e 239)? true
[21:19:27] [Render thread/INFO] (Minecraft) [STDOUT]:    Mouse Y: 67 (entre 63 e 75)? true
[21:19:27] [Render thread/INFO] (Minecraft) [STDOUT]: 🟢 HOVER DETECTADO NO ÍCONE INFO!
[21:19:27] [Render thread/INFO] (Minecraft) [STDOUT]:    Mouse X: 233 (entre 227 e 239)? true
[21:19:27] [Render thread/INFO] (Minecraft) [STDOUT]:    Mouse Y: 67 (entre 63 e 75)? true
[21:19:27] [Render thread/INFO] (Minecraft) [STDOUT]: 🟢 HOVER DETECTADO NO ÍCONE INFO!
[21:19:27] [Render thread/INFO] (Minecraft) [STDOUT]:    Mouse X: 233 (entre 227 e 239)? true
[21:19:27] [Render thread/INFO] (Minecraft) [STDOUT]:    Mouse Y: 67 (entre 63 e 75)? true
[21:19:27] [Render thread/INFO] (Minecraft) [STDOUT]: 🟢 HOVER DETECTADO NO ÍCONE INFO!
[21:19:27] [Render thread/INFO] (Minecraft) [STDOUT]:    Mouse X: 233 (entre 227 e 239)? true
[21:19:27] [Render thread/INFO] (Minecraft) [STDOUT]:    Mouse Y: 67 (entre 63 e 75)? true
[21:19:27] [Render thread/INFO] (Minecraft) [STDOUT]: 🟢 HOVER DETECTADO NO ÍCONE INFO!
[21:19:27] [Render thread/INFO] (Minecraft) [STDOUT]:    Mouse X: 233 (entre 227 e 239)? true
[21:19:27] [Render thread/INFO] (Minecraft) [STDOUT]:    Mouse Y: 67 (entre 63 e 75)? true
[21:19:27] [Render thread/INFO] (Minecraft) [STDOUT]: 🟢 HOVER DETECTADO NO ÍCONE INFO!
[21:19:27] [Render thread/INFO] (Minecraft) [STDOUT]:    Mouse X: 233 (entre 227 e 239)? true
[21:19:27] [Render thread/INFO] (Minecraft) [STDOUT]:    Mouse Y: 67 (entre 63 e 75)? true
[21:19:27] [Render thread/INFO] (Minecraft) [STDOUT]: 🟢 HOVER DETECTADO NO ÍCONE INFO!
[21:19:27] [Render thread/INFO] (Minecraft) [STDOUT]:    Mouse X: 233 (entre 227 e 239)? true
[21:19:27] [Render thread/INFO] (Minecraft) [STDOUT]:    Mouse Y: 67 (entre 63 e 75)? true
[21:19:27] [Render thread/INFO] (Minecraft) [STDOUT]: 🟢 HOVER DETECTADO NO ÍCONE INFO!
[21:19:27] [Render thread/INFO] (Minecraft) [STDOUT]:    Mouse X: 233 (entre 227 e 239)? true
[21:19:27] [Render thread/INFO] (Minecraft) [STDOUT]:    Mouse Y: 67 (entre 63 e 75)? true
[21:19:27] [Render thread/INFO] (Minecraft) [STDOUT]: 🟢 HOVER DETECTADO NO ÍCONE INFO!
[21:19:27] [Render thread/INFO] (Minecraft) [STDOUT]:    Mouse X: 233 (entre 227 e 239)? true
[21:19:27] [Render thread/INFO] (Minecraft) [STDOUT]:    Mouse Y: 67 (entre 63 e 75)? true
[21:19:27] [Render thread/INFO] (Minecraft) [STDOUT]: 🟢 HOVER DETECTADO NO ÍCONE INFO!
[21:19:27] [Render thread/INFO] (Minecraft) [STDOUT]:    Mouse X: 233 (entre 227 e 239)? true
[21:19:27] [Render thread/INFO] (Minecraft) [STDOUT]:    Mouse Y: 67 (entre 63 e 75)? true
[21:19:27] [Render thread/INFO] (Minecraft) [STDOUT]: 🟢 HOVER DETECTADO NO ÍCONE INFO!
[21:19:27] [Render thread/INFO] (Minecraft) [STDOUT]:    Mouse X: 233 (entre 227 e 239)? true
[21:19:27] [Render thread/INFO] (Minecraft) [STDOUT]:    Mouse Y: 67 (entre 63 e 75)? true
[21:19:27] [Render thread/INFO] (Minecraft) [STDOUT]: 🟢 HOVER DETECTADO NO ÍCONE INFO!
[21:19:27] [Render thread/INFO] (Minecraft) [STDOUT]:    Mouse X: 233 (entre 227 e 239)? true
[21:19:27] [Render thread/INFO] (Minecraft) [STDOUT]:    Mouse Y: 67 (entre 63 e 75)? true
[21:19:27] [Render thread/INFO] (Minecraft) [STDOUT]: 🟢 HOVER DETECTADO NO ÍCONE INFO!
[21:19:27] [Render thread/INFO] (Minecraft) [STDOUT]:    Mouse X: 233 (entre 227 e 239)? true
[21:19:27] [Render thread/INFO] (Minecraft) [STDOUT]:    Mouse Y: 67 (entre 63 e 75)? true
[21:19:27] [Render thread/INFO] (Minecraft) [STDOUT]: 🟢 HOVER DETECTADO NO ÍCONE INFO!
[21:19:27] [Render thread/INFO] (Minecraft) [STDOUT]:    Mouse X: 233 (entre 227 e 239)? true
[21:19:27] [Render thread/INFO] (Minecraft) [STDOUT]:    Mouse Y: 67 (entre 63 e 75)? true
[21:19:27] [Render thread/INFO] (Minecraft) [STDOUT]: 🟢 HOVER DETECTADO NO ÍCONE INFO!
[21:19:27] [Render thread/INFO] (Minecraft) [STDOUT]:    Mouse X: 233 (entre 227 e 239)? true
[21:19:27] [Render thread/INFO] (Minecraft) [STDOUT]:    Mouse Y: 67 (entre 63 e 75)? true
[21:19:27] [Render thread/INFO] (Minecraft) [STDOUT]: 🟢 HOVER DETECTADO NO ÍCONE INFO!
[21:19:27] [Render thread/INFO] (Minecraft) [STDOUT]:    Mouse X: 233 (entre 227 e 239)? true
[21:19:27] [Render thread/INFO] (Minecraft) [STDOUT]:    Mouse Y: 67 (entre 63 e 75)? true
[21:19:27] [Render thread/INFO] (Minecraft) [STDOUT]: 🟢 HOVER DETECTADO NO ÍCONE INFO!
[21:19:27] [Render thread/INFO] (Minecraft) [STDOUT]:    Mouse X: 233 (entre 227 e 239)? true
[21:19:27] [Render thread/INFO] (Minecraft) [STDOUT]:    Mouse Y: 67 (entre 63 e 75)? true
[21:19:27] [Render thread/INFO] (Minecraft) [STDOUT]: 🟢 HOVER DETECTADO NO ÍCONE INFO!
[21:19:27] [Render thread/INFO] (Minecraft) [STDOUT]:    Mouse X: 233 (entre 227 e 239)? true
[21:19:27] [Render thread/INFO] (Minecraft) [STDOUT]:    Mouse Y: 67 (entre 63 e 75)? true
[21:19:27] [Render thread/INFO] (Minecraft) [STDOUT]: 🟢 HOVER DETECTADO NO ÍCONE INFO!
[21:19:27] [Render thread/INFO] (Minecraft) [STDOUT]:    Mouse X: 233 (entre 227 e 239)? true
[21:19:27] [Render thread/INFO] (Minecraft) [STDOUT]:    Mouse Y: 67 (entre 63 e 75)? true
[21:19:27] [Render thread/INFO] (Minecraft) [STDOUT]: 🟢 HOVER DETECTADO NO ÍCONE INFO!
[21:19:27] [Render thread/INFO] (Minecraft) [STDOUT]:    Mouse X: 233 (entre 227 e 239)? true
[21:19:27] [Render thread/INFO] (Minecraft) [STDOUT]:    Mouse Y: 67 (entre 63 e 75)? true
[21:19:27] [Render thread/INFO] (Minecraft) [STDOUT]: 🟢 HOVER DETECTADO NO ÍCONE INFO!
[21:19:27] [Render thread/INFO] (Minecraft) [STDOUT]:    Mouse X: 233 (entre 227 e 239)? true
[21:19:27] [Render thread/INFO] (Minecraft) [STDOUT]:    Mouse Y: 67 (entre 63 e 75)? true
[21:19:28] [Render thread/INFO] (Minecraft) [STDOUT]: 🟢 HOVER DETECTADO NO ÍCONE INFO!
[21:19:28] [Render thread/INFO] (Minecraft) [STDOUT]:    Mouse X: 233 (entre 227 e 239)? true
[21:19:28] [Render thread/INFO] (Minecraft) [STDOUT]:    Mouse Y: 67 (entre 63 e 75)? true
[21:19:28] [Render thread/INFO] (Minecraft) [STDOUT]: 🟢 HOVER DETECTADO NO ÍCONE INFO!
[21:19:28] [Render thread/INFO] (Minecraft) [STDOUT]:    Mouse X: 233 (entre 227 e 239)? true
[21:19:28] [Render thread/INFO] (Minecraft) [STDOUT]:    Mouse Y: 67 (entre 63 e 75)? true
[21:19:28] [Render thread/INFO] (Minecraft) [STDOUT]: 🟢 HOVER DETECTADO NO ÍCONE INFO!
[21:19:28] [Render thread/INFO] (Minecraft) [STDOUT]:    Mouse X: 233 (entre 227 e 239)? true
[21:19:28] [Render thread/INFO] (Minecraft) [STDOUT]:    Mouse Y: 67 (entre 63 e 75)? true
[21:19:28] [Render thread/INFO] (Minecraft) [STDOUT]: 🟢 HOVER DETECTADO NO ÍCONE INFO!
[21:19:28] [Render thread/INFO] (Minecraft) [STDOUT]:    Mouse X: 233 (entre 227 e 239)? true
[21:19:28] [Render thread/INFO] (Minecraft) [STDOUT]:    Mouse Y: 67 (entre 63 e 75)? true
[21:19:28] [Render thread/INFO] (Minecraft) [STDOUT]: 🟢 HOVER DETECTADO NO ÍCONE INFO!
[21:19:28] [Render thread/INFO] (Minecraft) [STDOUT]:    Mouse X: 233 (entre 227 e 239)? true
[21:19:28] [Render thread/INFO] (Minecraft) [STDOUT]:    Mouse Y: 67 (entre 63 e 75)? true
[21:19:28] [Render thread/INFO] (Minecraft) [STDOUT]: 🟢 HOVER DETECTADO NO ÍCONE INFO!
[21:19:28] [Render thread/INFO] (Minecraft) [STDOUT]:    Mouse X: 233 (entre 227 e 239)? true
[21:19:28] [Render thread/INFO] (Minecraft) [STDOUT]:    Mouse Y: 67 (entre 63 e 75)? true
[21:19:28] [Render thread/INFO] (Minecraft) [STDOUT]: 🟢 HOVER DETECTADO NO ÍCONE INFO!
[21:19:28] [Render thread/INFO] (Minecraft) [STDOUT]:    Mouse X: 233 (entre 227 e 239)? true
[21:19:28] [Render thread/INFO] (Minecraft) [STDOUT]:    Mouse Y: 67 (entre 63 e 75)? true
[21:19:28] [Render thread/INFO] (Minecraft) [STDOUT]: 🟢 HOVER DETECTADO NO ÍCONE INFO!
[21:19:28] [Render thread/INFO] (Minecraft) [STDOUT]:    Mouse X: 233 (entre 227 e 239)? true
[21:19:28] [Render thread/INFO] (Minecraft) [STDOUT]:    Mouse Y: 67 (entre 63 e 75)? true
[21:19:28] [Render thread/INFO] (Minecraft) [STDOUT]: 🟢 HOVER DETECTADO NO ÍCONE INFO!
[21:19:28] [Render thread/INFO] (Minecraft) [STDOUT]:    Mouse X: 233 (entre 227 e 239)? true
[21:19:28] [Render thread/INFO] (Minecraft) [STDOUT]:    Mouse Y: 67 (entre 63 e 75)? true
[21:19:28] [Render thread/INFO] (Minecraft) [STDOUT]: 🟢 HOVER DETECTADO NO ÍCONE INFO!
[21:19:28] [Render thread/INFO] (Minecraft) [STDOUT]:    Mouse X: 233 (entre 227 e 239)? true
[21:19:28] [Render thread/INFO] (Minecraft) [STDOUT]:    Mouse Y: 67 (entre 63 e 75)? true
[21:19:28] [Render thread/INFO] (Minecraft) [STDOUT]: 🟢 HOVER DETECTADO NO ÍCONE INFO!
[21:19:28] [Render thread/INFO] (Minecraft) [STDOUT]:    Mouse X: 233 (entre 227 e 239)? true
[21:19:28] [Render thread/INFO] (Minecraft) [STDOUT]:    Mouse Y: 67 (entre 63 e 75)? true
[21:19:28] [Render thread/INFO] (Minecraft) [STDOUT]: 🟢 HOVER DETECTADO NO ÍCONE INFO!
[21:19:28] [Render thread/INFO] (Minecraft) [STDOUT]:    Mouse X: 233 (entre 227 e 239)? true
[21:19:28] [Render thread/INFO] (Minecraft) [STDOUT]:    Mouse Y: 67 (entre 63 e 75)? true
[21:19:28] [Render thread/INFO] (Minecraft) [STDOUT]: 🟢 HOVER DETECTADO NO ÍCONE INFO!
[21:19:28] [Render thread/INFO] (Minecraft) [STDOUT]:    Mouse X: 233 (entre 227 e 239)? true
[21:19:28] [Render thread/INFO] (Minecraft) [STDOUT]:    Mouse Y: 67 (entre 63 e 75)? true
[21:19:28] [Render thread/INFO] (Minecraft) [STDOUT]: 🟢 HOVER DETECTADO NO ÍCONE INFO!
[21:19:28] [Render thread/INFO] (Minecraft) [STDOUT]:    Mouse X: 233 (entre 227 e 239)? true
[21:19:28] [Render thread/INFO] (Minecraft) [STDOUT]:    Mouse Y: 67 (entre 63 e 75)? true
[21:19:28] [Render thread/INFO] (Minecraft) [STDOUT]: 🟢 HOVER DETECTADO NO ÍCONE INFO!
[21:19:28] [Render thread/INFO] (Minecraft) [STDOUT]:    Mouse X: 233 (entre 227 e 239)? true
[21:19:28] [Render thread/INFO] (Minecraft) [STDOUT]:    Mouse Y: 67 (entre 63 e 75)? true
[21:19:28] [Render thread/INFO] (Minecraft) [STDOUT]: 🟢 HOVER DETECTADO NO ÍCONE INFO!
[21:19:28] [Render thread/INFO] (Minecraft) [STDOUT]:    Mouse X: 233 (entre 227 e 239)? true
[21:19:28] [Render thread/INFO] (Minecraft) [STDOUT]:    Mouse Y: 67 (entre 63 e 75)? true
[21:19:28] [Render thread/INFO] (Minecraft) [STDOUT]: 🟢 HOVER DETECTADO NO ÍCONE INFO!
[21:19:28] [Render thread/INFO] (Minecraft) [STDOUT]:    Mouse X: 233 (entre 227 e 239)? true
[21:19:28] [Render thread/INFO] (Minecraft) [STDOUT]:    Mouse Y: 67 (entre 63 e 75)? true
[21:19:28] [Render thread/INFO] (Minecraft) [STDOUT]: 🟢 HOVER DETECTADO NO ÍCONE INFO!
[21:19:28] [Render thread/INFO] (Minecraft) [STDOUT]:    Mouse X: 233 (entre 227 e 239)? true
[21:19:28] [Render thread/INFO] (Minecraft) [STDOUT]:    Mouse Y: 67 (entre 63 e 75)? true
[21:19:28] [Render thread/INFO] (Minecraft) [STDOUT]: 🟢 HOVER DETECTADO NO ÍCONE INFO!
[21:19:28] [Render thread/INFO] (Minecraft) [STDOUT]:    Mouse X: 233 (entre 227 e 239)? true
[21:19:28] [Render thread/INFO] (Minecraft) [STDOUT]:    Mouse Y: 67 (entre 63 e 75)? true
[21:19:28] [Render thread/INFO] (Minecraft) [STDOUT]: 🟢 HOVER DETECTADO NO ÍCONE INFO!
[21:19:28] [Render thread/INFO] (Minecraft) [STDOUT]:    Mouse X: 233 (entre 227 e 239)? true
[21:19:28] [Render thread/INFO] (Minecraft) [STDOUT]:    Mouse Y: 67 (entre 63 e 75)? true
[21:19:28] [Render thread/INFO] (Minecraft) [STDOUT]: 🟢 HOVER DETECTADO NO ÍCONE INFO!
[21:19:28] [Render thread/INFO] (Minecraft) [STDOUT]:    Mouse X: 233 (entre 227 e 239)? true
[21:19:28] [Render thread/INFO] (Minecraft) [STDOUT]:    Mouse Y: 67 (entre 63 e 75)? true
[21:19:28] [Render thread/INFO] (Minecraft) [STDOUT]: 🟢 HOVER DETECTADO NO ÍCONE INFO!
[21:19:28] [Render thread/INFO] (Minecraft) [STDOUT]:    Mouse X: 233 (entre 227 e 239)? true
[21:19:28] [Render thread/INFO] (Minecraft) [STDOUT]:    Mouse Y: 67 (entre 63 e 75)? true
[21:19:28] [Render thread/INFO] (Minecraft) [STDOUT]: 🟢 HOVER DETECTADO NO ÍCONE INFO!
[21:19:28] [Render thread/INFO] (Minecraft) [STDOUT]:    Mouse X: 233 (entre 227 e 239)? true
[21:19:28] [Render thread/INFO] (Minecraft) [STDOUT]:    Mouse Y: 67 (entre 63 e 75)? true
[21:19:28] [Render thread/INFO] (Minecraft) [STDOUT]: 🟢 HOVER DETECTADO NO ÍCONE INFO!
[21:19:28] [Render thread/INFO] (Minecraft) [STDOUT]:    Mouse X: 233 (entre 227 e 239)? true
[21:19:28] [Render thread/INFO] (Minecraft) [STDOUT]:    Mouse Y: 67 (entre 63 e 75)? true
[21:19:28] [Render thread/INFO] (Minecraft) [STDOUT]: 🟢 HOVER DETECTADO NO ÍCONE INFO!
[21:19:28] [Render thread/INFO] (Minecraft) [STDOUT]:    Mouse X: 233 (entre 227 e 239)? true
[21:19:28] [Render thread/INFO] (Minecraft) [STDOUT]:    Mouse Y: 67 (entre 63 e 75)? true
[21:19:28] [Render thread/INFO] (Minecraft) [STDOUT]: 🟢 HOVER DETECTADO NO ÍCONE INFO!
[21:19:28] [Render thread/INFO] (Minecraft) [STDOUT]:    Mouse X: 233 (entre 227 e 239)? true
[21:19:28] [Render thread/INFO] (Minecraft) [STDOUT]:    Mouse Y: 67 (entre 63 e 75)? true
[21:19:28] [Render thread/INFO] (Minecraft) [STDOUT]: 🟢 HOVER DETECTADO NO ÍCONE INFO!
[21:19:28] [Render thread/INFO] (Minecraft) [STDOUT]:    Mouse X: 233 (entre 227 e 239)? true
[21:19:28] [Render thread/INFO] (Minecraft) [STDOUT]:    Mouse Y: 67 (entre 63 e 75)? true
[21:19:28] [Render thread/INFO] (Minecraft) [STDOUT]: 🟢 HOVER DETECTADO NO ÍCONE INFO!
[21:19:28] [Render thread/INFO] (Minecraft) [STDOUT]:    Mouse X: 233 (entre 227 e 239)? true
[21:19:28] [Render thread/INFO] (Minecraft) [STDOUT]:    Mouse Y: 67 (entre 63 e 75)? true
[21:19:28] [Render thread/INFO] (Minecraft) [STDOUT]: 🟢 HOVER DETECTADO NO ÍCONE INFO!
[21:19:28] [Render thread/INFO] (Minecraft) [STDOUT]:    Mouse X: 233 (entre 227 e 239)? true
[21:19:28] [Render thread/INFO] (Minecraft) [STDOUT]:    Mouse Y: 67 (entre 63 e 75)? true
[21:19:28] [Render thread/INFO] (Minecraft) [STDOUT]: 🟢 HOVER DETECTADO NO ÍCONE INFO!
[21:19:28] [Render thread/INFO] (Minecraft) [STDOUT]:    Mouse X: 233 (entre 227 e 239)? true
[21:19:28] [Render thread/INFO] (Minecraft) [STDOUT]:    Mouse Y: 67 (entre 63 e 75)? true
[21:19:28] [Render thread/INFO] (Minecraft) [STDOUT]: 🟢 HOVER DETECTADO NO ÍCONE INFO!
[21:19:28] [Render thread/INFO] (Minecraft) [STDOUT]:    Mouse X: 233 (entre 227 e 239)? true
[21:19:28] [Render thread/INFO] (Minecraft) [STDOUT]:    Mouse Y: 67 (entre 63 e 75)? true
[21:19:28] [Render thread/INFO] (Minecraft) [STDOUT]: 🟢 HOVER DETECTADO NO ÍCONE INFO!
[21:19:28] [Render thread/INFO] (Minecraft) [STDOUT]:    Mouse X: 233 (entre 227 e 239)? true
[21:19:28] [Render thread/INFO] (Minecraft) [STDOUT]:    Mouse Y: 67 (entre 63 e 75)? true
[21:19:28] [Render thread/INFO] (Minecraft) [STDOUT]: 🟢 HOVER DETECTADO NO ÍCONE INFO!
[21:19:28] [Render thread/INFO] (Minecraft) [STDOUT]:    Mouse X: 233 (entre 227 e 239)? true
[21:19:28] [Render thread/INFO] (Minecraft) [STDOUT]:    Mouse Y: 67 (entre 63 e 75)? true
[21:19:28] [Render thread/INFO] (Minecraft) [STDOUT]: 🟢 HOVER DETECTADO NO ÍCONE INFO!
[21:19:28] [Render thread/INFO] (Minecraft) [STDOUT]:    Mouse X: 233 (entre 227 e 239)? true
[21:19:28] [Render thread/INFO] (Minecraft) [STDOUT]:    Mouse Y: 67 (entre 63 e 75)? true
[21:19:28] [Render thread/INFO] (Minecraft) [STDOUT]: 🟢 HOVER DETECTADO NO ÍCONE INFO!
[21:19:28] [Render thread/INFO] (Minecraft) [STDOUT]:    Mouse X: 233 (entre 227 e 239)? true
[21:19:28] [Render thread/INFO] (Minecraft) [STDOUT]:    Mouse Y: 67 (entre 63 e 75)? true
[21:19:28] [Render thread/INFO] (Minecraft) [STDOUT]: 🟢 HOVER DETECTADO NO ÍCONE INFO!
[21:19:28] [Render thread/INFO] (Minecraft) [STDOUT]:    Mouse X: 233 (entre 227 e 239)? true
[21:19:28] [Render thread/INFO] (Minecraft) [STDOUT]:    Mouse Y: 67 (entre 63 e 75)? true
[21:19:28] [Render thread/INFO] (Minecraft) [STDOUT]: 🟢 HOVER DETECTADO NO ÍCONE INFO!
[21:19:28] [Render thread/INFO] (Minecraft) [STDOUT]:    Mouse X: 233 (entre 227 e 239)? true
[21:19:28] [Render thread/INFO] (Minecraft) [STDOUT]:    Mouse Y: 67 (entre 63 e 75)? true
[21:19:28] [Render thread/INFO] (Minecraft) [STDOUT]: 🟢 HOVER DETECTADO NO ÍCONE INFO!
[21:19:28] [Render thread/INFO] (Minecraft) [STDOUT]:    Mouse X: 233 (entre 227 e 239)? true
[21:19:28] [Render thread/INFO] (Minecraft) [STDOUT]:    Mouse Y: 67 (entre 63 e 75)? true
[21:19:28] [Render thread/INFO] (Minecraft) [STDOUT]: 🟢 HOVER DETECTADO NO ÍCONE INFO!
[21:19:28] [Render thread/INFO] (Minecraft) [STDOUT]:    Mouse X: 233 (entre 227 e 239)? true
[21:19:28] [Render thread/INFO] (Minecraft) [STDOUT]:    Mouse Y: 67 (entre 63 e 75)? true
[21:19:28] [Render thread/INFO] (Minecraft) [STDOUT]: 🟢 HOVER DETECTADO NO ÍCONE INFO!
[21:19:28] [Render thread/INFO] (Minecraft) [STDOUT]:    Mouse X: 233 (entre 227 e 239)? true
[21:19:28] [Render thread/INFO] (Minecraft) [STDOUT]:    Mouse Y: 67 (entre 63 e 75)? true
[21:19:28] [Render thread/INFO] (Minecraft) [STDOUT]: 🟢 HOVER DETECTADO NO ÍCONE INFO!
[21:19:28] [Render thread/INFO] (Minecraft) [STDOUT]:    Mouse X: 233 (entre 227 e 239)? true
[21:19:28] [Render thread/INFO] (Minecraft) [STDOUT]:    Mouse Y: 67 (entre 63 e 75)? true
[21:19:28] [Render thread/INFO] (Minecraft) [STDOUT]: 🟢 HOVER DETECTADO NO ÍCONE INFO!
[21:19:28] [Render thread/INFO] (Minecraft) [STDOUT]:    Mouse X: 233 (entre 227 e 239)? true
[21:19:28] [Render thread/INFO] (Minecraft) [STDOUT]:    Mouse Y: 67 (entre 63 e 75)? true
[21:19:28] [Render thread/INFO] (Minecraft) [STDOUT]: 🟢 HOVER DETECTADO NO ÍCONE INFO!
[21:19:28] [Render thread/INFO] (Minecraft) [STDOUT]:    Mouse X: 233 (entre 227 e 239)? true
[21:19:28] [Render thread/INFO] (Minecraft) [STDOUT]:    Mouse Y: 67 (entre 63 e 75)? true
[21:19:28] [Render thread/INFO] (Minecraft) [STDOUT]: 🟢 HOVER DETECTADO NO ÍCONE INFO!
[21:19:28] [Render thread/INFO] (Minecraft) [STDOUT]:    Mouse X: 233 (entre 227 e 239)? true
[21:19:28] [Render thread/INFO] (Minecraft) [STDOUT]:    Mouse Y: 67 (entre 63 e 75)? true
[21:19:28] [Render thread/INFO] (Minecraft) [STDOUT]: 🟢 HOVER DETECTADO NO ÍCONE INFO!
[21:19:28] [Render thread/INFO] (Minecraft) [STDOUT]:    Mouse X: 233 (entre 227 e 239)? true
[21:19:28] [Render thread/INFO] (Minecraft) [STDOUT]:    Mouse Y: 67 (entre 63 e 75)? true
[21:19:28] [Render thread/INFO] (Minecraft) [STDOUT]: 🟢 HOVER DETECTADO NO ÍCONE INFO!
[21:19:28] [Render thread/INFO] (Minecraft) [STDOUT]:    Mouse X: 233 (entre 227 e 239)? true
[21:19:28] [Render thread/INFO] (Minecraft) [STDOUT]:    Mouse Y: 67 (entre 63 e 75)? true
[21:19:28] [Render thread/INFO] (Minecraft) [STDOUT]: 🟢 HOVER DETECTADO NO ÍCONE INFO!
[21:19:28] [Render thread/INFO] (Minecraft) [STDOUT]:    Mouse X: 233 (entre 227 e 239)? true
[21:19:28] [Render thread/INFO] (Minecraft) [STDOUT]:    Mouse Y: 67 (entre 63 e 75)? true
[21:19:28] [Render thread/INFO] (Minecraft) [STDOUT]: 🟢 HOVER DETECTADO NO ÍCONE INFO!
[21:19:28] [Render thread/INFO] (Minecraft) [STDOUT]:    Mouse X: 233 (entre 227 e 239)? true
[21:19:28] [Render thread/INFO] (Minecraft) [STDOUT]:    Mouse Y: 67 (entre 63 e 75)? true
[21:19:28] [Render thread/INFO] (Minecraft) [STDOUT]: 🟢 HOVER DETECTADO NO ÍCONE INFO!
[21:19:28] [Render thread/INFO] (Minecraft) [STDOUT]:    Mouse X: 233 (entre 227 e 239)? true
[21:19:28] [Render thread/INFO] (Minecraft) [STDOUT]:    Mouse Y: 67 (entre 63 e 75)? true
[21:19:28] [Render thread/INFO] (Minecraft) [STDOUT]: 🟢 HOVER DETECTADO NO ÍCONE INFO!
[21:19:28] [Render thread/INFO] (Minecraft) [STDOUT]:    Mouse X: 233 (entre 227 e 239)? true
[21:19:28] [Render thread/INFO] (Minecraft) [STDOUT]:    Mouse Y: 67 (entre 63 e 75)? true
[21:19:28] [Render thread/INFO] (Minecraft) [STDOUT]: 🟢 HOVER DETECTADO NO ÍCONE INFO!
[21:19:28] [Render thread/INFO] (Minecraft) [STDOUT]:    Mouse X: 233 (entre 227 e 239)? true
[21:19:28] [Render thread/INFO] (Minecraft) [STDOUT]:    Mouse Y: 67 (entre 63 e 75)? true
[21:19:28] [Render thread/INFO] (Minecraft) [STDOUT]: 🟢 HOVER DETECTADO NO ÍCONE INFO!
[21:19:28] [Render thread/INFO] (Minecraft) [STDOUT]:    Mouse X: 233 (entre 227 e 239)? true
[21:19:28] [Render thread/INFO] (Minecraft) [STDOUT]:    Mouse Y: 67 (entre 63 e 75)? true
[21:19:28] [Render thread/INFO] (Minecraft) [STDOUT]: 🟢 HOVER DETECTADO NO ÍCONE INFO!
[21:19:28] [Render thread/INFO] (Minecraft) [STDOUT]:    Mouse X: 233 (entre 227 e 239)? true
[21:19:28] [Render thread/INFO] (Minecraft) [STDOUT]:    Mouse Y: 67 (entre 63 e 75)? true
[21:19:28] [Render thread/INFO] (Minecraft) [STDOUT]: 🟢 HOVER DETECTADO NO ÍCONE INFO!
[21:19:28] [Render thread/INFO] (Minecraft) [STDOUT]:    Mouse X: 233 (entre 227 e 239)? true
[21:19:28] [Render thread/INFO] (Minecraft) [STDOUT]:    Mouse Y: 67 (entre 63 e 75)? true
[21:19:28] [Render thread/INFO] (Minecraft) [STDOUT]: 🟢 HOVER DETECTADO NO ÍCONE INFO!
[21:19:28] [Render thread/INFO] (Minecraft) [STDOUT]:    Mouse X: 233 (entre 227 e 239)? true
[21:19:28] [Render thread/INFO] (Minecraft) [STDOUT]:    Mouse Y: 67 (entre 63 e 75)? true
[21:19:28] [Render thread/INFO] (Minecraft) [STDOUT]: 🟢 HOVER DETECTADO NO ÍCONE INFO!
[21:19:28] [Render thread/INFO] (Minecraft) [STDOUT]:    Mouse X: 233 (entre 227 e 239)? true
[21:19:28] [Render thread/INFO] (Minecraft) [STDOUT]:    Mouse Y: 67 (entre 63 e 75)? true
[21:19:28] [Render thread/INFO] (Minecraft) [STDOUT]: 🟢 HOVER DETECTADO NO ÍCONE INFO!
[21:19:28] [Render thread/INFO] (Minecraft) [STDOUT]:    Mouse X: 233 (entre 227 e 239)? true
[21:19:28] [Render thread/INFO] (Minecraft) [STDOUT]:    Mouse Y: 67 (entre 63 e 75)? true
[21:19:28] [Render thread/INFO] (Minecraft) [STDOUT]: 🟢 HOVER DETECTADO NO ÍCONE INFO!
[21:19:28] [Render thread/INFO] (Minecraft) [STDOUT]:    Mouse X: 233 (entre 227 e 239)? true
[21:19:28] [Render thread/INFO] (Minecraft) [STDOUT]:    Mouse Y: 67 (entre 63 e 75)? true
[21:19:28] [Render thread/INFO] (Minecraft) [STDOUT]: 🟢 HOVER DETECTADO NO ÍCONE INFO!
[21:19:28] [Render thread/INFO] (Minecraft) [STDOUT]:    Mouse X: 233 (entre 227 e 239)? true
[21:19:28] [Render thread/INFO] (Minecraft) [STDOUT]:    Mouse Y: 67 (entre 63 e 75)? true
[21:19:28] [Render thread/INFO] (Minecraft) [STDOUT]: 🟢 HOVER DETECTADO NO ÍCONE INFO!
[21:19:28] [Render thread/INFO] (Minecraft) [STDOUT]:    Mouse X: 233 (entre 227 e 239)? true
[21:19:28] [Render thread/INFO] (Minecraft) [STDOUT]:    Mouse Y: 67 (entre 63 e 75)? true
[21:19:28] [Render thread/INFO] (Minecraft) [STDOUT]: 🟢 HOVER DETECTADO NO ÍCONE INFO!
[21:19:28] [Render thread/INFO] (Minecraft) [STDOUT]:    Mouse X: 233 (entre 227 e 239)? true
[21:19:28] [Render thread/INFO] (Minecraft) [STDOUT]:    Mouse Y: 67 (entre 63 e 75)? true
[21:19:28] [Render thread/INFO] (Minecraft) [STDOUT]: 🟢 HOVER DETECTADO NO ÍCONE INFO!
[21:19:28] [Render thread/INFO] (Minecraft) [STDOUT]:    Mouse X: 233 (entre 227 e 239)? true
[21:19:28] [Render thread/INFO] (Minecraft) [STDOUT]:    Mouse Y: 67 (entre 63 e 75)? true
[21:19:28] [Render thread/INFO] (Minecraft) [STDOUT]: 🟢 HOVER DETECTADO NO ÍCONE INFO!
[21:19:28] [Render thread/INFO] (Minecraft) [STDOUT]:    Mouse X: 233 (entre 227 e 239)? true
[21:19:28] [Render thread/INFO] (Minecraft) [STDOUT]:    Mouse Y: 67 (entre 63 e 75)? true
[21:19:28] [Render thread/INFO] (Minecraft) [STDOUT]: 🟢 HOVER DETECTADO NO ÍCONE INFO!
[21:19:28] [Render thread/INFO] (Minecraft) [STDOUT]:    Mouse X: 233 (entre 227 e 239)? true
[21:19:28] [Render thread/INFO] (Minecraft) [STDOUT]:    Mouse Y: 67 (entre 63 e 75)? true
[21:19:28] [Render thread/INFO] (Minecraft) [STDOUT]: 🟢 HOVER DETECTADO NO ÍCONE INFO!
[21:19:28] [Render thread/INFO] (Minecraft) [STDOUT]:    Mouse X: 233 (entre 227 e 239)? true
[21:19:28] [Render thread/INFO] (Minecraft) [STDOUT]:    Mouse Y: 67 (entre 63 e 75)? true
[21:19:28] [Render thread/INFO] (Minecraft) [STDOUT]: 🟢 HOVER DETECTADO NO ÍCONE INFO!
[21:19:28] [Render thread/INFO] (Minecraft) [STDOUT]:    Mouse X: 233 (entre 227 e 239)? true
[21:19:28] [Render thread/INFO] (Minecraft) [STDOUT]:    Mouse Y: 67 (entre 63 e 75)? true
[21:19:28] [Render thread/INFO] (Minecraft) [STDOUT]: 🟢 HOVER DETECTADO NO ÍCONE INFO!
[21:19:28] [Render thread/INFO] (Minecraft) [STDOUT]:    Mouse X: 233 (entre 227 e 239)? true
[21:19:28] [Render thread/INFO] (Minecraft) [STDOUT]:    Mouse Y: 67 (entre 63 e 75)? true
[21:19:28] [Render thread/INFO] (Minecraft) [STDOUT]: 🟢 HOVER DETECTADO NO ÍCONE INFO!
[21:19:28] [Render thread/INFO] (Minecraft) [STDOUT]:    Mouse X: 233 (entre 227 e 239)? true
[21:19:28] [Render thread/INFO] (Minecraft) [STDOUT]:    Mouse Y: 67 (entre 63 e 75)? true
[21:19:28] [Render thread/INFO] (Minecraft) [STDOUT]: 🟢 HOVER DETECTADO NO ÍCONE INFO!
[21:19:28] [Render thread/INFO] (Minecraft) [STDOUT]:    Mouse X: 233 (entre 227 e 239)? true
[21:19:28] [Render thread/INFO] (Minecraft) [STDOUT]:    Mouse Y: 67 (entre 63 e 75)? true
[21:19:28] [Render thread/INFO] (Minecraft) [STDOUT]: 🟢 HOVER DETECTADO NO ÍCONE INFO!
[21:19:28] [Render thread/INFO] (Minecraft) [STDOUT]:    Mouse X: 233 (entre 227 e 239)? true
[21:19:28] [Render thread/INFO] (Minecraft) [STDOUT]:    Mouse Y: 67 (entre 63 e 75)? true
[21:19:28] [Render thread/INFO] (Minecraft) [STDOUT]: 🟢 HOVER DETECTADO NO ÍCONE INFO!
[21:19:28] [Render thread/INFO] (Minecraft) [STDOUT]:    Mouse X: 233 (entre 227 e 239)? true
[21:19:28] [Render thread/INFO] (Minecraft) [STDOUT]:    Mouse Y: 67 (entre 63 e 75)? true
[21:19:28] [Render thread/INFO] (Minecraft) [STDOUT]: 🟢 HOVER DETECTADO NO ÍCONE INFO!
[21:19:28] [Render thread/INFO] (Minecraft) [STDOUT]:    Mouse X: 233 (entre 227 e 239)? true
[21:19:28] [Render thread/INFO] (Minecraft) [STDOUT]:    Mouse Y: 67 (entre 63 e 75)? true
[21:19:28] [Render thread/INFO] (Minecraft) [STDOUT]: 🟢 HOVER DETECTADO NO ÍCONE INFO!
[21:19:28] [Render thread/INFO] (Minecraft) [STDOUT]:    Mouse X: 233 (entre 227 e 239)? true
[21:19:28] [Render thread/INFO] (Minecraft) [STDOUT]:    Mouse Y: 67 (entre 63 e 75)? true
[21:19:28] [Render thread/INFO] (Minecraft) [STDOUT]: 🟢 HOVER DETECTADO NO ÍCONE INFO!
[21:19:28] [Render thread/INFO] (Minecraft) [STDOUT]:    Mouse X: 233 (entre 227 e 239)? true
[21:19:28] [Render thread/INFO] (Minecraft) [STDOUT]:    Mouse Y: 67 (entre 63 e 75)? true
[21:19:28] [Render thread/INFO] (Minecraft) [STDOUT]: 🟢 HOVER DETECTADO NO ÍCONE INFO!
[21:19:28] [Render thread/INFO] (Minecraft) [STDOUT]:    Mouse X: 233 (entre 227 e 239)? true
[21:19:28] [Render thread/INFO] (Minecraft) [STDOUT]:    Mouse Y: 67 (entre 63 e 75)? true
[21:19:28] [Render thread/INFO] (Minecraft) [STDOUT]: 🟢 HOVER DETECTADO NO ÍCONE INFO!
[21:19:28] [Render thread/INFO] (Minecraft) [STDOUT]:    Mouse X: 233 (entre 227 e 239)? true
[21:19:28] [Render thread/INFO] (Minecraft) [STDOUT]:    Mouse Y: 67 (entre 63 e 75)? true
[21:19:28] [Render thread/INFO] (Minecraft) [STDOUT]: 🟢 HOVER DETECTADO NO ÍCONE INFO!
[21:19:28] [Render thread/INFO] (Minecraft) [STDOUT]:    Mouse X: 233 (entre 227 e 239)? true
[21:19:28] [Render thread/INFO] (Minecraft) [STDOUT]:    Mouse Y: 67 (entre 63 e 75)? true
[21:19:28] [Render thread/INFO] (Minecraft) [STDOUT]: 🟢 HOVER DETECTADO NO ÍCONE INFO!
[21:19:28] [Render thread/INFO] (Minecraft) [STDOUT]:    Mouse X: 233 (entre 227 e 239)? true
[21:19:28] [Render thread/INFO] (Minecraft) [STDOUT]:    Mouse Y: 67 (entre 63 e 75)? true
[21:19:28] [Render thread/INFO] (Minecraft) [STDOUT]: 🟢 HOVER DETECTADO NO ÍCONE INFO!
[21:19:28] [Render thread/INFO] (Minecraft) [STDOUT]:    Mouse X: 233 (entre 227 e 239)? true
[21:19:28] [Render thread/INFO] (Minecraft) [STDOUT]:    Mouse Y: 67 (entre 63 e 75)? true
[21:19:28] [Render thread/INFO] (Minecraft) [STDOUT]: 🟢 HOVER DETECTADO NO ÍCONE INFO!
[21:19:28] [Render thread/INFO] (Minecraft) [STDOUT]:    Mouse X: 233 (entre 227 e 239)? true
[21:19:28] [Render thread/INFO] (Minecraft) [STDOUT]:    Mouse Y: 67 (entre 63 e 75)? true
[21:19:28] [Render thread/INFO] (Minecraft) [STDOUT]: 🟢 HOVER DETECTADO NO ÍCONE INFO!
[21:19:28] [Render thread/INFO] (Minecraft) [STDOUT]:    Mouse X: 233 (entre 227 e 239)? true
[21:19:28] [Render thread/INFO] (Minecraft) [STDOUT]:    Mouse Y: 67 (entre 63 e 75)? true
[21:19:28] [Render thread/INFO] (Minecraft) [STDOUT]: 🟢 HOVER DETECTADO NO ÍCONE INFO!
[21:19:28] [Render thread/INFO] (Minecraft) [STDOUT]:    Mouse X: 233 (entre 227 e 239)? true
[21:19:28] [Render thread/INFO] (Minecraft) [STDOUT]:    Mouse Y: 67 (entre 63 e 75)? true
[21:19:28] [Render thread/INFO] (Minecraft) [STDOUT]: 🟢 HOVER DETECTADO NO ÍCONE INFO!
[21:19:28] [Render thread/INFO] (Minecraft) [STDOUT]:    Mouse X: 233 (entre 227 e 239)? true
[21:19:28] [Render thread/INFO] (Minecraft) [STDOUT]:    Mouse Y: 67 (entre 63 e 75)? true
[21:19:28] [Render thread/INFO] (Minecraft) [STDOUT]: 🟢 HOVER DETECTADO NO ÍCONE INFO!
[21:19:28] [Render thread/INFO] (Minecraft) [STDOUT]:    Mouse X: 233 (entre 227 e 239)? true
[21:19:28] [Render thread/INFO] (Minecraft) [STDOUT]:    Mouse Y: 67 (entre 63 e 75)? true
[21:19:28] [Render thread/INFO] (Minecraft) [STDOUT]: 🟢 HOVER DETECTADO NO ÍCONE INFO!
[21:19:28] [Render thread/INFO] (Minecraft) [STDOUT]:    Mouse X: 233 (entre 227 e 239)? true
[21:19:28] [Render thread/INFO] (Minecraft) [STDOUT]:    Mouse Y: 67 (entre 63 e 75)? true
[21:19:28] [Render thread/INFO] (Minecraft) [STDOUT]: 🟢 HOVER DETECTADO NO ÍCONE INFO!
[21:19:28] [Render thread/INFO] (Minecraft) [STDOUT]:    Mouse X: 233 (entre 227 e 239)? true
[21:19:28] [Render thread/INFO] (Minecraft) [STDOUT]:    Mouse Y: 67 (entre 63 e 75)? true
[21:19:28] [Render thread/INFO] (Minecraft) [STDOUT]: 🟢 HOVER DETECTADO NO ÍCONE INFO!
[21:19:28] [Render thread/INFO] (Minecraft) [STDOUT]:    Mouse X: 233 (entre 227 e 239)? true
[21:19:28] [Render thread/INFO] (Minecraft) [STDOUT]:    Mouse Y: 67 (entre 63 e 75)? true
[21:19:28] [Render thread/INFO] (Minecraft) [STDOUT]: 🟢 HOVER DETECTADO NO ÍCONE INFO!
[21:19:28] [Render thread/INFO] (Minecraft) [STDOUT]:    Mouse X: 233 (entre 227 e 239)? true
[21:19:28] [Render thread/INFO] (Minecraft) [STDOUT]:    Mouse Y: 67 (entre 63 e 75)? true
[21:19:28] [Render thread/INFO] (Minecraft) [STDOUT]: 🟢 HOVER DETECTADO NO ÍCONE INFO!
[21:19:28] [Render thread/INFO] (Minecraft) [STDOUT]:    Mouse X: 233 (entre 227 e 239)? true
[21:19:28] [Render thread/INFO] (Minecraft) [STDOUT]:    Mouse Y: 67 (entre 63 e 75)? true
[21:19:28] [Render thread/INFO] (Minecraft) [STDOUT]: 🟢 HOVER DETECTADO NO ÍCONE INFO!
[21:19:28] [Render thread/INFO] (Minecraft) [STDOUT]:    Mouse X: 233 (entre 227 e 239)? true
[21:19:28] [Render thread/INFO] (Minecraft) [STDOUT]:    Mouse Y: 67 (entre 63 e 75)? true
[21:19:28] [Render thread/INFO] (Minecraft) [STDOUT]: 🟢 HOVER DETECTADO NO ÍCONE INFO!
[21:19:28] [Render thread/INFO] (Minecraft) [STDOUT]:    Mouse X: 233 (entre 227 e 239)? true
[21:19:28] [Render thread/INFO] (Minecraft) [STDOUT]:    Mouse Y: 67 (entre 63 e 75)? true
[21:19:28] [Render thread/INFO] (Minecraft) [STDOUT]: 🟢 HOVER DETECTADO NO ÍCONE INFO!
[21:19:28] [Render thread/INFO] (Minecraft) [STDOUT]:    Mouse X: 233 (entre 227 e 239)? true
[21:19:28] [Render thread/INFO] (Minecraft) [STDOUT]:    Mouse Y: 67 (entre 63 e 75)? true
[21:19:28] [Render thread/INFO] (Minecraft) [STDOUT]: 🟢 HOVER DETECTADO NO ÍCONE INFO!
[21:19:28] [Render thread/INFO] (Minecraft) [STDOUT]:    Mouse X: 233 (entre 227 e 239)? true
[21:19:28] [Render thread/INFO] (Minecraft) [STDOUT]:    Mouse Y: 67 (entre 63 e 75)? true
[21:19:28] [Render thread/INFO] (Minecraft) [STDOUT]: 🟢 HOVER DETECTADO NO ÍCONE INFO!
[21:19:28] [Render thread/INFO] (Minecraft) [STDOUT]:    Mouse X: 233 (entre 227 e 239)? true
[21:19:28] [Render thread/INFO] (Minecraft) [STDOUT]:    Mouse Y: 67 (entre 63 e 75)? true
[21:19:28] [Render thread/INFO] (Minecraft) [STDOUT]: 🟢 HOVER DETECTADO NO ÍCONE INFO!
[21:19:28] [Render thread/INFO] (Minecraft) [STDOUT]:    Mouse X: 233 (entre 227 e 239)? true
[21:19:28] [Render thread/INFO] (Minecraft) [STDOUT]:    Mouse Y: 67 (entre 63 e 75)? true
[21:19:28] [Render thread/INFO] (Minecraft) [STDOUT]: 🟢 HOVER DETECTADO NO ÍCONE INFO!
[21:19:28] [Render thread/INFO] (Minecraft) [STDOUT]:    Mouse X: 233 (entre 227 e 239)? true
[21:19:28] [Render thread/INFO] (Minecraft) [STDOUT]:    Mouse Y: 67 (entre 63 e 75)? true
[21:19:28] [Render thread/INFO] (Minecraft) [STDOUT]: 🟢 HOVER DETECTADO NO ÍCONE INFO!
[21:19:28] [Render thread/INFO] (Minecraft) [STDOUT]:    Mouse X: 233 (entre 227 e 239)? true
[21:19:28] [Render thread/INFO] (Minecraft) [STDOUT]:    Mouse Y: 67 (entre 63 e 75)? true
[21:19:28] [Render thread/INFO] (Minecraft) [STDOUT]: 🟢 HOVER DETECTADO NO ÍCONE INFO!
[21:19:28] [Render thread/INFO] (Minecraft) [STDOUT]:    Mouse X: 233 (entre 227 e 239)? true
[21:19:28] [Render thread/INFO] (Minecraft) [STDOUT]:    Mouse Y: 67 (entre 63 e 75)? true
[21:19:28] [Render thread/INFO] (Minecraft) [STDOUT]: 🟢 HOVER DETECTADO NO ÍCONE INFO!
[21:19:28] [Render thread/INFO] (Minecraft) [STDOUT]:    Mouse X: 233 (entre 227 e 239)? true
[21:19:28] [Render thread/INFO] (Minecraft) [STDOUT]:    Mouse Y: 67 (entre 63 e 75)? true
[21:19:28] [Render thread/INFO] (Minecraft) [STDOUT]: 🟢 HOVER DETECTADO NO ÍCONE INFO!
[21:19:28] [Render thread/INFO] (Minecraft) [STDOUT]:    Mouse X: 233 (entre 227 e 239)? true
[21:19:28] [Render thread/INFO] (Minecraft) [STDOUT]:    Mouse Y: 67 (entre 63 e 75)? true
[21:19:28] [Render thread/INFO] (Minecraft) [STDOUT]: 🟢 HOVER DETECTADO NO ÍCONE INFO!
[21:19:28] [Render thread/INFO] (Minecraft) [STDOUT]:    Mouse X: 233 (entre 227 e 239)? true
[21:19:28] [Render thread/INFO] (Minecraft) [STDOUT]:    Mouse Y: 67 (entre 63 e 75)? true
[21:19:28] [Render thread/INFO] (Minecraft) [STDOUT]: 🟢 HOVER DETECTADO NO ÍCONE INFO!
[21:19:28] [Render thread/INFO] (Minecraft) [STDOUT]:    Mouse X: 233 (entre 227 e 239)? true
[21:19:28] [Render thread/INFO] (Minecraft) [STDOUT]:    Mouse Y: 67 (entre 63 e 75)? true
[21:19:28] [Render thread/INFO] (Minecraft) [STDOUT]: 🟢 HOVER DETECTADO NO ÍCONE INFO!
[21:19:28] [Render thread/INFO] (Minecraft) [STDOUT]:    Mouse X: 233 (entre 227 e 239)? true
[21:19:28] [Render thread/INFO] (Minecraft) [STDOUT]:    Mouse Y: 67 (entre 63 e 75)? true
[21:19:28] [Render thread/INFO] (Minecraft) [STDOUT]: 🟢 HOVER DETECTADO NO ÍCONE INFO!
[21:19:28] [Render thread/INFO] (Minecraft) [STDOUT]:    Mouse X: 233 (entre 227 e 239)? true
[21:19:28] [Render thread/INFO] (Minecraft) [STDOUT]:    Mouse Y: 67 (entre 63 e 75)? true
[21:19:28] [Render thread/INFO] (Minecraft) [STDOUT]: 🟢 HOVER DETECTADO NO ÍCONE INFO!
[21:19:28] [Render thread/INFO] (Minecraft) [STDOUT]:    Mouse X: 233 (entre 227 e 239)? true
[21:19:28] [Render thread/INFO] (Minecraft) [STDOUT]:    Mouse Y: 67 (entre 63 e 75)? true
[21:19:28] [Render thread/INFO] (Minecraft) [STDOUT]: 🟢 HOVER DETECTADO NO ÍCONE INFO!
[21:19:28] [Render thread/INFO] (Minecraft) [STDOUT]:    Mouse X: 233 (entre 227 e 239)? true
[21:19:28] [Render thread/INFO] (Minecraft) [STDOUT]:    Mouse Y: 67 (entre 63 e 75)? true
[21:19:28] [Render thread/INFO] (Minecraft) [STDOUT]: 🟢 HOVER DETECTADO NO ÍCONE INFO!
[21:19:28] [Render thread/INFO] (Minecraft) [STDOUT]:    Mouse X: 233 (entre 227 e 239)? true
[21:19:28] [Render thread/INFO] (Minecraft) [STDOUT]:    Mouse Y: 67 (entre 63 e 75)? true
[21:19:28] [Render thread/INFO] (Minecraft) [STDOUT]: 🟢 HOVER DETECTADO NO ÍCONE INFO!
[21:19:28] [Render thread/INFO] (Minecraft) [STDOUT]:    Mouse X: 233 (entre 227 e 239)? true
[21:19:28] [Render thread/INFO] (Minecraft) [STDOUT]:    Mouse Y: 67 (entre 63 e 75)? true
[21:19:28] [Render thread/INFO] (Minecraft) [STDOUT]: 🟢 HOVER DETECTADO NO ÍCONE INFO!
[21:19:28] [Render thread/INFO] (Minecraft) [STDOUT]:    Mouse X: 233 (entre 227 e 239)? true
[21:19:28] [Render thread/INFO] (Minecraft) [STDOUT]:    Mouse Y: 67 (entre 63 e 75)? true
[21:19:28] [Render thread/INFO] (Minecraft) [STDOUT]: 🟢 HOVER DETECTADO NO ÍCONE INFO!
[21:19:28] [Render thread/INFO] (Minecraft) [STDOUT]:    Mouse X: 233 (entre 227 e 239)? true
[21:19:28] [Render thread/INFO] (Minecraft) [STDOUT]:    Mouse Y: 67 (entre 63 e 75)? true
[21:19:28] [Render thread/INFO] (Minecraft) [STDOUT]: 🟢 HOVER DETECTADO NO ÍCONE INFO!
[21:19:28] [Render thread/INFO] (Minecraft) [STDOUT]:    Mouse X: 233 (entre 227 e 239)? true
[21:19:28] [Render thread/INFO] (Minecraft) [STDOUT]:    Mouse Y: 67 (entre 63 e 75)? true
[21:19:28] [Render thread/INFO] (Minecraft) [STDOUT]: 🟢 HOVER DETECTADO NO ÍCONE INFO!
[21:19:28] [Render thread/INFO] (Minecraft) [STDOUT]:    Mouse X: 233 (entre 227 e 239)? true
[21:19:28] [Render thread/INFO] (Minecraft) [STDOUT]:    Mouse Y: 67 (entre 63 e 75)? true
[21:19:28] [Render thread/INFO] (Minecraft) [STDOUT]: 🟢 HOVER DETECTADO NO ÍCONE INFO!
[21:19:28] [Render thread/INFO] (Minecraft) [STDOUT]:    Mouse X: 233 (entre 227 e 239)? true
[21:19:28] [Render thread/INFO] (Minecraft) [STDOUT]:    Mouse Y: 67 (entre 63 e 75)? true
[21:19:28] [Render thread/INFO] (Minecraft) [STDOUT]: 🟢 HOVER DETECTADO NO ÍCONE INFO!
[21:19:28] [Render thread/INFO] (Minecraft) [STDOUT]:    Mouse X: 233 (entre 227 e 239)? true
[21:19:28] [Render thread/INFO] (Minecraft) [STDOUT]:    Mouse Y: 67 (entre 63 e 75)? true
[21:19:29] [Render thread/INFO] (Minecraft) [STDOUT]: 🟢 HOVER DETECTADO NO ÍCONE INFO!
[21:19:29] [Render thread/INFO] (Minecraft) [STDOUT]:    Mouse X: 233 (entre 227 e 239)? true
[21:19:29] [Render thread/INFO] (Minecraft) [STDOUT]:    Mouse Y: 67 (entre 63 e 75)? true
[21:19:29] [Render thread/INFO] (Minecraft) [STDOUT]: 🟢 HOVER DETECTADO NO ÍCONE INFO!
[21:19:29] [Render thread/INFO] (Minecraft) [STDOUT]:    Mouse X: 233 (entre 227 e 239)? true
[21:19:29] [Render thread/INFO] (Minecraft) [STDOUT]:    Mouse Y: 67 (entre 63 e 75)? true
[21:19:29] [Render thread/INFO] (Minecraft) [STDOUT]: 🟢 HOVER DETECTADO NO ÍCONE INFO!
[21:19:29] [Render thread/INFO] (Minecraft) [STDOUT]:    Mouse X: 233 (entre 227 e 239)? true
[21:19:29] [Render thread/INFO] (Minecraft) [STDOUT]:    Mouse Y: 67 (entre 63 e 75)? true
[21:19:29] [Render thread/INFO] (Minecraft) [STDOUT]: 🟢 HOVER DETECTADO NO ÍCONE INFO!
[21:19:29] [Render thread/INFO] (Minecraft) [STDOUT]:    Mouse X: 233 (entre 227 e 239)? true
[21:19:29] [Render thread/INFO] (Minecraft) [STDOUT]:    Mouse Y: 67 (entre 63 e 75)? true
[21:19:29] [Render thread/INFO] (Minecraft) [STDOUT]: 🟢 HOVER DETECTADO NO ÍCONE INFO!
[21:19:29] [Render thread/INFO] (Minecraft) [STDOUT]:    Mouse X: 233 (entre 227 e 239)? true
[21:19:29] [Render thread/INFO] (Minecraft) [STDOUT]:    Mouse Y: 67 (entre 63 e 75)? true
[21:19:29] [Render thread/INFO] (Minecraft) [STDOUT]: 🟢 HOVER DETECTADO NO ÍCONE INFO!
[21:19:29] [Render thread/INFO] (Minecraft) [STDOUT]:    Mouse X: 233 (entre 227 e 239)? true
[21:19:29] [Render thread/INFO] (Minecraft) [STDOUT]:    Mouse Y: 67 (entre 63 e 75)? true
[21:19:29] [Render thread/INFO] (Minecraft) [STDOUT]: 🟢 HOVER DETECTADO NO ÍCONE INFO!
[21:19:29] [Render thread/INFO] (Minecraft) [STDOUT]:    Mouse X: 233 (entre 227 e 239)? true
[21:19:29] [Render thread/INFO] (Minecraft) [STDOUT]:    Mouse Y: 67 (entre 63 e 75)? true
[21:19:29] [Render thread/INFO] (Minecraft) [STDOUT]: 🟢 HOVER DETECTADO NO ÍCONE INFO!
[21:19:29] [Render thread/INFO] (Minecraft) [STDOUT]:    Mouse X: 233 (entre 227 e 239)? true
[21:19:29] [Render thread/INFO] (Minecraft) [STDOUT]:    Mouse Y: 67 (entre 63 e 75)? true
[21:19:29] [Render thread/INFO] (Minecraft) [STDOUT]: 🟢 HOVER DETECTADO NO ÍCONE INFO!
[21:19:29] [Render thread/INFO] (Minecraft) [STDOUT]:    Mouse X: 233 (entre 227 e 239)? true
[21:19:29] [Render thread/INFO] (Minecraft) [STDOUT]:    Mouse Y: 67 (entre 63 e 75)? true
[21:19:29] [Render thread/INFO] (Minecraft) [STDOUT]: 🟢 HOVER DETECTADO NO ÍCONE INFO!
[21:19:29] [Render thread/INFO] (Minecraft) [STDOUT]:    Mouse X: 233 (entre 227 e 239)? true
[21:19:29] [Render thread/INFO] (Minecraft) [STDOUT]:    Mouse Y: 67 (entre 63 e 75)? true
[21:19:29] [Render thread/INFO] (Minecraft) [STDOUT]: 🟢 HOVER DETECTADO NO ÍCONE INFO!
[21:19:29] [Render thread/INFO] (Minecraft) [STDOUT]:    Mouse X: 233 (entre 227 e 239)? true
[21:19:29] [Render thread/INFO] (Minecraft) [STDOUT]:    Mouse Y: 67 (entre 63 e 75)? true
[21:19:29] [Render thread/INFO] (Minecraft) [STDOUT]: 🟢 HOVER DETECTADO NO ÍCONE INFO!
[21:19:29] [Render thread/INFO] (Minecraft) [STDOUT]:    Mouse X: 233 (entre 227 e 239)? true
[21:19:29] [Render thread/INFO] (Minecraft) [STDOUT]:    Mouse Y: 67 (entre 63 e 75)? true
[21:19:29] [Render thread/INFO] (Minecraft) [STDOUT]: 🟢 HOVER DETECTADO NO ÍCONE INFO!
[21:19:29] [Render thread/INFO] (Minecraft) [STDOUT]:    Mouse X: 233 (entre 227 e 239)? true
[21:19:29] [Render thread/INFO] (Minecraft) [STDOUT]:    Mouse Y: 67 (entre 63 e 75)? true
[21:19:29] [Render thread/INFO] (Minecraft) [STDOUT]: 🟢 HOVER DETECTADO NO ÍCONE INFO!
[21:19:29] [Render thread/INFO] (Minecraft) [STDOUT]:    Mouse X: 233 (entre 227 e 239)? true
[21:19:29] [Render thread/INFO] (Minecraft) [STDOUT]:    Mouse Y: 67 (entre 63 e 75)? true
[21:19:29] [Render thread/INFO] (Minecraft) [STDOUT]: 🟢 HOVER DETECTADO NO ÍCONE INFO!
[21:19:29] [Render thread/INFO] (Minecraft) [STDOUT]:    Mouse X: 233 (entre 227 e 239)? true
[21:19:29] [Render thread/INFO] (Minecraft) [STDOUT]:    Mouse Y: 67 (entre 63 e 75)? true
[21:19:29] [Render thread/INFO] (Minecraft) [STDOUT]: 🟢 HOVER DETECTADO NO ÍCONE INFO!
[21:19:29] [Render thread/INFO] (Minecraft) [STDOUT]:    Mouse X: 233 (entre 227 e 239)? true
[21:19:29] [Render thread/INFO] (Minecraft) [STDOUT]:    Mouse Y: 67 (entre 63 e 75)? true
[21:19:29] [Render thread/INFO] (Minecraft) [STDOUT]: 🟢 HOVER DETECTADO NO ÍCONE INFO!
[21:19:29] [Render thread/INFO] (Minecraft) [STDOUT]:    Mouse X: 233 (entre 227 e 239)? true
[21:19:29] [Render thread/INFO] (Minecraft) [STDOUT]:    Mouse Y: 67 (entre 63 e 75)? true
[21:19:29] [Render thread/INFO] (Minecraft) [STDOUT]: 🟢 HOVER DETECTADO NO ÍCONE INFO!
[21:19:29] [Render thread/INFO] (Minecraft) [STDOUT]:    Mouse X: 233 (entre 227 e 239)? true
[21:19:29] [Render thread/INFO] (Minecraft) [STDOUT]:    Mouse Y: 67 (entre 63 e 75)? true
[21:19:29] [Render thread/INFO] (Minecraft) [STDOUT]: 🟢 HOVER DETECTADO NO ÍCONE INFO!
[21:19:29] [Render thread/INFO] (Minecraft) [STDOUT]:    Mouse X: 233 (entre 227 e 239)? true
[21:19:29] [Render thread/INFO] (Minecraft) [STDOUT]:    Mouse Y: 67 (entre 63 e 75)? true
[21:19:29] [Render thread/INFO] (Minecraft) [STDOUT]: 🟢 HOVER DETECTADO NO ÍCONE INFO!
[21:19:29] [Render thread/INFO] (Minecraft) [STDOUT]:    Mouse X: 233 (entre 227 e 239)? true
[21:19:29] [Render thread/INFO] (Minecraft) [STDOUT]:    Mouse Y: 67 (entre 63 e 75)? true
[21:19:29] [Render thread/INFO] (Minecraft) [STDOUT]: 🟢 HOVER DETECTADO NO ÍCONE INFO!
[21:19:29] [Render thread/INFO] (Minecraft) [STDOUT]:    Mouse X: 233 (entre 227 e 239)? true
[21:19:29] [Render thread/INFO] (Minecraft) [STDOUT]:    Mouse Y: 67 (entre 63 e 75)? true
[21:19:29] [Render thread/INFO] (Minecraft) [STDOUT]: 🟢 HOVER DETECTADO NO ÍCONE INFO!
[21:19:29] [Render thread/INFO] (Minecraft) [STDOUT]:    Mouse X: 233 (entre 227 e 239)? true
[21:19:29] [Render thread/INFO] (Minecraft) [STDOUT]:    Mouse Y: 67 (entre 63 e 75)? true
[21:19:29] [Render thread/INFO] (Minecraft) [STDOUT]: 🟢 HOVER DETECTADO NO ÍCONE INFO!
[21:19:29] [Render thread/INFO] (Minecraft) [STDOUT]:    Mouse X: 233 (entre 227 e 239)? true
[21:19:29] [Render thread/INFO] (Minecraft) [STDOUT]:    Mouse Y: 67 (entre 63 e 75)? true
[21:19:29] [Render thread/INFO] (Minecraft) [STDOUT]: 🟢 HOVER DETECTADO NO ÍCONE INFO!
[21:19:29] [Render thread/INFO] (Minecraft) [STDOUT]:    Mouse X: 233 (entre 227 e 239)? true
[21:19:29] [Render thread/INFO] (Minecraft) [STDOUT]:    Mouse Y: 67 (entre 63 e 75)? true
[21:19:29] [Render thread/INFO] (Minecraft) [STDOUT]: 🟢 HOVER DETECTADO NO ÍCONE INFO!
[21:19:29] [Render thread/INFO] (Minecraft) [STDOUT]:    Mouse X: 233 (entre 227 e 239)? true
[21:19:29] [Render thread/INFO] (Minecraft) [STDOUT]:    Mouse Y: 67 (entre 63 e 75)? true
[21:19:29] [Render thread/INFO] (Minecraft) [STDOUT]: 🟢 HOVER DETECTADO NO ÍCONE INFO!
[21:19:29] [Render thread/INFO] (Minecraft) [STDOUT]:    Mouse X: 233 (entre 227 e 239)? true
[21:19:29] [Render thread/INFO] (Minecraft) [STDOUT]:    Mouse Y: 67 (entre 63 e 75)? true
[21:19:29] [Render thread/INFO] (Minecraft) [STDOUT]: 🟢 HOVER DETECTADO NO ÍCONE INFO!
[21:19:29] [Render thread/INFO] (Minecraft) [STDOUT]:    Mouse X: 233 (entre 227 e 239)? true
[21:19:29] [Render thread/INFO] (Minecraft) [STDOUT]:    Mouse Y: 67 (entre 63 e 75)? true
[21:19:29] [Render thread/INFO] (Minecraft) [STDOUT]: 🟢 HOVER DETECTADO NO ÍCONE INFO!
[21:19:29] [Render thread/INFO] (Minecraft) [STDOUT]:    Mouse X: 233 (entre 227 e 239)? true
[21:19:29] [Render thread/INFO] (Minecraft) [STDOUT]:    Mouse Y: 67 (entre 63 e 75)? true
[21:19:29] [Render thread/INFO] (Minecraft) [STDOUT]: 🟢 HOVER DETECTADO NO ÍCONE INFO!
[21:19:29] [Render thread/INFO] (Minecraft) [STDOUT]:    Mouse X: 233 (entre 227 e 239)? true
[21:19:29] [Render thread/INFO] (Minecraft) [STDOUT]:    Mouse Y: 67 (entre 63 e 75)? true
[21:19:29] [Render thread/INFO] (Minecraft) [STDOUT]: 🟢 HOVER DETECTADO NO ÍCONE INFO!
[21:19:29] [Render thread/INFO] (Minecraft) [STDOUT]:    Mouse X: 233 (entre 227 e 239)? true
[21:19:29] [Render thread/INFO] (Minecraft) [STDOUT]:    Mouse Y: 67 (entre 63 e 75)? true
[21:19:29] [Render thread/INFO] (Minecraft) [STDOUT]: 🟢 HOVER DETECTADO NO ÍCONE INFO!
[21:19:29] [Render thread/INFO] (Minecraft) [STDOUT]:    Mouse X: 233 (entre 227 e 239)? true
[21:19:29] [Render thread/INFO] (Minecraft) [STDOUT]:    Mouse Y: 67 (entre 63 e 75)? true
[21:19:29] [Render thread/INFO] (Minecraft) [STDOUT]: 🟢 HOVER DETECTADO NO ÍCONE INFO!
[21:19:29] [Render thread/INFO] (Minecraft) [STDOUT]:    Mouse X: 233 (entre 227 e 239)? true
[21:19:29] [Render thread/INFO] (Minecraft) [STDOUT]:    Mouse Y: 67 (entre 63 e 75)? true
[21:19:29] [Render thread/INFO] (Minecraft) [STDOUT]: 🟢 HOVER DETECTADO NO ÍCONE INFO!
[21:19:29] [Render thread/INFO] (Minecraft) [STDOUT]:    Mouse X: 233 (entre 227 e 239)? true
[21:19:29] [Render thread/INFO] (Minecraft) [STDOUT]:    Mouse Y: 67 (entre 63 e 75)? true
[21:19:29] [Render thread/INFO] (Minecraft) [STDOUT]: 🟢 HOVER DETECTADO NO ÍCONE INFO!
[21:19:29] [Render thread/INFO] (Minecraft) [STDOUT]:    Mouse X: 233 (entre 227 e 239)? true
[21:19:29] [Render thread/INFO] (Minecraft) [STDOUT]:    Mouse Y: 67 (entre 63 e 75)? true
[21:19:29] [Render thread/INFO] (Minecraft) [STDOUT]: 🟢 HOVER DETECTADO NO ÍCONE INFO!
[21:19:29] [Render thread/INFO] (Minecraft) [STDOUT]:    Mouse X: 233 (entre 227 e 239)? true
[21:19:29] [Render thread/INFO] (Minecraft) [STDOUT]:    Mouse Y: 67 (entre 63 e 75)? true
[21:19:29] [Render thread/INFO] (Minecraft) [STDOUT]: 🟢 HOVER DETECTADO NO ÍCONE INFO!
[21:19:29] [Render thread/INFO] (Minecraft) [STDOUT]:    Mouse X: 233 (entre 227 e 239)? true
[21:19:29] [Render thread/INFO] (Minecraft) [STDOUT]:    Mouse Y: 67 (entre 63 e 75)? true
[21:19:29] [Render thread/INFO] (Minecraft) [STDOUT]: 🟢 HOVER DETECTADO NO ÍCONE INFO!
[21:19:29] [Render thread/INFO] (Minecraft) [STDOUT]:    Mouse X: 233 (entre 227 e 239)? true
[21:19:29] [Render thread/INFO] (Minecraft) [STDOUT]:    Mouse Y: 67 (entre 63 e 75)? true
[21:19:29] [Render thread/INFO] (Minecraft) [STDOUT]: 🟢 HOVER DETECTADO NO ÍCONE INFO!
[21:19:29] [Render thread/INFO] (Minecraft) [STDOUT]:    Mouse X: 233 (entre 227 e 239)? true
[21:19:29] [Render thread/INFO] (Minecraft) [STDOUT]:    Mouse Y: 67 (entre 63 e 75)? true
[21:19:29] [Render thread/INFO] (Minecraft) [STDOUT]: 🟢 HOVER DETECTADO NO ÍCONE INFO!
[21:19:29] [Render thread/INFO] (Minecraft) [STDOUT]:    Mouse X: 233 (entre 227 e 239)? true
[21:19:29] [Render thread/INFO] (Minecraft) [STDOUT]:    Mouse Y: 67 (entre 63 e 75)? true
[21:19:29] [Render thread/INFO] (Minecraft) [STDOUT]: 🟢 HOVER DETECTADO NO ÍCONE INFO!
[21:19:29] [Render thread/INFO] (Minecraft) [STDOUT]:    Mouse X: 233 (entre 227 e 239)? true
[21:19:29] [Render thread/INFO] (Minecraft) [STDOUT]:    Mouse Y: 67 (entre 63 e 75)? true
[21:19:29] [Render thread/INFO] (Minecraft) [STDOUT]: 🟢 HOVER DETECTADO NO ÍCONE INFO!
[21:19:29] [Render thread/INFO] (Minecraft) [STDOUT]:    Mouse X: 233 (entre 227 e 239)? true
[21:19:29] [Render thread/INFO] (Minecraft) [STDOUT]:    Mouse Y: 67 (entre 63 e 75)? true
[21:19:29] [Render thread/INFO] (Minecraft) [STDOUT]: 🟢 HOVER DETECTADO NO ÍCONE INFO!
[21:19:29] [Render thread/INFO] (Minecraft) [STDOUT]:    Mouse X: 233 (entre 227 e 239)? true
[21:19:29] [Render thread/INFO] (Minecraft) [STDOUT]:    Mouse Y: 67 (entre 63 e 75)? true
[21:19:29] [Render thread/INFO] (Minecraft) [STDOUT]: 🟢 HOVER DETECTADO NO ÍCONE INFO!
[21:19:29] [Render thread/INFO] (Minecraft) [STDOUT]:    Mouse X: 233 (entre 227 e 239)? true
[21:19:29] [Render thread/INFO] (Minecraft) [STDOUT]:    Mouse Y: 67 (entre 63 e 75)? true
[21:19:29] [Render thread/INFO] (Minecraft) [STDOUT]: 🟢 HOVER DETECTADO NO ÍCONE INFO!
[21:19:29] [Render thread/INFO] (Minecraft) [STDOUT]:    Mouse X: 233 (entre 227 e 239)? true
[21:19:29] [Render thread/INFO] (Minecraft) [STDOUT]:    Mouse Y: 67 (entre 63 e 75)? true
[21:19:29] [Render thread/INFO] (Minecraft) [STDOUT]: 🟢 HOVER DETECTADO NO ÍCONE INFO!
[21:19:29] [Render thread/INFO] (Minecraft) [STDOUT]:    Mouse X: 233 (entre 227 e 239)? true
[21:19:29] [Render thread/INFO] (Minecraft) [STDOUT]:    Mouse Y: 67 (entre 63 e 75)? true
[21:19:29] [Render thread/INFO] (Minecraft) [STDOUT]: 🟢 HOVER DETECTADO NO ÍCONE INFO!
[21:19:29] [Render thread/INFO] (Minecraft) [STDOUT]:    Mouse X: 233 (entre 227 e 239)? true
[21:19:29] [Render thread/INFO] (Minecraft) [STDOUT]:    Mouse Y: 67 (entre 63 e 75)? true
[21:19:29] [Render thread/INFO] (Minecraft) [STDOUT]: 🟢 HOVER DETECTADO NO ÍCONE INFO!
[21:19:29] [Render thread/INFO] (Minecraft) [STDOUT]:    Mouse X: 233 (entre 227 e 239)? true
[21:19:29] [Render thread/INFO] (Minecraft) [STDOUT]:    Mouse Y: 67 (entre 63 e 75)? true
[21:19:29] [Render thread/INFO] (Minecraft) [STDOUT]: 🟢 HOVER DETECTADO NO ÍCONE INFO!
[21:19:29] [Render thread/INFO] (Minecraft) [STDOUT]:    Mouse X: 233 (entre 227 e 239)? true
[21:19:29] [Render thread/INFO] (Minecraft) [STDOUT]:    Mouse Y: 67 (entre 63 e 75)? true
[21:19:29] [Render thread/INFO] (Minecraft) [STDOUT]: 🟢 HOVER DETECTADO NO ÍCONE INFO!
[21:19:29] [Render thread/INFO] (Minecraft) [STDOUT]:    Mouse X: 233 (entre 227 e 239)? true
[21:19:29] [Render thread/INFO] (Minecraft) [STDOUT]:    Mouse Y: 67 (entre 63 e 75)? true
[21:19:29] [Render thread/INFO] (Minecraft) [STDOUT]: 🟢 HOVER DETECTADO NO ÍCONE INFO!
[21:19:29] [Render thread/INFO] (Minecraft) [STDOUT]:    Mouse X: 233 (entre 227 e 239)? true
[21:19:29] [Render thread/INFO] (Minecraft) [STDOUT]:    Mouse Y: 67 (entre 63 e 75)? true
[21:19:29] [Render thread/INFO] (Minecraft) [STDOUT]: 🟢 HOVER DETECTADO NO ÍCONE INFO!
[21:19:29] [Render thread/INFO] (Minecraft) [STDOUT]:    Mouse X: 233 (entre 227 e 239)? true
[21:19:29] [Render thread/INFO] (Minecraft) [STDOUT]:    Mouse Y: 67 (entre 63 e 75)? true
[21:19:29] [Render thread/INFO] (Minecraft) [STDOUT]: 🟢 HOVER DETECTADO NO ÍCONE INFO!
[21:19:29] [Render thread/INFO] (Minecraft) [STDOUT]:    Mouse X: 233 (entre 227 e 239)? true
[21:19:29] [Render thread/INFO] (Minecraft) [STDOUT]:    Mouse Y: 67 (entre 63 e 75)? true
[21:19:29] [Render thread/INFO] (Minecraft) [STDOUT]: 🟢 HOVER DETECTADO NO ÍCONE INFO!
[21:19:29] [Render thread/INFO] (Minecraft) [STDOUT]:    Mouse X: 233 (entre 227 e 239)? true
[21:19:29] [Render thread/INFO] (Minecraft) [STDOUT]:    Mouse Y: 67 (entre 63 e 75)? true
[21:19:29] [Render thread/INFO] (Minecraft) [STDOUT]: 🟢 HOVER DETECTADO NO ÍCONE INFO!
[21:19:29] [Render thread/INFO] (Minecraft) [STDOUT]:    Mouse X: 233 (entre 227 e 239)? true
[21:19:29] [Render thread/INFO] (Minecraft) [STDOUT]:    Mouse Y: 67 (entre 63 e 75)? true
[21:19:29] [Render thread/INFO] (Minecraft) [STDOUT]: 🟢 HOVER DETECTADO NO ÍCONE INFO!
[21:19:29] [Render thread/INFO] (Minecraft) [STDOUT]:    Mouse X: 233 (entre 227 e 239)? true
[21:19:29] [Render thread/INFO] (Minecraft) [STDOUT]:    Mouse Y: 67 (entre 63 e 75)? true
[21:19:29] [Render thread/INFO] (Minecraft) [STDOUT]: 🟢 HOVER DETECTADO NO ÍCONE INFO!
[21:19:29] [Render thread/INFO] (Minecraft) [STDOUT]:    Mouse X: 233 (entre 227 e 239)? true
[21:19:29] [Render thread/INFO] (Minecraft) [STDOUT]:    Mouse Y: 67 (entre 63 e 75)? true
[21:19:29] [Render thread/INFO] (Minecraft) [STDOUT]: 🟢 HOVER DETECTADO NO ÍCONE INFO!
[21:19:29] [Render thread/INFO] (Minecraft) [STDOUT]:    Mouse X: 233 (entre 227 e 239)? true
[21:19:29] [Render thread/INFO] (Minecraft) [STDOUT]:    Mouse Y: 67 (entre 63 e 75)? true
[21:19:29] [Render thread/INFO] (Minecraft) [STDOUT]: 🟢 HOVER DETECTADO NO ÍCONE INFO!
[21:19:29] [Render thread/INFO] (Minecraft) [STDOUT]:    Mouse X: 233 (entre 227 e 239)? true
[21:19:29] [Render thread/INFO] (Minecraft) [STDOUT]:    Mouse Y: 67 (entre 63 e 75)? true
[21:19:29] [Render thread/INFO] (Minecraft) [STDOUT]: 🟢 HOVER DETECTADO NO ÍCONE INFO!
[21:19:29] [Render thread/INFO] (Minecraft) [STDOUT]:    Mouse X: 233 (entre 227 e 239)? true
[21:19:29] [Render thread/INFO] (Minecraft) [STDOUT]:    Mouse Y: 67 (entre 63 e 75)? true
[21:19:29] [Render thread/INFO] (Minecraft) [STDOUT]: 🟢 HOVER DETECTADO NO ÍCONE INFO!
[21:19:29] [Render thread/INFO] (Minecraft) [STDOUT]:    Mouse X: 233 (entre 227 e 239)? true
[21:19:29] [Render thread/INFO] (Minecraft) [STDOUT]:    Mouse Y: 67 (entre 63 e 75)? true
[21:19:29] [Render thread/INFO] (Minecraft) [STDOUT]: 🟢 HOVER DETECTADO NO ÍCONE INFO!
[21:19:29] [Render thread/INFO] (Minecraft) [STDOUT]:    Mouse X: 233 (entre 227 e 239)? true
[21:19:29] [Render thread/INFO] (Minecraft) [STDOUT]:    Mouse Y: 67 (entre 63 e 75)? true
[21:19:29] [Render thread/INFO] (Minecraft) [STDOUT]: 🟢 HOVER DETECTADO NO ÍCONE INFO!
[21:19:29] [Render thread/INFO] (Minecraft) [STDOUT]:    Mouse X: 233 (entre 227 e 239)? true
[21:19:29] [Render thread/INFO] (Minecraft) [STDOUT]:    Mouse Y: 67 (entre 63 e 75)? true
[21:19:29] [Render thread/INFO] (Minecraft) [STDOUT]: 🟢 HOVER DETECTADO NO ÍCONE INFO!
[21:19:29] [Render thread/INFO] (Minecraft) [STDOUT]:    Mouse X: 233 (entre 227 e 239)? true
[21:19:29] [Render thread/INFO] (Minecraft) [STDOUT]:    Mouse Y: 67 (entre 63 e 75)? true
[21:19:29] [Render thread/INFO] (Minecraft) [STDOUT]: 🟢 HOVER DETECTADO NO ÍCONE INFO!
[21:19:29] [Render thread/INFO] (Minecraft) [STDOUT]:    Mouse X: 233 (entre 227 e 239)? true
[21:19:29] [Render thread/INFO] (Minecraft) [STDOUT]:    Mouse Y: 67 (entre 63 e 75)? true
[21:19:29] [Render thread/INFO] (Minecraft) [STDOUT]: 🟢 HOVER DETECTADO NO ÍCONE INFO!
[21:19:29] [Render thread/INFO] (Minecraft) [STDOUT]:    Mouse X: 233 (entre 227 e 239)? true
[21:19:29] [Render thread/INFO] (Minecraft) [STDOUT]:    Mouse Y: 67 (entre 63 e 75)? true
[21:19:29] [Render thread/INFO] (Minecraft) [STDOUT]: 🟢 HOVER DETECTADO NO ÍCONE INFO!
[21:19:29] [Render thread/INFO] (Minecraft) [STDOUT]:    Mouse X: 233 (entre 227 e 239)? true
[21:19:29] [Render thread/INFO] (Minecraft) [STDOUT]:    Mouse Y: 67 (entre 63 e 75)? true
[21:19:29] [Render thread/INFO] (Minecraft) [STDOUT]: 🟢 HOVER DETECTADO NO ÍCONE INFO!
[21:19:29] [Render thread/INFO] (Minecraft) [STDOUT]:    Mouse X: 233 (entre 227 e 239)? true
[21:19:29] [Render thread/INFO] (Minecraft) [STDOUT]:    Mouse Y: 67 (entre 63 e 75)? true
[21:19:29] [Render thread/INFO] (Minecraft) [STDOUT]: 🟢 HOVER DETECTADO NO ÍCONE INFO!
[21:19:29] [Render thread/INFO] (Minecraft) [STDOUT]:    Mouse X: 233 (entre 227 e 239)? true
[21:19:29] [Render thread/INFO] (Minecraft) [STDOUT]:    Mouse Y: 67 (entre 63 e 75)? true
[21:19:29] [Render thread/INFO] (Minecraft) [STDOUT]: 🟢 HOVER DETECTADO NO ÍCONE INFO!
[21:19:29] [Render thread/INFO] (Minecraft) [STDOUT]:    Mouse X: 233 (entre 227 e 239)? true
[21:19:29] [Render thread/INFO] (Minecraft) [STDOUT]:    Mouse Y: 67 (entre 63 e 75)? true
[21:19:29] [Render thread/INFO] (Minecraft) [STDOUT]: 🟢 HOVER DETECTADO NO ÍCONE INFO!
[21:19:29] [Render thread/INFO] (Minecraft) [STDOUT]:    Mouse X: 233 (entre 227 e 239)? true
[21:19:29] [Render thread/INFO] (Minecraft) [STDOUT]:    Mouse Y: 67 (entre 63 e 75)? true
[21:19:29] [Render thread/INFO] (Minecraft) [STDOUT]: 🟢 HOVER DETECTADO NO ÍCONE INFO!
[21:19:29] [Render thread/INFO] (Minecraft) [STDOUT]:    Mouse X: 233 (entre 227 e 239)? true
[21:19:29] [Render thread/INFO] (Minecraft) [STDOUT]:    Mouse Y: 67 (entre 63 e 75)? true
[21:19:29] [Render thread/INFO] (Minecraft) [STDOUT]: 🟢 HOVER DETECTADO NO ÍCONE INFO!
[21:19:29] [Render thread/INFO] (Minecraft) [STDOUT]:    Mouse X: 233 (entre 227 e 239)? true
[21:19:29] [Render thread/INFO] (Minecraft) [STDOUT]:    Mouse Y: 67 (entre 63 e 75)? true
[21:19:29] [Render thread/INFO] (Minecraft) [STDOUT]: 🟢 HOVER DETECTADO NO ÍCONE INFO!
[21:19:29] [Render thread/INFO] (Minecraft) [STDOUT]:    Mouse X: 233 (entre 227 e 239)? true
[21:19:29] [Render thread/INFO] (Minecraft) [STDOUT]:    Mouse Y: 67 (entre 63 e 75)? true
[21:19:29] [Render thread/INFO] (Minecraft) [STDOUT]: 🟢 HOVER DETECTADO NO ÍCONE INFO!
[21:19:29] [Render thread/INFO] (Minecraft) [STDOUT]:    Mouse X: 233 (entre 227 e 239)? true
[21:19:29] [Render thread/INFO] (Minecraft) [STDOUT]:    Mouse Y: 67 (entre 63 e 75)? true
[21:19:29] [Render thread/INFO] (Minecraft) [STDOUT]: 🟢 HOVER DETECTADO NO ÍCONE INFO!
[21:19:29] [Render thread/INFO] (Minecraft) [STDOUT]:    Mouse X: 233 (entre 227 e 239)? true
[21:19:29] [Render thread/INFO] (Minecraft) [STDOUT]:    Mouse Y: 67 (entre 63 e 75)? true
[21:19:29] [Render thread/INFO] (Minecraft) [STDOUT]: 🟢 HOVER DETECTADO NO ÍCONE INFO!
[21:19:29] [Render thread/INFO] (Minecraft) [STDOUT]:    Mouse X: 233 (entre 227 e 239)? true
[21:19:29] [Render thread/INFO] (Minecraft) [STDOUT]:    Mouse Y: 67 (entre 63 e 75)? true
[21:19:29] [Render thread/INFO] (Minecraft) [STDOUT]: 🟢 HOVER DETECTADO NO ÍCONE INFO!
[21:19:29] [Render thread/INFO] (Minecraft) [STDOUT]:    Mouse X: 233 (entre 227 e 239)? true
[21:19:29] [Render thread/INFO] (Minecraft) [STDOUT]:    Mouse Y: 67 (entre 63 e 75)? true
[21:19:29] [Render thread/INFO] (Minecraft) [STDOUT]: 🟢 HOVER DETECTADO NO ÍCONE INFO!
[21:19:29] [Render thread/INFO] (Minecraft) [STDOUT]:    Mouse X: 233 (entre 227 e 239)? true
[21:19:29] [Render thread/INFO] (Minecraft) [STDOUT]:    Mouse Y: 67 (entre 63 e 75)? true
[21:19:29] [Render thread/INFO] (Minecraft) [STDOUT]: 🟢 HOVER DETECTADO NO ÍCONE INFO!
[21:19:29] [Render thread/INFO] (Minecraft) [STDOUT]:    Mouse X: 233 (entre 227 e 239)? true
[21:19:29] [Render thread/INFO] (Minecraft) [STDOUT]:    Mouse Y: 67 (entre 63 e 75)? true
[21:19:29] [Render thread/INFO] (Minecraft) [STDOUT]: 🟢 HOVER DETECTADO NO ÍCONE INFO!
[21:19:29] [Render thread/INFO] (Minecraft) [STDOUT]:    Mouse X: 233 (entre 227 e 239)? true
[21:19:29] [Render thread/INFO] (Minecraft) [STDOUT]:    Mouse Y: 67 (entre 63 e 75)? true
[21:19:29] [Render thread/INFO] (Minecraft) [STDOUT]: 🟢 HOVER DETECTADO NO ÍCONE INFO!
[21:19:29] [Render thread/INFO] (Minecraft) [STDOUT]:    Mouse X: 233 (entre 227 e 239)? true
[21:19:29] [Render thread/INFO] (Minecraft) [STDOUT]:    Mouse Y: 67 (entre 63 e 75)? true
[21:19:29] [Render thread/INFO] (Minecraft) [STDOUT]: 🟢 HOVER DETECTADO NO ÍCONE INFO!
[21:19:29] [Render thread/INFO] (Minecraft) [STDOUT]:    Mouse X: 233 (entre 227 e 239)? true
[21:19:29] [Render thread/INFO] (Minecraft) [STDOUT]:    Mouse Y: 67 (entre 63 e 75)? true
[21:19:29] [Render thread/INFO] (Minecraft) [STDOUT]: 🟢 HOVER DETECTADO NO ÍCONE INFO!
[21:19:29] [Render thread/INFO] (Minecraft) [STDOUT]:    Mouse X: 233 (entre 227 e 239)? true
[21:19:29] [Render thread/INFO] (Minecraft) [STDOUT]:    Mouse Y: 67 (entre 63 e 75)? true
[21:19:29] [Render thread/INFO] (Minecraft) [STDOUT]: 🟢 HOVER DETECTADO NO ÍCONE INFO!
[21:19:29] [Render thread/INFO] (Minecraft) [STDOUT]:    Mouse X: 233 (entre 227 e 239)? true
[21:19:29] [Render thread/INFO] (Minecraft) [STDOUT]:    Mouse Y: 67 (entre 63 e 75)? true
[21:19:29] [Render thread/INFO] (Minecraft) [STDOUT]: 🟢 HOVER DETECTADO NO ÍCONE INFO!
[21:19:29] [Render thread/INFO] (Minecraft) [STDOUT]:    Mouse X: 233 (entre 227 e 239)? true
[21:19:29] [Render thread/INFO] (Minecraft) [STDOUT]:    Mouse Y: 67 (entre 63 e 75)? true
[21:19:29] [Render thread/INFO] (Minecraft) [STDOUT]: 🟢 HOVER DETECTADO NO ÍCONE INFO!
[21:19:29] [Render thread/INFO] (Minecraft) [STDOUT]:    Mouse X: 233 (entre 227 e 239)? true
[21:19:29] [Render thread/INFO] (Minecraft) [STDOUT]:    Mouse Y: 67 (entre 63 e 75)? true
[21:19:29] [Render thread/INFO] (Minecraft) [STDOUT]: 🟢 HOVER DETECTADO NO ÍCONE INFO!
[21:19:29] [Render thread/INFO] (Minecraft) [STDOUT]:    Mouse X: 233 (entre 227 e 239)? true
[21:19:29] [Render thread/INFO] (Minecraft) [STDOUT]:    Mouse Y: 67 (entre 63 e 75)? true
[21:19:29] [Render thread/INFO] (Minecraft) [STDOUT]: 🟢 HOVER DETECTADO NO ÍCONE INFO!
[21:19:29] [Render thread/INFO] (Minecraft) [STDOUT]:    Mouse X: 233 (entre 227 e 239)? true
[21:19:29] [Render thread/INFO] (Minecraft) [STDOUT]:    Mouse Y: 67 (entre 63 e 75)? true
[21:19:29] [Render thread/INFO] (Minecraft) [STDOUT]: 🟢 HOVER DETECTADO NO ÍCONE INFO!
[21:19:29] [Render thread/INFO] (Minecraft) [STDOUT]:    Mouse X: 233 (entre 227 e 239)? true
[21:19:29] [Render thread/INFO] (Minecraft) [STDOUT]:    Mouse Y: 67 (entre 63 e 75)? true
[21:19:29] [Render thread/INFO] (Minecraft) [STDOUT]: 🟢 HOVER DETECTADO NO ÍCONE INFO!
[21:19:29] [Render thread/INFO] (Minecraft) [STDOUT]:    Mouse X: 233 (entre 227 e 239)? true
[21:19:29] [Render thread/INFO] (Minecraft) [STDOUT]:    Mouse Y: 67 (entre 63 e 75)? true
[21:19:29] [Render thread/INFO] (Minecraft) [STDOUT]: 🟢 HOVER DETECTADO NO ÍCONE INFO!
[21:19:29] [Render thread/INFO] (Minecraft) [STDOUT]:    Mouse X: 233 (entre 227 e 239)? true
[21:19:29] [Render thread/INFO] (Minecraft) [STDOUT]:    Mouse Y: 67 (entre 63 e 75)? true
[21:19:29] [Render thread/INFO] (Minecraft) [STDOUT]: 🟢 HOVER DETECTADO NO ÍCONE INFO!
[21:19:29] [Render thread/INFO] (Minecraft) [STDOUT]:    Mouse X: 233 (entre 227 e 239)? true
[21:19:29] [Render thread/INFO] (Minecraft) [STDOUT]:    Mouse Y: 67 (entre 63 e 75)? true
[21:19:29] [Render thread/INFO] (Minecraft) [STDOUT]: 🟢 HOVER DETECTADO NO ÍCONE INFO!
[21:19:29] [Render thread/INFO] (Minecraft) [STDOUT]:    Mouse X: 233 (entre 227 e 239)? true
[21:19:29] [Render thread/INFO] (Minecraft) [STDOUT]:    Mouse Y: 67 (entre 63 e 75)? true
[21:19:29] [Render thread/INFO] (Minecraft) [STDOUT]: 🟢 HOVER DETECTADO NO ÍCONE INFO!
[21:19:29] [Render thread/INFO] (Minecraft) [STDOUT]:    Mouse X: 233 (entre 227 e 239)? true
[21:19:29] [Render thread/INFO] (Minecraft) [STDOUT]:    Mouse Y: 67 (entre 63 e 75)? true
[21:19:29] [Render thread/INFO] (Minecraft) [STDOUT]: 🟢 HOVER DETECTADO NO ÍCONE INFO!
[21:19:29] [Render thread/INFO] (Minecraft) [STDOUT]:    Mouse X: 233 (entre 227 e 239)? true
[21:19:29] [Render thread/INFO] (Minecraft) [STDOUT]:    Mouse Y: 67 (entre 63 e 75)? true
[21:19:29] [Render thread/INFO] (Minecraft) [STDOUT]: 🟢 HOVER DETECTADO NO ÍCONE INFO!
[21:19:29] [Render thread/INFO] (Minecraft) [STDOUT]:    Mouse X: 233 (entre 227 e 239)? true
[21:19:29] [Render thread/INFO] (Minecraft) [STDOUT]:    Mouse Y: 67 (entre 63 e 75)? true
[21:19:29] [Render thread/INFO] (Minecraft) [STDOUT]: 🟢 HOVER DETECTADO NO ÍCONE INFO!
[21:19:29] [Render thread/INFO] (Minecraft) [STDOUT]:    Mouse X: 233 (entre 227 e 239)? true
[21:19:29] [Render thread/INFO] (Minecraft) [STDOUT]:    Mouse Y: 67 (entre 63 e 75)? true
[21:19:29] [Render thread/INFO] (Minecraft) [STDOUT]: 🟢 HOVER DETECTADO NO ÍCONE INFO!
[21:19:29] [Render thread/INFO] (Minecraft) [STDOUT]:    Mouse X: 233 (entre 227 e 239)? true
[21:19:29] [Render thread/INFO] (Minecraft) [STDOUT]:    Mouse Y: 67 (entre 63 e 75)? true
[21:19:29] [Render thread/INFO] (Minecraft) [STDOUT]: 🟢 HOVER DETECTADO NO ÍCONE INFO!
[21:19:29] [Render thread/INFO] (Minecraft) [STDOUT]:    Mouse X: 233 (entre 227 e 239)? true
[21:19:29] [Render thread/INFO] (Minecraft) [STDOUT]:    Mouse Y: 67 (entre 63 e 75)? true
[21:19:29] [Render thread/INFO] (Minecraft) [STDOUT]: 🟢 HOVER DETECTADO NO ÍCONE INFO!
[21:19:29] [Render thread/INFO] (Minecraft) [STDOUT]:    Mouse X: 233 (entre 227 e 239)? true
[21:19:29] [Render thread/INFO] (Minecraft) [STDOUT]:    Mouse Y: 67 (entre 63 e 75)? true
[21:19:29] [Render thread/INFO] (Minecraft) [STDOUT]: 🟢 HOVER DETECTADO NO ÍCONE INFO!
[21:19:29] [Render thread/INFO] (Minecraft) [STDOUT]:    Mouse X: 233 (entre 227 e 239)? true
[21:19:29] [Render thread/INFO] (Minecraft) [STDOUT]:    Mouse Y: 67 (entre 63 e 75)? true
[21:19:29] [Render thread/INFO] (Minecraft) [STDOUT]: 🟢 HOVER DETECTADO NO ÍCONE INFO!
[21:19:29] [Render thread/INFO] (Minecraft) [STDOUT]:    Mouse X: 233 (entre 227 e 239)? true
[21:19:29] [Render thread/INFO] (Minecraft) [STDOUT]:    Mouse Y: 67 (entre 63 e 75)? true
[21:19:29] [Render thread/INFO] (Minecraft) [STDOUT]: 🟢 HOVER DETECTADO NO ÍCONE INFO!
[21:19:29] [Render thread/INFO] (Minecraft) [STDOUT]:    Mouse X: 233 (entre 227 e 239)? true
[21:19:29] [Render thread/INFO] (Minecraft) [STDOUT]:    Mouse Y: 67 (entre 63 e 75)? true
[21:19:29] [Render thread/INFO] (Minecraft) [STDOUT]: 🟢 HOVER DETECTADO NO ÍCONE INFO!
[21:19:29] [Render thread/INFO] (Minecraft) [STDOUT]:    Mouse X: 233 (entre 227 e 239)? true
[21:19:29] [Render thread/INFO] (Minecraft) [STDOUT]:    Mouse Y: 67 (entre 63 e 75)? true
[21:19:29] [Render thread/INFO] (Minecraft) [STDOUT]: 🟢 HOVER DETECTADO NO ÍCONE INFO!
[21:19:29] [Render thread/INFO] (Minecraft) [STDOUT]:    Mouse X: 233 (entre 227 e 239)? true
[21:19:29] [Render thread/INFO] (Minecraft) [STDOUT]:    Mouse Y: 67 (entre 63 e 75)? true
[21:19:29] [Render thread/INFO] (Minecraft) [STDOUT]: 🟢 HOVER DETECTADO NO ÍCONE INFO!
[21:19:29] [Render thread/INFO] (Minecraft) [STDOUT]:    Mouse X: 233 (entre 227 e 239)? true
[21:19:29] [Render thread/INFO] (Minecraft) [STDOUT]:    Mouse Y: 67 (entre 63 e 75)? true
[21:19:29] [Render thread/INFO] (Minecraft) [STDOUT]: 🟢 HOVER DETECTADO NO ÍCONE INFO!
[21:19:29] [Render thread/INFO] (Minecraft) [STDOUT]:    Mouse X: 233 (entre 227 e 239)? true
[21:19:29] [Render thread/INFO] (Minecraft) [STDOUT]:    Mouse Y: 67 (entre 63 e 75)? true
[21:19:29] [Render thread/INFO] (Minecraft) [STDOUT]: 🟢 HOVER DETECTADO NO ÍCONE INFO!
[21:19:29] [Render thread/INFO] (Minecraft) [STDOUT]:    Mouse X: 233 (entre 227 e 239)? true
[21:19:29] [Render thread/INFO] (Minecraft) [STDOUT]:    Mouse Y: 67 (entre 63 e 75)? true
[21:19:29] [Render thread/INFO] (Minecraft) [STDOUT]: 🟢 HOVER DETECTADO NO ÍCONE INFO!
[21:19:29] [Render thread/INFO] (Minecraft) [STDOUT]:    Mouse X: 233 (entre 227 e 239)? true
[21:19:29] [Render thread/INFO] (Minecraft) [STDOUT]:    Mouse Y: 67 (entre 63 e 75)? true
[21:19:29] [Render thread/INFO] (Minecraft) [STDOUT]: 🟢 HOVER DETECTADO NO ÍCONE INFO!
[21:19:29] [Render thread/INFO] (Minecraft) [STDOUT]:    Mouse X: 233 (entre 227 e 239)? true
[21:19:29] [Render thread/INFO] (Minecraft) [STDOUT]:    Mouse Y: 67 (entre 63 e 75)? true
[21:19:29] [Render thread/INFO] (Minecraft) [STDOUT]: 🟢 HOVER DETECTADO NO ÍCONE INFO!
[21:19:29] [Render thread/INFO] (Minecraft) [STDOUT]:    Mouse X: 233 (entre 227 e 239)? true
[21:19:29] [Render thread/INFO] (Minecraft) [STDOUT]:    Mouse Y: 67 (entre 63 e 75)? true
[21:19:29] [Render thread/INFO] (Minecraft) [STDOUT]: 🟢 HOVER DETECTADO NO ÍCONE INFO!
[21:19:29] [Render thread/INFO] (Minecraft) [STDOUT]:    Mouse X: 233 (entre 227 e 239)? true
[21:19:29] [Render thread/INFO] (Minecraft) [STDOUT]:    Mouse Y: 67 (entre 63 e 75)? true
[21:19:29] [Render thread/INFO] (Minecraft) [STDOUT]: 🟢 HOVER DETECTADO NO ÍCONE INFO!
[21:19:29] [Render thread/INFO] (Minecraft) [STDOUT]:    Mouse X: 233 (entre 227 e 239)? true
[21:19:29] [Render thread/INFO] (Minecraft) [STDOUT]:    Mouse Y: 67 (entre 63 e 75)? true
[21:19:29] [Render thread/INFO] (Minecraft) [STDOUT]: 🟢 HOVER DETECTADO NO ÍCONE INFO!
[21:19:29] [Render thread/INFO] (Minecraft) [STDOUT]:    Mouse X: 233 (entre 227 e 239)? true
[21:19:29] [Render thread/INFO] (Minecraft) [STDOUT]:    Mouse Y: 67 (entre 63 e 75)? true
[21:19:29] [Render thread/INFO] (Minecraft) [STDOUT]: 🟢 HOVER DETECTADO NO ÍCONE INFO!
[21:19:29] [Render thread/INFO] (Minecraft) [STDOUT]:    Mouse X: 233 (entre 227 e 239)? true
[21:19:29] [Render thread/INFO] (Minecraft) [STDOUT]:    Mouse Y: 67 (entre 63 e 75)? true
[21:19:29] [Render thread/INFO] (Minecraft) [STDOUT]: 🟢 HOVER DETECTADO NO ÍCONE INFO!
[21:19:29] [Render thread/INFO] (Minecraft) [STDOUT]:    Mouse X: 233 (entre 227 e 239)? true
[21:19:29] [Render thread/INFO] (Minecraft) [STDOUT]:    Mouse Y: 67 (entre 63 e 75)? true
[21:19:30] [Render thread/INFO] (Minecraft) [STDOUT]: 🟢 HOVER DETECTADO NO ÍCONE INFO!
[21:19:30] [Render thread/INFO] (Minecraft) [STDOUT]:    Mouse X: 233 (entre 227 e 239)? true
[21:19:30] [Render thread/INFO] (Minecraft) [STDOUT]:    Mouse Y: 67 (entre 63 e 75)? true
[21:19:30] [Render thread/INFO] (Minecraft) [STDOUT]: 🟢 HOVER DETECTADO NO ÍCONE INFO!
[21:19:30] [Render thread/INFO] (Minecraft) [STDOUT]:    Mouse X: 233 (entre 227 e 239)? true
[21:19:30] [Render thread/INFO] (Minecraft) [STDOUT]:    Mouse Y: 67 (entre 63 e 75)? true
[21:19:30] [Render thread/INFO] (Minecraft) [STDOUT]: 🟢 HOVER DETECTADO NO ÍCONE INFO!
[21:19:30] [Render thread/INFO] (Minecraft) [STDOUT]:    Mouse X: 233 (entre 227 e 239)? true
[21:19:30] [Render thread/INFO] (Minecraft) [STDOUT]:    Mouse Y: 67 (entre 63 e 75)? true
[21:19:30] [Render thread/INFO] (Minecraft) [STDOUT]: 🟢 HOVER DETECTADO NO ÍCONE INFO!
[21:19:30] [Render thread/INFO] (Minecraft) [STDOUT]:    Mouse X: 233 (entre 227 e 239)? true
[21:19:30] [Render thread/INFO] (Minecraft) [STDOUT]:    Mouse Y: 67 (entre 63 e 75)? true
[21:19:30] [Render thread/INFO] (Minecraft) [STDOUT]: 🟢 HOVER DETECTADO NO ÍCONE INFO!
[21:19:30] [Render thread/INFO] (Minecraft) [STDOUT]:    Mouse X: 233 (entre 227 e 239)? true
[21:19:30] [Render thread/INFO] (Minecraft) [STDOUT]:    Mouse Y: 67 (entre 63 e 75)? true
[21:19:30] [Render thread/INFO] (Minecraft) [STDOUT]: 🟢 HOVER DETECTADO NO ÍCONE INFO!
[21:19:30] [Render thread/INFO] (Minecraft) [STDOUT]:    Mouse X: 233 (entre 227 e 239)? true
[21:19:30] [Render thread/INFO] (Minecraft) [STDOUT]:    Mouse Y: 67 (entre 63 e 75)? true
[21:19:30] [Render thread/INFO] (Minecraft) [STDOUT]: 🟢 HOVER DETECTADO NO ÍCONE INFO!
[21:19:30] [Render thread/INFO] (Minecraft) [STDOUT]:    Mouse X: 233 (entre 227 e 239)? true
[21:19:30] [Render thread/INFO] (Minecraft) [STDOUT]:    Mouse Y: 67 (entre 63 e 75)? true
[21:19:30] [Render thread/INFO] (Minecraft) [STDOUT]: 🟢 HOVER DETECTADO NO ÍCONE INFO!
[21:19:30] [Render thread/INFO] (Minecraft) [STDOUT]:    Mouse X: 233 (entre 227 e 239)? true
[21:19:30] [Render thread/INFO] (Minecraft) [STDOUT]:    Mouse Y: 67 (entre 63 e 75)? true
[21:19:30] [Render thread/INFO] (Minecraft) [STDOUT]: 🟢 HOVER DETECTADO NO ÍCONE INFO!
[21:19:30] [Render thread/INFO] (Minecraft) [STDOUT]:    Mouse X: 233 (entre 227 e 239)? true
[21:19:30] [Render thread/INFO] (Minecraft) [STDOUT]:    Mouse Y: 67 (entre 63 e 75)? true
[21:19:30] [Render thread/INFO] (Minecraft) [STDOUT]: 🟢 HOVER DETECTADO NO ÍCONE INFO!
[21:19:30] [Render thread/INFO] (Minecraft) [STDOUT]:    Mouse X: 233 (entre 227 e 239)? true
[21:19:30] [Render thread/INFO] (Minecraft) [STDOUT]:    Mouse Y: 67 (entre 63 e 75)? true
[21:19:30] [Render thread/INFO] (Minecraft) [STDOUT]: 🟢 HOVER DETECTADO NO ÍCONE INFO!
[21:19:30] [Render thread/INFO] (Minecraft) [STDOUT]:    Mouse X: 233 (entre 227 e 239)? true
[21:19:30] [Render thread/INFO] (Minecraft) [STDOUT]:    Mouse Y: 67 (entre 63 e 75)? true
[21:19:30] [Render thread/INFO] (Minecraft) [STDOUT]: 🟢 HOVER DETECTADO NO ÍCONE INFO!
[21:19:30] [Render thread/INFO] (Minecraft) [STDOUT]:    Mouse X: 233 (entre 227 e 239)? true
[21:19:30] [Render thread/INFO] (Minecraft) [STDOUT]:    Mouse Y: 67 (entre 63 e 75)? true
[21:19:30] [Render thread/INFO] (Minecraft) [STDOUT]: 🟢 HOVER DETECTADO NO ÍCONE INFO!
[21:19:30] [Render thread/INFO] (Minecraft) [STDOUT]:    Mouse X: 233 (entre 227 e 239)? true
[21:19:30] [Render thread/INFO] (Minecraft) [STDOUT]:    Mouse Y: 67 (entre 63 e 75)? true
[21:19:30] [Render thread/INFO] (Minecraft) [STDOUT]: 🟢 HOVER DETECTADO NO ÍCONE INFO!
[21:19:30] [Render thread/INFO] (Minecraft) [STDOUT]:    Mouse X: 233 (entre 227 e 239)? true
[21:19:30] [Render thread/INFO] (Minecraft) [STDOUT]:    Mouse Y: 67 (entre 63 e 75)? true
[21:19:30] [Render thread/INFO] (Minecraft) [STDOUT]: 🟢 HOVER DETECTADO NO ÍCONE INFO!
[21:19:30] [Render thread/INFO] (Minecraft) [STDOUT]:    Mouse X: 233 (entre 227 e 239)? true
[21:19:30] [Render thread/INFO] (Minecraft) [STDOUT]:    Mouse Y: 67 (entre 63 e 75)? true
[21:19:30] [Render thread/INFO] (Minecraft) [STDOUT]: 🟢 HOVER DETECTADO NO ÍCONE INFO!
[21:19:30] [Render thread/INFO] (Minecraft) [STDOUT]:    Mouse X: 233 (entre 227 e 239)? true
[21:19:30] [Render thread/INFO] (Minecraft) [STDOUT]:    Mouse Y: 67 (entre 63 e 75)? true
[21:19:30] [Render thread/INFO] (Minecraft) [STDOUT]: 🟢 HOVER DETECTADO NO ÍCONE INFO!
[21:19:30] [Render thread/INFO] (Minecraft) [STDOUT]:    Mouse X: 233 (entre 227 e 239)? true
[21:19:30] [Render thread/INFO] (Minecraft) [STDOUT]:    Mouse Y: 67 (entre 63 e 75)? true
[21:19:30] [Render thread/INFO] (Minecraft) [STDOUT]: 🟢 HOVER DETECTADO NO ÍCONE INFO!
[21:19:30] [Render thread/INFO] (Minecraft) [STDOUT]:    Mouse X: 233 (entre 227 e 239)? true
[21:19:30] [Render thread/INFO] (Minecraft) [STDOUT]:    Mouse Y: 67 (entre 63 e 75)? true
[21:19:30] [Render thread/INFO] (Minecraft) [STDOUT]: 🟢 HOVER DETECTADO NO ÍCONE INFO!
[21:19:30] [Render thread/INFO] (Minecraft) [STDOUT]:    Mouse X: 233 (entre 227 e 239)? true
[21:19:30] [Render thread/INFO] (Minecraft) [STDOUT]:    Mouse Y: 67 (entre 63 e 75)? true
[21:19:30] [Render thread/INFO] (Minecraft) [STDOUT]: 🟢 HOVER DETECTADO NO ÍCONE INFO!
[21:19:30] [Render thread/INFO] (Minecraft) [STDOUT]:    Mouse X: 233 (entre 227 e 239)? true
[21:19:30] [Render thread/INFO] (Minecraft) [STDOUT]:    Mouse Y: 67 (entre 63 e 75)? true
[21:19:30] [Render thread/INFO] (Minecraft) [STDOUT]: 🟢 HOVER DETECTADO NO ÍCONE INFO!
[21:19:30] [Render thread/INFO] (Minecraft) [STDOUT]:    Mouse X: 233 (entre 227 e 239)? true
[21:19:30] [Render thread/INFO] (Minecraft) [STDOUT]:    Mouse Y: 67 (entre 63 e 75)? true
[21:19:30] [Render thread/INFO] (Minecraft) [STDOUT]: 🟢 HOVER DETECTADO NO ÍCONE INFO!
[21:19:30] [Render thread/INFO] (Minecraft) [STDOUT]:    Mouse X: 233 (entre 227 e 239)? true
[21:19:30] [Render thread/INFO] (Minecraft) [STDOUT]:    Mouse Y: 67 (entre 63 e 75)? true
[21:19:30] [Render thread/INFO] (Minecraft) [STDOUT]: 🟢 HOVER DETECTADO NO ÍCONE INFO!
[21:19:30] [Render thread/INFO] (Minecraft) [STDOUT]:    Mouse X: 233 (entre 227 e 239)? true
[21:19:30] [Render thread/INFO] (Minecraft) [STDOUT]:    Mouse Y: 67 (entre 63 e 75)? true
[21:19:30] [Render thread/INFO] (Minecraft) [STDOUT]: 🟢 HOVER DETECTADO NO ÍCONE INFO!
[21:19:30] [Render thread/INFO] (Minecraft) [STDOUT]:    Mouse X: 233 (entre 227 e 239)? true
[21:19:30] [Render thread/INFO] (Minecraft) [STDOUT]:    Mouse Y: 67 (entre 63 e 75)? true
[21:19:30] [Render thread/INFO] (Minecraft) [STDOUT]: 🟢 HOVER DETECTADO NO ÍCONE INFO!
[21:19:30] [Render thread/INFO] (Minecraft) [STDOUT]:    Mouse X: 233 (entre 227 e 239)? true
[21:19:30] [Render thread/INFO] (Minecraft) [STDOUT]:    Mouse Y: 67 (entre 63 e 75)? true
[21:19:30] [Render thread/INFO] (Minecraft) [STDOUT]: 🟢 HOVER DETECTADO NO ÍCONE INFO!
[21:19:30] [Render thread/INFO] (Minecraft) [STDOUT]:    Mouse X: 233 (entre 227 e 239)? true
[21:19:30] [Render thread/INFO] (Minecraft) [STDOUT]:    Mouse Y: 67 (entre 63 e 75)? true
[21:19:30] [Render thread/INFO] (Minecraft) [STDOUT]: 🟢 HOVER DETECTADO NO ÍCONE INFO!
[21:19:30] [Render thread/INFO] (Minecraft) [STDOUT]:    Mouse X: 233 (entre 227 e 239)? true
[21:19:30] [Render thread/INFO] (Minecraft) [STDOUT]:    Mouse Y: 67 (entre 63 e 75)? true
[21:19:30] [Render thread/INFO] (Minecraft) [STDOUT]: 🟢 HOVER DETECTADO NO ÍCONE INFO!
[21:19:30] [Render thread/INFO] (Minecraft) [STDOUT]:    Mouse X: 233 (entre 227 e 239)? true
[21:19:30] [Render thread/INFO] (Minecraft) [STDOUT]:    Mouse Y: 67 (entre 63 e 75)? true
[21:19:30] [Render thread/INFO] (Minecraft) [STDOUT]: 🟢 HOVER DETECTADO NO ÍCONE INFO!
[21:19:30] [Render thread/INFO] (Minecraft) [STDOUT]:    Mouse X: 233 (entre 227 e 239)? true
[21:19:30] [Render thread/INFO] (Minecraft) [STDOUT]:    Mouse Y: 67 (entre 63 e 75)? true
[21:19:30] [Render thread/INFO] (Minecraft) [STDOUT]: 🟢 HOVER DETECTADO NO ÍCONE INFO!
[21:19:30] [Render thread/INFO] (Minecraft) [STDOUT]:    Mouse X: 233 (entre 227 e 239)? true
[21:19:30] [Render thread/INFO] (Minecraft) [STDOUT]:    Mouse Y: 67 (entre 63 e 75)? true
[21:19:30] [Render thread/INFO] (Minecraft) [STDOUT]: 🟢 HOVER DETECTADO NO ÍCONE INFO!
[21:19:30] [Render thread/INFO] (Minecraft) [STDOUT]:    Mouse X: 233 (entre 227 e 239)? true
[21:19:30] [Render thread/INFO] (Minecraft) [STDOUT]:    Mouse Y: 67 (entre 63 e 75)? true
[21:19:30] [Render thread/INFO] (Minecraft) [STDOUT]: 🟢 HOVER DETECTADO NO ÍCONE INFO!
[21:19:30] [Render thread/INFO] (Minecraft) [STDOUT]:    Mouse X: 233 (entre 227 e 239)? true
[21:19:30] [Render thread/INFO] (Minecraft) [STDOUT]:    Mouse Y: 67 (entre 63 e 75)? true
[21:19:30] [Render thread/INFO] (Minecraft) [STDOUT]: 🟢 HOVER DETECTADO NO ÍCONE INFO!
[21:19:30] [Render thread/INFO] (Minecraft) [STDOUT]:    Mouse X: 233 (entre 227 e 239)? true
[21:19:30] [Render thread/INFO] (Minecraft) [STDOUT]:    Mouse Y: 67 (entre 63 e 75)? true
[21:19:30] [Render thread/INFO] (Minecraft) [STDOUT]: 🟢 HOVER DETECTADO NO ÍCONE INFO!
[21:19:30] [Render thread/INFO] (Minecraft) [STDOUT]:    Mouse X: 233 (entre 227 e 239)? true
[21:19:30] [Render thread/INFO] (Minecraft) [STDOUT]:    Mouse Y: 67 (entre 63 e 75)? true
[21:19:30] [Render thread/INFO] (Minecraft) [STDOUT]: 🟢 HOVER DETECTADO NO ÍCONE INFO!
[21:19:30] [Render thread/INFO] (Minecraft) [STDOUT]:    Mouse X: 233 (entre 227 e 239)? true
[21:19:30] [Render thread/INFO] (Minecraft) [STDOUT]:    Mouse Y: 67 (entre 63 e 75)? true
[21:19:30] [Render thread/INFO] (Minecraft) [STDOUT]: 🟢 HOVER DETECTADO NO ÍCONE INFO!
[21:19:30] [Render thread/INFO] (Minecraft) [STDOUT]:    Mouse X: 233 (entre 227 e 239)? true
[21:19:30] [Render thread/INFO] (Minecraft) [STDOUT]:    Mouse Y: 67 (entre 63 e 75)? true
[21:19:30] [Render thread/INFO] (Minecraft) [STDOUT]: 🟢 HOVER DETECTADO NO ÍCONE INFO!
[21:19:30] [Render thread/INFO] (Minecraft) [STDOUT]:    Mouse X: 233 (entre 227 e 239)? true
[21:19:30] [Render thread/INFO] (Minecraft) [STDOUT]:    Mouse Y: 67 (entre 63 e 75)? true
[21:19:30] [Render thread/INFO] (Minecraft) [STDOUT]: 🟢 HOVER DETECTADO NO ÍCONE INFO!
[21:19:30] [Render thread/INFO] (Minecraft) [STDOUT]:    Mouse X: 233 (entre 227 e 239)? true
[21:19:30] [Render thread/INFO] (Minecraft) [STDOUT]:    Mouse Y: 67 (entre 63 e 75)? true
[21:19:30] [Render thread/INFO] (Minecraft) [STDOUT]: 🟢 HOVER DETECTADO NO ÍCONE INFO!
[21:19:30] [Render thread/INFO] (Minecraft) [STDOUT]:    Mouse X: 233 (entre 227 e 239)? true
[21:19:30] [Render thread/INFO] (Minecraft) [STDOUT]:    Mouse Y: 67 (entre 63 e 75)? true
[21:19:30] [Render thread/INFO] (Minecraft) [STDOUT]: 🟢 HOVER DETECTADO NO ÍCONE INFO!
[21:19:30] [Render thread/INFO] (Minecraft) [STDOUT]:    Mouse X: 233 (entre 227 e 239)? true
[21:19:30] [Render thread/INFO] (Minecraft) [STDOUT]:    Mouse Y: 67 (entre 63 e 75)? true
[21:19:30] [Render thread/INFO] (Minecraft) [STDOUT]: 🟢 HOVER DETECTADO NO ÍCONE INFO!
[21:19:30] [Render thread/INFO] (Minecraft) [STDOUT]:    Mouse X: 233 (entre 227 e 239)? true
[21:19:30] [Render thread/INFO] (Minecraft) [STDOUT]:    Mouse Y: 67 (entre 63 e 75)? true
[21:19:30] [Render thread/INFO] (Minecraft) [STDOUT]: 🟢 HOVER DETECTADO NO ÍCONE INFO!
[21:19:30] [Render thread/INFO] (Minecraft) [STDOUT]:    Mouse X: 233 (entre 227 e 239)? true
[21:19:30] [Render thread/INFO] (Minecraft) [STDOUT]:    Mouse Y: 67 (entre 63 e 75)? true
[21:19:30] [Render thread/INFO] (Minecraft) [STDOUT]: 🟢 HOVER DETECTADO NO ÍCONE INFO!
[21:19:30] [Render thread/INFO] (Minecraft) [STDOUT]:    Mouse X: 233 (entre 227 e 239)? true
[21:19:30] [Render thread/INFO] (Minecraft) [STDOUT]:    Mouse Y: 67 (entre 63 e 75)? true
[21:19:30] [Render thread/INFO] (Minecraft) [STDOUT]: 🟢 HOVER DETECTADO NO ÍCONE INFO!
[21:19:30] [Render thread/INFO] (Minecraft) [STDOUT]:    Mouse X: 233 (entre 227 e 239)? true
[21:19:30] [Render thread/INFO] (Minecraft) [STDOUT]:    Mouse Y: 67 (entre 63 e 75)? true
[21:19:30] [Render thread/INFO] (Minecraft) [STDOUT]: 🟢 HOVER DETECTADO NO ÍCONE INFO!
[21:19:30] [Render thread/INFO] (Minecraft) [STDOUT]:    Mouse X: 233 (entre 227 e 239)? true
[21:19:30] [Render thread/INFO] (Minecraft) [STDOUT]:    Mouse Y: 67 (entre 63 e 75)? true
[21:19:30] [Render thread/INFO] (Minecraft) [STDOUT]: 🟢 HOVER DETECTADO NO ÍCONE INFO!
[21:19:30] [Render thread/INFO] (Minecraft) [STDOUT]:    Mouse X: 233 (entre 227 e 239)? true
[21:19:30] [Render thread/INFO] (Minecraft) [STDOUT]:    Mouse Y: 67 (entre 63 e 75)? true
[21:19:30] [Render thread/INFO] (Minecraft) [STDOUT]: 🟢 HOVER DETECTADO NO ÍCONE INFO!
[21:19:30] [Render thread/INFO] (Minecraft) [STDOUT]:    Mouse X: 233 (entre 227 e 239)? true
[21:19:30] [Render thread/INFO] (Minecraft) [STDOUT]:    Mouse Y: 67 (entre 63 e 75)? true
[21:19:30] [Render thread/INFO] (Minecraft) [STDOUT]: 🟢 HOVER DETECTADO NO ÍCONE INFO!
[21:19:30] [Render thread/INFO] (Minecraft) [STDOUT]:    Mouse X: 233 (entre 227 e 239)? true
[21:19:30] [Render thread/INFO] (Minecraft) [STDOUT]:    Mouse Y: 67 (entre 63 e 75)? true
[21:19:30] [Render thread/INFO] (Minecraft) [STDOUT]: 🟢 HOVER DETECTADO NO ÍCONE INFO!
[21:19:30] [Render thread/INFO] (Minecraft) [STDOUT]:    Mouse X: 233 (entre 227 e 239)? true
[21:19:30] [Render thread/INFO] (Minecraft) [STDOUT]:    Mouse Y: 67 (entre 63 e 75)? true
[21:19:30] [Render thread/INFO] (Minecraft) [STDOUT]: 🟢 HOVER DETECTADO NO ÍCONE INFO!
[21:19:30] [Render thread/INFO] (Minecraft) [STDOUT]:    Mouse X: 233 (entre 227 e 239)? true
[21:19:30] [Render thread/INFO] (Minecraft) [STDOUT]:    Mouse Y: 67 (entre 63 e 75)? true
[21:19:30] [Render thread/INFO] (Minecraft) [STDOUT]: 🟢 HOVER DETECTADO NO ÍCONE INFO!
[21:19:30] [Render thread/INFO] (Minecraft) [STDOUT]:    Mouse X: 233 (entre 227 e 239)? true
[21:19:30] [Render thread/INFO] (Minecraft) [STDOUT]:    Mouse Y: 67 (entre 63 e 75)? true
[21:19:30] [Render thread/INFO] (Minecraft) [STDOUT]: 🟢 HOVER DETECTADO NO ÍCONE INFO!
[21:19:30] [Render thread/INFO] (Minecraft) [STDOUT]:    Mouse X: 233 (entre 227 e 239)? true
[21:19:30] [Render thread/INFO] (Minecraft) [STDOUT]:    Mouse Y: 67 (entre 63 e 75)? true
[21:19:30] [Render thread/INFO] (Minecraft) [STDOUT]: 🟢 HOVER DETECTADO NO ÍCONE INFO!
[21:19:30] [Render thread/INFO] (Minecraft) [STDOUT]:    Mouse X: 233 (entre 227 e 239)? true
[21:19:30] [Render thread/INFO] (Minecraft) [STDOUT]:    Mouse Y: 67 (entre 63 e 75)? true
[21:19:30] [Render thread/INFO] (Minecraft) [STDOUT]: 🟢 HOVER DETECTADO NO ÍCONE INFO!
[21:19:30] [Render thread/INFO] (Minecraft) [STDOUT]:    Mouse X: 233 (entre 227 e 239)? true
[21:19:30] [Render thread/INFO] (Minecraft) [STDOUT]:    Mouse Y: 67 (entre 63 e 75)? true
[21:19:30] [Render thread/INFO] (Minecraft) [STDOUT]: 🟢 HOVER DETECTADO NO ÍCONE INFO!
[21:19:30] [Render thread/INFO] (Minecraft) [STDOUT]:    Mouse X: 233 (entre 227 e 239)? true
[21:19:30] [Render thread/INFO] (Minecraft) [STDOUT]:    Mouse Y: 67 (entre 63 e 75)? true
[21:19:30] [Render thread/INFO] (Minecraft) [STDOUT]: 🟢 HOVER DETECTADO NO ÍCONE INFO!
[21:19:30] [Render thread/INFO] (Minecraft) [STDOUT]:    Mouse X: 233 (entre 227 e 239)? true
[21:19:30] [Render thread/INFO] (Minecraft) [STDOUT]:    Mouse Y: 67 (entre 63 e 75)? true
[21:19:30] [Render thread/INFO] (Minecraft) [STDOUT]: 🟢 HOVER DETECTADO NO ÍCONE INFO!
[21:19:30] [Render thread/INFO] (Minecraft) [STDOUT]:    Mouse X: 233 (entre 227 e 239)? true
[21:19:30] [Render thread/INFO] (Minecraft) [STDOUT]:    Mouse Y: 67 (entre 63 e 75)? true
[21:19:30] [Render thread/INFO] (Minecraft) [STDOUT]: 🟢 HOVER DETECTADO NO ÍCONE INFO!
[21:19:30] [Render thread/INFO] (Minecraft) [STDOUT]:    Mouse X: 233 (entre 227 e 239)? true
[21:19:30] [Render thread/INFO] (Minecraft) [STDOUT]:    Mouse Y: 67 (entre 63 e 75)? true
[21:19:30] [Render thread/INFO] (Minecraft) [STDOUT]: 🟢 HOVER DETECTADO NO ÍCONE INFO!
[21:19:30] [Render thread/INFO] (Minecraft) [STDOUT]:    Mouse X: 233 (entre 227 e 239)? true
[21:19:30] [Render thread/INFO] (Minecraft) [STDOUT]:    Mouse Y: 67 (entre 63 e 75)? true
[21:19:30] [Render thread/INFO] (Minecraft) [STDOUT]: 🟢 HOVER DETECTADO NO ÍCONE INFO!
[21:19:30] [Render thread/INFO] (Minecraft) [STDOUT]:    Mouse X: 233 (entre 227 e 239)? true
[21:19:30] [Render thread/INFO] (Minecraft) [STDOUT]:    Mouse Y: 67 (entre 63 e 75)? true
[21:19:30] [Render thread/INFO] (Minecraft) [STDOUT]: 🟢 HOVER DETECTADO NO ÍCONE INFO!
[21:19:30] [Render thread/INFO] (Minecraft) [STDOUT]:    Mouse X: 233 (entre 227 e 239)? true
[21:19:30] [Render thread/INFO] (Minecraft) [STDOUT]:    Mouse Y: 67 (entre 63 e 75)? true
[21:19:30] [Render thread/INFO] (Minecraft) [STDOUT]: 🟢 HOVER DETECTADO NO ÍCONE INFO!
[21:19:30] [Render thread/INFO] (Minecraft) [STDOUT]:    Mouse X: 233 (entre 227 e 239)? true
[21:19:30] [Render thread/INFO] (Minecraft) [STDOUT]:    Mouse Y: 67 (entre 63 e 75)? true
[21:19:30] [Render thread/INFO] (Minecraft) [STDOUT]: 🟢 HOVER DETECTADO NO ÍCONE INFO!
[21:19:30] [Render thread/INFO] (Minecraft) [STDOUT]:    Mouse X: 233 (entre 227 e 239)? true
[21:19:30] [Render thread/INFO] (Minecraft) [STDOUT]:    Mouse Y: 67 (entre 63 e 75)? true
[21:19:30] [Render thread/INFO] (Minecraft) [STDOUT]: 🟢 HOVER DETECTADO NO ÍCONE INFO!
[21:19:30] [Render thread/INFO] (Minecraft) [STDOUT]:    Mouse X: 233 (entre 227 e 239)? true
[21:19:30] [Render thread/INFO] (Minecraft) [STDOUT]:    Mouse Y: 67 (entre 63 e 75)? true
[21:19:30] [Render thread/INFO] (Minecraft) [STDOUT]: 🟢 HOVER DETECTADO NO ÍCONE INFO!
[21:19:30] [Render thread/INFO] (Minecraft) [STDOUT]:    Mouse X: 233 (entre 227 e 239)? true
[21:19:30] [Render thread/INFO] (Minecraft) [STDOUT]:    Mouse Y: 67 (entre 63 e 75)? true
[21:19:30] [Render thread/INFO] (Minecraft) [STDOUT]: 🟢 HOVER DETECTADO NO ÍCONE INFO!
[21:19:30] [Render thread/INFO] (Minecraft) [STDOUT]:    Mouse X: 233 (entre 227 e 239)? true
[21:19:30] [Render thread/INFO] (Minecraft) [STDOUT]:    Mouse Y: 67 (entre 63 e 75)? true
[21:19:30] [Render thread/INFO] (Minecraft) [STDOUT]: 🟢 HOVER DETECTADO NO ÍCONE INFO!
[21:19:30] [Render thread/INFO] (Minecraft) [STDOUT]:    Mouse X: 233 (entre 227 e 239)? true
[21:19:30] [Render thread/INFO] (Minecraft) [STDOUT]:    Mouse Y: 67 (entre 63 e 75)? true
[21:19:30] [Render thread/INFO] (Minecraft) [STDOUT]: 🟢 HOVER DETECTADO NO ÍCONE INFO!
[21:19:30] [Render thread/INFO] (Minecraft) [STDOUT]:    Mouse X: 233 (entre 227 e 239)? true
[21:19:30] [Render thread/INFO] (Minecraft) [STDOUT]:    Mouse Y: 67 (entre 63 e 75)? true
[21:19:30] [Render thread/INFO] (Minecraft) [STDOUT]: 🟢 HOVER DETECTADO NO ÍCONE INFO!
[21:19:30] [Render thread/INFO] (Minecraft) [STDOUT]:    Mouse X: 233 (entre 227 e 239)? true
[21:19:30] [Render thread/INFO] (Minecraft) [STDOUT]:    Mouse Y: 67 (entre 63 e 75)? true
[21:19:30] [Render thread/INFO] (Minecraft) [STDOUT]: 🟢 HOVER DETECTADO NO ÍCONE INFO!
[21:19:30] [Render thread/INFO] (Minecraft) [STDOUT]:    Mouse X: 233 (entre 227 e 239)? true
[21:19:30] [Render thread/INFO] (Minecraft) [STDOUT]:    Mouse Y: 67 (entre 63 e 75)? true
[21:19:30] [Render thread/INFO] (Minecraft) [STDOUT]: 🟢 HOVER DETECTADO NO ÍCONE INFO!
[21:19:30] [Render thread/INFO] (Minecraft) [STDOUT]:    Mouse X: 233 (entre 227 e 239)? true
[21:19:30] [Render thread/INFO] (Minecraft) [STDOUT]:    Mouse Y: 67 (entre 63 e 75)? true
[21:19:30] [Render thread/INFO] (Minecraft) [STDOUT]: 🟢 HOVER DETECTADO NO ÍCONE INFO!
[21:19:30] [Render thread/INFO] (Minecraft) [STDOUT]:    Mouse X: 233 (entre 227 e 239)? true
[21:19:30] [Render thread/INFO] (Minecraft) [STDOUT]:    Mouse Y: 67 (entre 63 e 75)? true
[21:19:30] [Render thread/INFO] (Minecraft) [STDOUT]: 🟢 HOVER DETECTADO NO ÍCONE INFO!
[21:19:30] [Render thread/INFO] (Minecraft) [STDOUT]:    Mouse X: 233 (entre 227 e 239)? true
[21:19:30] [Render thread/INFO] (Minecraft) [STDOUT]:    Mouse Y: 67 (entre 63 e 75)? true
[21:19:30] [Render thread/INFO] (Minecraft) [STDOUT]: 🟢 HOVER DETECTADO NO ÍCONE INFO!
[21:19:30] [Render thread/INFO] (Minecraft) [STDOUT]:    Mouse X: 233 (entre 227 e 239)? true
[21:19:30] [Render thread/INFO] (Minecraft) [STDOUT]:    Mouse Y: 67 (entre 63 e 75)? true
[21:19:30] [Render thread/INFO] (Minecraft) [STDOUT]: 🟢 HOVER DETECTADO NO ÍCONE INFO!
[21:19:30] [Render thread/INFO] (Minecraft) [STDOUT]:    Mouse X: 233 (entre 227 e 239)? true
[21:19:30] [Render thread/INFO] (Minecraft) [STDOUT]:    Mouse Y: 67 (entre 63 e 75)? true
[21:19:30] [Render thread/INFO] (Minecraft) [STDOUT]: 🟢 HOVER DETECTADO NO ÍCONE INFO!
[21:19:30] [Render thread/INFO] (Minecraft) [STDOUT]:    Mouse X: 233 (entre 227 e 239)? true
[21:19:30] [Render thread/INFO] (Minecraft) [STDOUT]:    Mouse Y: 67 (entre 63 e 75)? true
[21:19:30] [Render thread/INFO] (Minecraft) [STDOUT]: 🟢 HOVER DETECTADO NO ÍCONE INFO!
[21:19:30] [Render thread/INFO] (Minecraft) [STDOUT]:    Mouse X: 233 (entre 227 e 239)? true
[21:19:30] [Render thread/INFO] (Minecraft) [STDOUT]:    Mouse Y: 67 (entre 63 e 75)? true
[21:19:30] [Render thread/INFO] (Minecraft) [STDOUT]: 🟢 HOVER DETECTADO NO ÍCONE INFO!
[21:19:30] [Render thread/INFO] (Minecraft) [STDOUT]:    Mouse X: 233 (entre 227 e 239)? true
[21:19:30] [Render thread/INFO] (Minecraft) [STDOUT]:    Mouse Y: 67 (entre 63 e 75)? true
[21:19:30] [Render thread/INFO] (Minecraft) [STDOUT]: 🟢 HOVER DETECTADO NO ÍCONE INFO!
[21:19:30] [Render thread/INFO] (Minecraft) [STDOUT]:    Mouse X: 233 (entre 227 e 239)? true
[21:19:30] [Render thread/INFO] (Minecraft) [STDOUT]:    Mouse Y: 67 (entre 63 e 75)? true
[21:19:30] [Render thread/INFO] (Minecraft) [STDOUT]: 🟢 HOVER DETECTADO NO ÍCONE INFO!
[21:19:30] [Render thread/INFO] (Minecraft) [STDOUT]:    Mouse X: 233 (entre 227 e 239)? true
[21:19:30] [Render thread/INFO] (Minecraft) [STDOUT]:    Mouse Y: 67 (entre 63 e 75)? true
[21:19:30] [Render thread/INFO] (Minecraft) [STDOUT]: 🟢 HOVER DETECTADO NO ÍCONE INFO!
[21:19:30] [Render thread/INFO] (Minecraft) [STDOUT]:    Mouse X: 233 (entre 227 e 239)? true
[21:19:30] [Render thread/INFO] (Minecraft) [STDOUT]:    Mouse Y: 67 (entre 63 e 75)? true
[21:19:30] [Render thread/INFO] (Minecraft) [STDOUT]: 🟢 HOVER DETECTADO NO ÍCONE INFO!
[21:19:30] [Render thread/INFO] (Minecraft) [STDOUT]:    Mouse X: 233 (entre 227 e 239)? true
[21:19:30] [Render thread/INFO] (Minecraft) [STDOUT]:    Mouse Y: 67 (entre 63 e 75)? true
[21:19:30] [Render thread/INFO] (Minecraft) [STDOUT]: 🟢 HOVER DETECTADO NO ÍCONE INFO!
[21:19:30] [Render thread/INFO] (Minecraft) [STDOUT]:    Mouse X: 233 (entre 227 e 239)? true
[21:19:30] [Render thread/INFO] (Minecraft) [STDOUT]:    Mouse Y: 67 (entre 63 e 75)? true
[21:19:30] [Render thread/INFO] (Minecraft) [STDOUT]: 🟢 HOVER DETECTADO NO ÍCONE INFO!
[21:19:30] [Render thread/INFO] (Minecraft) [STDOUT]:    Mouse X: 233 (entre 227 e 239)? true
[21:19:30] [Render thread/INFO] (Minecraft) [STDOUT]:    Mouse Y: 67 (entre 63 e 75)? true
[21:19:30] [Render thread/INFO] (Minecraft) [STDOUT]: 🟢 HOVER DETECTADO NO ÍCONE INFO!
[21:19:30] [Render thread/INFO] (Minecraft) [STDOUT]:    Mouse X: 233 (entre 227 e 239)? true
[21:19:30] [Render thread/INFO] (Minecraft) [STDOUT]:    Mouse Y: 67 (entre 63 e 75)? true
[21:19:30] [Render thread/INFO] (Minecraft) [STDOUT]: 🟢 HOVER DETECTADO NO ÍCONE INFO!
[21:19:30] [Render thread/INFO] (Minecraft) [STDOUT]:    Mouse X: 233 (entre 227 e 239)? true
[21:19:30] [Render thread/INFO] (Minecraft) [STDOUT]:    Mouse Y: 67 (entre 63 e 75)? true
[21:19:30] [Render thread/INFO] (Minecraft) [STDOUT]: 🟢 HOVER DETECTADO NO ÍCONE INFO!
[21:19:30] [Render thread/INFO] (Minecraft) [STDOUT]:    Mouse X: 233 (entre 227 e 239)? true
[21:19:30] [Render thread/INFO] (Minecraft) [STDOUT]:    Mouse Y: 67 (entre 63 e 75)? true
[21:19:30] [Render thread/INFO] (Minecraft) [STDOUT]: 🟢 HOVER DETECTADO NO ÍCONE INFO!
[21:19:30] [Render thread/INFO] (Minecraft) [STDOUT]:    Mouse X: 233 (entre 227 e 239)? true
[21:19:30] [Render thread/INFO] (Minecraft) [STDOUT]:    Mouse Y: 67 (entre 63 e 75)? true
[21:19:30] [Render thread/INFO] (Minecraft) [STDOUT]: 🟢 HOVER DETECTADO NO ÍCONE INFO!
[21:19:30] [Render thread/INFO] (Minecraft) [STDOUT]:    Mouse X: 233 (entre 227 e 239)? true
[21:19:30] [Render thread/INFO] (Minecraft) [STDOUT]:    Mouse Y: 67 (entre 63 e 75)? true
[21:19:30] [Render thread/INFO] (Minecraft) [STDOUT]: 🟢 HOVER DETECTADO NO ÍCONE INFO!
[21:19:30] [Render thread/INFO] (Minecraft) [STDOUT]:    Mouse X: 233 (entre 227 e 239)? true
[21:19:30] [Render thread/INFO] (Minecraft) [STDOUT]:    Mouse Y: 67 (entre 63 e 75)? true
[21:19:30] [Render thread/INFO] (Minecraft) [STDOUT]: 🟢 HOVER DETECTADO NO ÍCONE INFO!
[21:19:30] [Render thread/INFO] (Minecraft) [STDOUT]:    Mouse X: 233 (entre 227 e 239)? true
[21:19:30] [Render thread/INFO] (Minecraft) [STDOUT]:    Mouse Y: 67 (entre 63 e 75)? true
[21:19:30] [Render thread/INFO] (Minecraft) [STDOUT]: 🟢 HOVER DETECTADO NO ÍCONE INFO!
[21:19:30] [Render thread/INFO] (Minecraft) [STDOUT]:    Mouse X: 233 (entre 227 e 239)? true
[21:19:30] [Render thread/INFO] (Minecraft) [STDOUT]:    Mouse Y: 67 (entre 63 e 75)? true
[21:19:30] [Render thread/INFO] (Minecraft) [STDOUT]: 🟢 HOVER DETECTADO NO ÍCONE INFO!
[21:19:30] [Render thread/INFO] (Minecraft) [STDOUT]:    Mouse X: 233 (entre 227 e 239)? true
[21:19:30] [Render thread/INFO] (Minecraft) [STDOUT]:    Mouse Y: 67 (entre 63 e 75)? true
[21:19:30] [Render thread/INFO] (Minecraft) [STDOUT]: 🟢 HOVER DETECTADO NO ÍCONE INFO!
[21:19:30] [Render thread/INFO] (Minecraft) [STDOUT]:    Mouse X: 233 (entre 227 e 239)? true
[21:19:30] [Render thread/INFO] (Minecraft) [STDOUT]:    Mouse Y: 67 (entre 63 e 75)? true
[21:19:30] [Render thread/INFO] (Minecraft) [STDOUT]: 🟢 HOVER DETECTADO NO ÍCONE INFO!
[21:19:30] [Render thread/INFO] (Minecraft) [STDOUT]:    Mouse X: 233 (entre 227 e 239)? true
[21:19:30] [Render thread/INFO] (Minecraft) [STDOUT]:    Mouse Y: 67 (entre 63 e 75)? true
[21:19:30] [Render thread/INFO] (Minecraft) [STDOUT]: 🟢 HOVER DETECTADO NO ÍCONE INFO!
[21:19:30] [Render thread/INFO] (Minecraft) [STDOUT]:    Mouse X: 233 (entre 227 e 239)? true
[21:19:30] [Render thread/INFO] (Minecraft) [STDOUT]:    Mouse Y: 67 (entre 63 e 75)? true
[21:19:30] [Render thread/INFO] (Minecraft) [STDOUT]: 🟢 HOVER DETECTADO NO ÍCONE INFO!
[21:19:30] [Render thread/INFO] (Minecraft) [STDOUT]:    Mouse X: 233 (entre 227 e 239)? true
[21:19:30] [Render thread/INFO] (Minecraft) [STDOUT]:    Mouse Y: 67 (entre 63 e 75)? true
[21:19:30] [Render thread/INFO] (Minecraft) [STDOUT]: 🟢 HOVER DETECTADO NO ÍCONE INFO!
[21:19:30] [Render thread/INFO] (Minecraft) [STDOUT]:    Mouse X: 233 (entre 227 e 239)? true
[21:19:30] [Render thread/INFO] (Minecraft) [STDOUT]:    Mouse Y: 67 (entre 63 e 75)? true
[21:19:30] [Render thread/INFO] (Minecraft) [STDOUT]: 🟢 HOVER DETECTADO NO ÍCONE INFO!
[21:19:30] [Render thread/INFO] (Minecraft) [STDOUT]:    Mouse X: 233 (entre 227 e 239)? true
[21:19:30] [Render thread/INFO] (Minecraft) [STDOUT]:    Mouse Y: 67 (entre 63 e 75)? true
[21:19:30] [Render thread/INFO] (Minecraft) [STDOUT]: 🟢 HOVER DETECTADO NO ÍCONE INFO!
[21:19:30] [Render thread/INFO] (Minecraft) [STDOUT]:    Mouse X: 233 (entre 227 e 239)? true
[21:19:30] [Render thread/INFO] (Minecraft) [STDOUT]:    Mouse Y: 67 (entre 63 e 75)? true
[21:19:30] [Render thread/INFO] (Minecraft) [STDOUT]: 🟢 HOVER DETECTADO NO ÍCONE INFO!
[21:19:30] [Render thread/INFO] (Minecraft) [STDOUT]:    Mouse X: 233 (entre 227 e 239)? true
[21:19:30] [Render thread/INFO] (Minecraft) [STDOUT]:    Mouse Y: 67 (entre 63 e 75)? true
[21:19:30] [Render thread/INFO] (Minecraft) [STDOUT]: 🟢 HOVER DETECTADO NO ÍCONE INFO!
[21:19:30] [Render thread/INFO] (Minecraft) [STDOUT]:    Mouse X: 233 (entre 227 e 239)? true
[21:19:30] [Render thread/INFO] (Minecraft) [STDOUT]:    Mouse Y: 67 (entre 63 e 75)? true
[21:19:30] [Render thread/INFO] (Minecraft) [STDOUT]: 🟢 HOVER DETECTADO NO ÍCONE INFO!
[21:19:30] [Render thread/INFO] (Minecraft) [STDOUT]:    Mouse X: 233 (entre 227 e 239)? true
[21:19:30] [Render thread/INFO] (Minecraft) [STDOUT]:    Mouse Y: 67 (entre 63 e 75)? true
[21:19:30] [Render thread/INFO] (Minecraft) [STDOUT]: 🟢 HOVER DETECTADO NO ÍCONE INFO!
[21:19:30] [Render thread/INFO] (Minecraft) [STDOUT]:    Mouse X: 233 (entre 227 e 239)? true
[21:19:30] [Render thread/INFO] (Minecraft) [STDOUT]:    Mouse Y: 67 (entre 63 e 75)? true
[21:19:30] [Render thread/INFO] (Minecraft) [STDOUT]: 🟢 HOVER DETECTADO NO ÍCONE INFO!
[21:19:30] [Render thread/INFO] (Minecraft) [STDOUT]:    Mouse X: 233 (entre 227 e 239)? true
[21:19:30] [Render thread/INFO] (Minecraft) [STDOUT]:    Mouse Y: 67 (entre 63 e 75)? true
[21:19:30] [Render thread/INFO] (Minecraft) [STDOUT]: 🟢 HOVER DETECTADO NO ÍCONE INFO!
[21:19:30] [Render thread/INFO] (Minecraft) [STDOUT]:    Mouse X: 233 (entre 227 e 239)? true
[21:19:30] [Render thread/INFO] (Minecraft) [STDOUT]:    Mouse Y: 67 (entre 63 e 75)? true
[21:19:30] [Render thread/INFO] (Minecraft) [STDOUT]: 🟢 HOVER DETECTADO NO ÍCONE INFO!
[21:19:30] [Render thread/INFO] (Minecraft) [STDOUT]:    Mouse X: 233 (entre 227 e 239)? true
[21:19:30] [Render thread/INFO] (Minecraft) [STDOUT]:    Mouse Y: 67 (entre 63 e 75)? true
[21:19:30] [Render thread/INFO] (Minecraft) [STDOUT]: 🟢 HOVER DETECTADO NO ÍCONE INFO!
[21:19:30] [Render thread/INFO] (Minecraft) [STDOUT]:    Mouse X: 233 (entre 227 e 239)? true
[21:19:30] [Render thread/INFO] (Minecraft) [STDOUT]:    Mouse Y: 67 (entre 63 e 75)? true
[21:19:30] [Render thread/INFO] (Minecraft) [STDOUT]: 🟢 HOVER DETECTADO NO ÍCONE INFO!
[21:19:30] [Render thread/INFO] (Minecraft) [STDOUT]:    Mouse X: 233 (entre 227 e 239)? true
[21:19:30] [Render thread/INFO] (Minecraft) [STDOUT]:    Mouse Y: 67 (entre 63 e 75)? true
[21:19:30] [Render thread/INFO] (Minecraft) [STDOUT]: 🟢 HOVER DETECTADO NO ÍCONE INFO!
[21:19:30] [Render thread/INFO] (Minecraft) [STDOUT]:    Mouse X: 233 (entre 227 e 239)? true
[21:19:30] [Render thread/INFO] (Minecraft) [STDOUT]:    Mouse Y: 67 (entre 63 e 75)? true
[21:19:30] [Render thread/INFO] (Minecraft) [STDOUT]: 🟢 HOVER DETECTADO NO ÍCONE INFO!
[21:19:30] [Render thread/INFO] (Minecraft) [STDOUT]:    Mouse X: 233 (entre 227 e 239)? true
[21:19:30] [Render thread/INFO] (Minecraft) [STDOUT]:    Mouse Y: 67 (entre 63 e 75)? true
[21:19:30] [Render thread/INFO] (Minecraft) [STDOUT]: 🟢 HOVER DETECTADO NO ÍCONE INFO!
[21:19:30] [Render thread/INFO] (Minecraft) [STDOUT]:    Mouse X: 233 (entre 227 e 239)? true
[21:19:30] [Render thread/INFO] (Minecraft) [STDOUT]:    Mouse Y: 67 (entre 63 e 75)? true
[21:19:31] [Render thread/INFO] (Minecraft) [STDOUT]: 🟢 HOVER DETECTADO NO ÍCONE INFO!
[21:19:31] [Render thread/INFO] (Minecraft) [STDOUT]:    Mouse X: 233 (entre 227 e 239)? true
[21:19:31] [Render thread/INFO] (Minecraft) [STDOUT]:    Mouse Y: 67 (entre 63 e 75)? true
[21:19:31] [Render thread/INFO] (Minecraft) [STDOUT]: 🟢 HOVER DETECTADO NO ÍCONE INFO!
[21:19:31] [Render thread/INFO] (Minecraft) [STDOUT]:    Mouse X: 233 (entre 227 e 239)? true
[21:19:31] [Render thread/INFO] (Minecraft) [STDOUT]:    Mouse Y: 67 (entre 63 e 75)? true
[21:19:31] [Render thread/INFO] (Minecraft) [STDOUT]: 🟢 HOVER DETECTADO NO ÍCONE INFO!
[21:19:31] [Render thread/INFO] (Minecraft) [STDOUT]:    Mouse X: 233 (entre 227 e 239)? true
[21:19:31] [Render thread/INFO] (Minecraft) [STDOUT]:    Mouse Y: 67 (entre 63 e 75)? true
[21:19:31] [Render thread/INFO] (Minecraft) [STDOUT]: 🟢 HOVER DETECTADO NO ÍCONE INFO!
[21:19:31] [Render thread/INFO] (Minecraft) [STDOUT]:    Mouse X: 233 (entre 227 e 239)? true
[21:19:31] [Render thread/INFO] (Minecraft) [STDOUT]:    Mouse Y: 67 (entre 63 e 75)? true
[21:19:31] [Render thread/INFO] (Minecraft) [STDOUT]: 🟢 HOVER DETECTADO NO ÍCONE INFO!
[21:19:31] [Render thread/INFO] (Minecraft) [STDOUT]:    Mouse X: 233 (entre 227 e 239)? true
[21:19:31] [Render thread/INFO] (Minecraft) [STDOUT]:    Mouse Y: 67 (entre 63 e 75)? true
[21:19:31] [Render thread/INFO] (Minecraft) [STDOUT]: 🟢 HOVER DETECTADO NO ÍCONE INFO!
[21:19:31] [Render thread/INFO] (Minecraft) [STDOUT]:    Mouse X: 233 (entre 227 e 239)? true
[21:19:31] [Render thread/INFO] (Minecraft) [STDOUT]:    Mouse Y: 67 (entre 63 e 75)? true
[21:19:31] [Render thread/INFO] (Minecraft) [STDOUT]: 🟢 HOVER DETECTADO NO ÍCONE INFO!
[21:19:31] [Render thread/INFO] (Minecraft) [STDOUT]:    Mouse X: 233 (entre 227 e 239)? true
[21:19:31] [Render thread/INFO] (Minecraft) [STDOUT]:    Mouse Y: 67 (entre 63 e 75)? true
[21:19:31] [Render thread/INFO] (Minecraft) [STDOUT]: 🟢 HOVER DETECTADO NO ÍCONE INFO!
[21:19:31] [Render thread/INFO] (Minecraft) [STDOUT]:    Mouse X: 233 (entre 227 e 239)? true
[21:19:31] [Render thread/INFO] (Minecraft) [STDOUT]:    Mouse Y: 67 (entre 63 e 75)? true
[21:19:31] [Render thread/INFO] (Minecraft) [STDOUT]: 🟢 HOVER DETECTADO NO ÍCONE INFO!
[21:19:31] [Render thread/INFO] (Minecraft) [STDOUT]:    Mouse X: 233 (entre 227 e 239)? true
[21:19:31] [Render thread/INFO] (Minecraft) [STDOUT]:    Mouse Y: 67 (entre 63 e 75)? true
[21:19:31] [Render thread/INFO] (Minecraft) [STDOUT]: 🟢 HOVER DETECTADO NO ÍCONE INFO!
[21:19:31] [Render thread/INFO] (Minecraft) [STDOUT]:    Mouse X: 233 (entre 227 e 239)? true
[21:19:31] [Render thread/INFO] (Minecraft) [STDOUT]:    Mouse Y: 67 (entre 63 e 75)? true
[21:19:31] [Render thread/INFO] (Minecraft) [STDOUT]: 🟢 HOVER DETECTADO NO ÍCONE INFO!
[21:19:31] [Render thread/INFO] (Minecraft) [STDOUT]:    Mouse X: 233 (entre 227 e 239)? true
[21:19:31] [Render thread/INFO] (Minecraft) [STDOUT]:    Mouse Y: 67 (entre 63 e 75)? true
[21:19:31] [Render thread/INFO] (Minecraft) [STDOUT]: 🟢 HOVER DETECTADO NO ÍCONE INFO!
[21:19:31] [Render thread/INFO] (Minecraft) [STDOUT]:    Mouse X: 233 (entre 227 e 239)? true
[21:19:31] [Render thread/INFO] (Minecraft) [STDOUT]:    Mouse Y: 67 (entre 63 e 75)? true
[21:19:31] [Render thread/INFO] (Minecraft) [STDOUT]: 🟢 HOVER DETECTADO NO ÍCONE INFO!
[21:19:31] [Render thread/INFO] (Minecraft) [STDOUT]:    Mouse X: 233 (entre 227 e 239)? true
[21:19:31] [Render thread/INFO] (Minecraft) [STDOUT]:    Mouse Y: 67 (entre 63 e 75)? true
[21:19:31] [Render thread/INFO] (Minecraft) [STDOUT]: 🟢 HOVER DETECTADO NO ÍCONE INFO!
[21:19:31] [Render thread/INFO] (Minecraft) [STDOUT]:    Mouse X: 233 (entre 227 e 239)? true
[21:19:31] [Render thread/INFO] (Minecraft) [STDOUT]:    Mouse Y: 67 (entre 63 e 75)? true
[21:19:31] [Render thread/INFO] (Minecraft) [STDOUT]: 🟢 HOVER DETECTADO NO ÍCONE INFO!
[21:19:31] [Render thread/INFO] (Minecraft) [STDOUT]:    Mouse X: 233 (entre 227 e 239)? true
[21:19:31] [Render thread/INFO] (Minecraft) [STDOUT]:    Mouse Y: 67 (entre 63 e 75)? true
[21:19:31] [Render thread/INFO] (Minecraft) [STDOUT]: 🟢 HOVER DETECTADO NO ÍCONE INFO!
[21:19:31] [Render thread/INFO] (Minecraft) [STDOUT]:    Mouse X: 233 (entre 227 e 239)? true
[21:19:31] [Render thread/INFO] (Minecraft) [STDOUT]:    Mouse Y: 67 (entre 63 e 75)? true
[21:19:31] [Render thread/INFO] (Minecraft) [STDOUT]: 🟢 HOVER DETECTADO NO ÍCONE INFO!
[21:19:31] [Render thread/INFO] (Minecraft) [STDOUT]:    Mouse X: 233 (entre 227 e 239)? true
[21:19:31] [Render thread/INFO] (Minecraft) [STDOUT]:    Mouse Y: 67 (entre 63 e 75)? true
[21:19:31] [Render thread/INFO] (Minecraft) [STDOUT]: 🟢 HOVER DETECTADO NO ÍCONE INFO!
[21:19:31] [Render thread/INFO] (Minecraft) [STDOUT]:    Mouse X: 233 (entre 227 e 239)? true
[21:19:31] [Render thread/INFO] (Minecraft) [STDOUT]:    Mouse Y: 67 (entre 63 e 75)? true
[21:19:31] [Render thread/INFO] (Minecraft) [STDOUT]: 🟢 HOVER DETECTADO NO ÍCONE INFO!
[21:19:31] [Render thread/INFO] (Minecraft) [STDOUT]:    Mouse X: 233 (entre 227 e 239)? true
[21:19:31] [Render thread/INFO] (Minecraft) [STDOUT]:    Mouse Y: 67 (entre 63 e 75)? true
[21:19:31] [Render thread/INFO] (Minecraft) [STDOUT]: 🟢 HOVER DETECTADO NO ÍCONE INFO!
[21:19:31] [Render thread/INFO] (Minecraft) [STDOUT]:    Mouse X: 233 (entre 227 e 239)? true
[21:19:31] [Render thread/INFO] (Minecraft) [STDOUT]:    Mouse Y: 67 (entre 63 e 75)? true
[21:19:31] [Render thread/INFO] (Minecraft) [STDOUT]: 🟢 HOVER DETECTADO NO ÍCONE INFO!
[21:19:31] [Render thread/INFO] (Minecraft) [STDOUT]:    Mouse X: 233 (entre 227 e 239)? true
[21:19:31] [Render thread/INFO] (Minecraft) [STDOUT]:    Mouse Y: 67 (entre 63 e 75)? true
[21:19:31] [Render thread/INFO] (Minecraft) [STDOUT]: 🟢 HOVER DETECTADO NO ÍCONE INFO!
[21:19:31] [Render thread/INFO] (Minecraft) [STDOUT]:    Mouse X: 233 (entre 227 e 239)? true
[21:19:31] [Render thread/INFO] (Minecraft) [STDOUT]:    Mouse Y: 67 (entre 63 e 75)? true
[21:19:31] [Render thread/INFO] (Minecraft) [STDOUT]: 🟢 HOVER DETECTADO NO ÍCONE INFO!
[21:19:31] [Render thread/INFO] (Minecraft) [STDOUT]:    Mouse X: 233 (entre 227 e 239)? true
[21:19:31] [Render thread/INFO] (Minecraft) [STDOUT]:    Mouse Y: 67 (entre 63 e 75)? true
[21:19:31] [Render thread/INFO] (Minecraft) [STDOUT]: 🟢 HOVER DETECTADO NO ÍCONE INFO!
[21:19:31] [Render thread/INFO] (Minecraft) [STDOUT]:    Mouse X: 233 (entre 227 e 239)? true
[21:19:31] [Render thread/INFO] (Minecraft) [STDOUT]:    Mouse Y: 67 (entre 63 e 75)? true
[21:19:31] [Render thread/INFO] (Minecraft) [STDOUT]: 🟢 HOVER DETECTADO NO ÍCONE INFO!
[21:19:31] [Render thread/INFO] (Minecraft) [STDOUT]:    Mouse X: 233 (entre 227 e 239)? true
[21:19:31] [Render thread/INFO] (Minecraft) [STDOUT]:    Mouse Y: 67 (entre 63 e 75)? true
[21:19:31] [Render thread/INFO] (Minecraft) [STDOUT]: 🟢 HOVER DETECTADO NO ÍCONE INFO!
[21:19:31] [Render thread/INFO] (Minecraft) [STDOUT]:    Mouse X: 233 (entre 227 e 239)? true
[21:19:31] [Render thread/INFO] (Minecraft) [STDOUT]:    Mouse Y: 67 (entre 63 e 75)? true
[21:19:31] [Render thread/INFO] (Minecraft) [STDOUT]: 🟢 HOVER DETECTADO NO ÍCONE INFO!
[21:19:31] [Render thread/INFO] (Minecraft) [STDOUT]:    Mouse X: 233 (entre 227 e 239)? true
[21:19:31] [Render thread/INFO] (Minecraft) [STDOUT]:    Mouse Y: 67 (entre 63 e 75)? true
[21:19:31] [Render thread/INFO] (Minecraft) [STDOUT]: 🟢 HOVER DETECTADO NO ÍCONE INFO!
[21:19:31] [Render thread/INFO] (Minecraft) [STDOUT]:    Mouse X: 233 (entre 227 e 239)? true
[21:19:31] [Render thread/INFO] (Minecraft) [STDOUT]:    Mouse Y: 67 (entre 63 e 75)? true
[21:19:31] [Render thread/INFO] (Minecraft) [STDOUT]: 🟢 HOVER DETECTADO NO ÍCONE INFO!
[21:19:31] [Render thread/INFO] (Minecraft) [STDOUT]:    Mouse X: 233 (entre 227 e 239)? true
[21:19:31] [Render thread/INFO] (Minecraft) [STDOUT]:    Mouse Y: 67 (entre 63 e 75)? true
[21:19:31] [Render thread/INFO] (Minecraft) [STDOUT]: 🟢 HOVER DETECTADO NO ÍCONE INFO!
[21:19:31] [Render thread/INFO] (Minecraft) [STDOUT]:    Mouse X: 233 (entre 227 e 239)? true
[21:19:31] [Render thread/INFO] (Minecraft) [STDOUT]:    Mouse Y: 67 (entre 63 e 75)? true
[21:19:31] [Render thread/INFO] (Minecraft) [STDOUT]: 🟢 HOVER DETECTADO NO ÍCONE INFO!
[21:19:31] [Render thread/INFO] (Minecraft) [STDOUT]:    Mouse X: 233 (entre 227 e 239)? true
[21:19:31] [Render thread/INFO] (Minecraft) [STDOUT]:    Mouse Y: 67 (entre 63 e 75)? true
[21:19:31] [Render thread/INFO] (Minecraft) [STDOUT]: 🟢 HOVER DETECTADO NO ÍCONE INFO!
[21:19:31] [Render thread/INFO] (Minecraft) [STDOUT]:    Mouse X: 233 (entre 227 e 239)? true
[21:19:31] [Render thread/INFO] (Minecraft) [STDOUT]:    Mouse Y: 67 (entre 63 e 75)? true
[21:19:31] [Render thread/INFO] (Minecraft) [STDOUT]: 🟢 HOVER DETECTADO NO ÍCONE INFO!
[21:19:31] [Render thread/INFO] (Minecraft) [STDOUT]:    Mouse X: 233 (entre 227 e 239)? true
[21:19:31] [Render thread/INFO] (Minecraft) [STDOUT]:    Mouse Y: 67 (entre 63 e 75)? true
[21:19:31] [Render thread/INFO] (Minecraft) [STDOUT]: 🟢 HOVER DETECTADO NO ÍCONE INFO!
[21:19:31] [Render thread/INFO] (Minecraft) [STDOUT]:    Mouse X: 233 (entre 227 e 239)? true
[21:19:31] [Render thread/INFO] (Minecraft) [STDOUT]:    Mouse Y: 67 (entre 63 e 75)? true
[21:19:31] [Render thread/INFO] (Minecraft) [STDOUT]: 🟢 HOVER DETECTADO NO ÍCONE INFO!
[21:19:31] [Render thread/INFO] (Minecraft) [STDOUT]:    Mouse X: 233 (entre 227 e 239)? true
[21:19:31] [Render thread/INFO] (Minecraft) [STDOUT]:    Mouse Y: 67 (entre 63 e 75)? true
[21:19:31] [Render thread/INFO] (Minecraft) [STDOUT]: 🟢 HOVER DETECTADO NO ÍCONE INFO!
[21:19:31] [Render thread/INFO] (Minecraft) [STDOUT]:    Mouse X: 233 (entre 227 e 239)? true
[21:19:31] [Render thread/INFO] (Minecraft) [STDOUT]:    Mouse Y: 67 (entre 63 e 75)? true
[21:19:31] [Render thread/INFO] (Minecraft) [STDOUT]: 🟢 HOVER DETECTADO NO ÍCONE INFO!
[21:19:31] [Render thread/INFO] (Minecraft) [STDOUT]:    Mouse X: 233 (entre 227 e 239)? true
[21:19:31] [Render thread/INFO] (Minecraft) [STDOUT]:    Mouse Y: 67 (entre 63 e 75)? true
[21:19:31] [Render thread/INFO] (Minecraft) [STDOUT]: 🟢 HOVER DETECTADO NO ÍCONE INFO!
[21:19:31] [Render thread/INFO] (Minecraft) [STDOUT]:    Mouse X: 233 (entre 227 e 239)? true
[21:19:31] [Render thread/INFO] (Minecraft) [STDOUT]:    Mouse Y: 67 (entre 63 e 75)? true
[21:19:31] [Render thread/INFO] (Minecraft) [STDOUT]: 🟢 HOVER DETECTADO NO ÍCONE INFO!
[21:19:31] [Render thread/INFO] (Minecraft) [STDOUT]:    Mouse X: 233 (entre 227 e 239)? true
[21:19:31] [Render thread/INFO] (Minecraft) [STDOUT]:    Mouse Y: 67 (entre 63 e 75)? true
[21:19:31] [Render thread/INFO] (Minecraft) [STDOUT]: 🟢 HOVER DETECTADO NO ÍCONE INFO!
[21:19:31] [Render thread/INFO] (Minecraft) [STDOUT]:    Mouse X: 233 (entre 227 e 239)? true
[21:19:31] [Render thread/INFO] (Minecraft) [STDOUT]:    Mouse Y: 67 (entre 63 e 75)? true
[21:19:31] [Render thread/INFO] (Minecraft) [STDOUT]: 🟢 HOVER DETECTADO NO ÍCONE INFO!
[21:19:31] [Render thread/INFO] (Minecraft) [STDOUT]:    Mouse X: 233 (entre 227 e 239)? true
[21:19:31] [Render thread/INFO] (Minecraft) [STDOUT]:    Mouse Y: 67 (entre 63 e 75)? true
[21:19:31] [Render thread/INFO] (Minecraft) [STDOUT]: 🟢 HOVER DETECTADO NO ÍCONE INFO!
[21:19:31] [Render thread/INFO] (Minecraft) [STDOUT]:    Mouse X: 233 (entre 227 e 239)? true
[21:19:31] [Render thread/INFO] (Minecraft) [STDOUT]:    Mouse Y: 67 (entre 63 e 75)? true
[21:19:31] [Render thread/INFO] (Minecraft) [STDOUT]: 🟢 HOVER DETECTADO NO ÍCONE INFO!
[21:19:31] [Render thread/INFO] (Minecraft) [STDOUT]:    Mouse X: 233 (entre 227 e 239)? true
[21:19:31] [Render thread/INFO] (Minecraft) [STDOUT]:    Mouse Y: 67 (entre 63 e 75)? true
[21:19:31] [Render thread/INFO] (Minecraft) [STDOUT]: 🟢 HOVER DETECTADO NO ÍCONE INFO!
[21:19:31] [Render thread/INFO] (Minecraft) [STDOUT]:    Mouse X: 233 (entre 227 e 239)? true
[21:19:31] [Render thread/INFO] (Minecraft) [STDOUT]:    Mouse Y: 67 (entre 63 e 75)? true
[21:19:31] [Render thread/INFO] (Minecraft) [STDOUT]: 🟢 HOVER DETECTADO NO ÍCONE INFO!
[21:19:31] [Render thread/INFO] (Minecraft) [STDOUT]:    Mouse X: 233 (entre 227 e 239)? true
[21:19:31] [Render thread/INFO] (Minecraft) [STDOUT]:    Mouse Y: 67 (entre 63 e 75)? true
[21:19:31] [Render thread/INFO] (Minecraft) [STDOUT]: 🟢 HOVER DETECTADO NO ÍCONE INFO!
[21:19:31] [Render thread/INFO] (Minecraft) [STDOUT]:    Mouse X: 233 (entre 227 e 239)? true
[21:19:31] [Render thread/INFO] (Minecraft) [STDOUT]:    Mouse Y: 67 (entre 63 e 75)? true
[21:19:31] [Render thread/INFO] (Minecraft) [STDOUT]: 🟢 HOVER DETECTADO NO ÍCONE INFO!
[21:19:31] [Render thread/INFO] (Minecraft) [STDOUT]:    Mouse X: 233 (entre 227 e 239)? true
[21:19:31] [Render thread/INFO] (Minecraft) [STDOUT]:    Mouse Y: 67 (entre 63 e 75)? true
[21:19:31] [Render thread/INFO] (Minecraft) [STDOUT]: 🟢 HOVER DETECTADO NO ÍCONE INFO!
[21:19:31] [Render thread/INFO] (Minecraft) [STDOUT]:    Mouse X: 233 (entre 227 e 239)? true
[21:19:31] [Render thread/INFO] (Minecraft) [STDOUT]:    Mouse Y: 67 (entre 63 e 75)? true
[21:19:31] [Render thread/INFO] (Minecraft) [STDOUT]: 🟢 HOVER DETECTADO NO ÍCONE INFO!
[21:19:31] [Render thread/INFO] (Minecraft) [STDOUT]:    Mouse X: 233 (entre 227 e 239)? true
[21:19:31] [Render thread/INFO] (Minecraft) [STDOUT]:    Mouse Y: 67 (entre 63 e 75)? true
[21:19:31] [Render thread/INFO] (Minecraft) [STDOUT]: 🟢 HOVER DETECTADO NO ÍCONE INFO!
[21:19:31] [Render thread/INFO] (Minecraft) [STDOUT]:    Mouse X: 233 (entre 227 e 239)? true
[21:19:31] [Render thread/INFO] (Minecraft) [STDOUT]:    Mouse Y: 67 (entre 63 e 75)? true
[21:19:31] [Render thread/INFO] (Minecraft) [STDOUT]: 🟢 HOVER DETECTADO NO ÍCONE INFO!
[21:19:31] [Render thread/INFO] (Minecraft) [STDOUT]:    Mouse X: 233 (entre 227 e 239)? true
[21:19:31] [Render thread/INFO] (Minecraft) [STDOUT]:    Mouse Y: 67 (entre 63 e 75)? true
[21:19:31] [Render thread/INFO] (Minecraft) [STDOUT]: 🟢 HOVER DETECTADO NO ÍCONE INFO!
[21:19:31] [Render thread/INFO] (Minecraft) [STDOUT]:    Mouse X: 233 (entre 227 e 239)? true
[21:19:31] [Render thread/INFO] (Minecraft) [STDOUT]:    Mouse Y: 67 (entre 63 e 75)? true
[21:19:31] [Render thread/INFO] (Minecraft) [STDOUT]: 🟢 HOVER DETECTADO NO ÍCONE INFO!
[21:19:31] [Render thread/INFO] (Minecraft) [STDOUT]:    Mouse X: 233 (entre 227 e 239)? true
[21:19:31] [Render thread/INFO] (Minecraft) [STDOUT]:    Mouse Y: 67 (entre 63 e 75)? true
[21:19:31] [Render thread/INFO] (Minecraft) [STDOUT]: 🟢 HOVER DETECTADO NO ÍCONE INFO!
[21:19:31] [Render thread/INFO] (Minecraft) [STDOUT]:    Mouse X: 233 (entre 227 e 239)? true
[21:19:31] [Render thread/INFO] (Minecraft) [STDOUT]:    Mouse Y: 67 (entre 63 e 75)? true
[21:19:31] [Render thread/INFO] (Minecraft) [STDOUT]: 🟢 HOVER DETECTADO NO ÍCONE INFO!
[21:19:31] [Render thread/INFO] (Minecraft) [STDOUT]:    Mouse X: 233 (entre 227 e 239)? true
[21:19:31] [Render thread/INFO] (Minecraft) [STDOUT]:    Mouse Y: 67 (entre 63 e 75)? true
[21:19:31] [Render thread/INFO] (Minecraft) [STDOUT]: 🟢 HOVER DETECTADO NO ÍCONE INFO!
[21:19:31] [Render thread/INFO] (Minecraft) [STDOUT]:    Mouse X: 233 (entre 227 e 239)? true
[21:19:31] [Render thread/INFO] (Minecraft) [STDOUT]:    Mouse Y: 67 (entre 63 e 75)? true
[21:19:31] [Render thread/INFO] (Minecraft) [STDOUT]: 🟢 HOVER DETECTADO NO ÍCONE INFO!
[21:19:31] [Render thread/INFO] (Minecraft) [STDOUT]:    Mouse X: 233 (entre 227 e 239)? true
[21:19:31] [Render thread/INFO] (Minecraft) [STDOUT]:    Mouse Y: 67 (entre 63 e 75)? true
[21:19:31] [Render thread/INFO] (Minecraft) [STDOUT]: 🟢 HOVER DETECTADO NO ÍCONE INFO!
[21:19:31] [Render thread/INFO] (Minecraft) [STDOUT]:    Mouse X: 233 (entre 227 e 239)? true
[21:19:31] [Render thread/INFO] (Minecraft) [STDOUT]:    Mouse Y: 67 (entre 63 e 75)? true
[21:19:31] [Render thread/INFO] (Minecraft) [STDOUT]: 🟢 HOVER DETECTADO NO ÍCONE INFO!
[21:19:31] [Render thread/INFO] (Minecraft) [STDOUT]:    Mouse X: 233 (entre 227 e 239)? true
[21:19:31] [Render thread/INFO] (Minecraft) [STDOUT]:    Mouse Y: 67 (entre 63 e 75)? true
[21:19:31] [Render thread/INFO] (Minecraft) [STDOUT]: 🟢 HOVER DETECTADO NO ÍCONE INFO!
[21:19:31] [Render thread/INFO] (Minecraft) [STDOUT]:    Mouse X: 233 (entre 227 e 239)? true
[21:19:31] [Render thread/INFO] (Minecraft) [STDOUT]:    Mouse Y: 67 (entre 63 e 75)? true
[21:19:31] [Render thread/INFO] (Minecraft) [STDOUT]: 🟢 HOVER DETECTADO NO ÍCONE INFO!
[21:19:31] [Render thread/INFO] (Minecraft) [STDOUT]:    Mouse X: 233 (entre 227 e 239)? true
[21:19:31] [Render thread/INFO] (Minecraft) [STDOUT]:    Mouse Y: 67 (entre 63 e 75)? true
[21:19:31] [Render thread/INFO] (Minecraft) [STDOUT]: 🟢 HOVER DETECTADO NO ÍCONE INFO!
[21:19:31] [Render thread/INFO] (Minecraft) [STDOUT]:    Mouse X: 233 (entre 227 e 239)? true
[21:19:31] [Render thread/INFO] (Minecraft) [STDOUT]:    Mouse Y: 67 (entre 63 e 75)? true
[21:19:31] [Render thread/INFO] (Minecraft) [STDOUT]: 🟢 HOVER DETECTADO NO ÍCONE INFO!
[21:19:31] [Render thread/INFO] (Minecraft) [STDOUT]:    Mouse X: 233 (entre 227 e 239)? true
[21:19:31] [Render thread/INFO] (Minecraft) [STDOUT]:    Mouse Y: 67 (entre 63 e 75)? true
[21:19:31] [Render thread/INFO] (Minecraft) [STDOUT]: 🟢 HOVER DETECTADO NO ÍCONE INFO!
[21:19:31] [Render thread/INFO] (Minecraft) [STDOUT]:    Mouse X: 233 (entre 227 e 239)? true
[21:19:31] [Render thread/INFO] (Minecraft) [STDOUT]:    Mouse Y: 67 (entre 63 e 75)? true
[21:19:31] [Render thread/INFO] (Minecraft) [STDOUT]: 🟢 HOVER DETECTADO NO ÍCONE INFO!
[21:19:31] [Render thread/INFO] (Minecraft) [STDOUT]:    Mouse X: 233 (entre 227 e 239)? true
[21:19:31] [Render thread/INFO] (Minecraft) [STDOUT]:    Mouse Y: 67 (entre 63 e 75)? true
[21:19:31] [Render thread/INFO] (Minecraft) [STDOUT]: 🟢 HOVER DETECTADO NO ÍCONE INFO!
[21:19:31] [Render thread/INFO] (Minecraft) [STDOUT]:    Mouse X: 233 (entre 227 e 239)? true
[21:19:31] [Render thread/INFO] (Minecraft) [STDOUT]:    Mouse Y: 67 (entre 63 e 75)? true
[21:19:31] [Render thread/INFO] (Minecraft) [STDOUT]: 🟢 HOVER DETECTADO NO ÍCONE INFO!
[21:19:31] [Render thread/INFO] (Minecraft) [STDOUT]:    Mouse X: 233 (entre 227 e 239)? true
[21:19:31] [Render thread/INFO] (Minecraft) [STDOUT]:    Mouse Y: 67 (entre 63 e 75)? true
[21:19:31] [Render thread/INFO] (Minecraft) [STDOUT]: 🟢 HOVER DETECTADO NO ÍCONE INFO!
[21:19:31] [Render thread/INFO] (Minecraft) [STDOUT]:    Mouse X: 233 (entre 227 e 239)? true
[21:19:31] [Render thread/INFO] (Minecraft) [STDOUT]:    Mouse Y: 67 (entre 63 e 75)? true
[21:19:31] [Render thread/INFO] (Minecraft) [STDOUT]: 🟢 HOVER DETECTADO NO ÍCONE INFO!
[21:19:31] [Render thread/INFO] (Minecraft) [STDOUT]:    Mouse X: 233 (entre 227 e 239)? true
[21:19:31] [Render thread/INFO] (Minecraft) [STDOUT]:    Mouse Y: 67 (entre 63 e 75)? true
[21:19:31] [Render thread/INFO] (Minecraft) [STDOUT]: 🟢 HOVER DETECTADO NO ÍCONE INFO!
[21:19:31] [Render thread/INFO] (Minecraft) [STDOUT]:    Mouse X: 233 (entre 227 e 239)? true
[21:19:31] [Render thread/INFO] (Minecraft) [STDOUT]:    Mouse Y: 67 (entre 63 e 75)? true
[21:19:31] [Render thread/INFO] (Minecraft) [STDOUT]: 🟢 HOVER DETECTADO NO ÍCONE INFO!
[21:19:31] [Render thread/INFO] (Minecraft) [STDOUT]:    Mouse X: 233 (entre 227 e 239)? true
[21:19:31] [Render thread/INFO] (Minecraft) [STDOUT]:    Mouse Y: 67 (entre 63 e 75)? true
[21:19:31] [Render thread/INFO] (Minecraft) [STDOUT]: 🟢 HOVER DETECTADO NO ÍCONE INFO!
[21:19:31] [Render thread/INFO] (Minecraft) [STDOUT]:    Mouse X: 233 (entre 227 e 239)? true
[21:19:31] [Render thread/INFO] (Minecraft) [STDOUT]:    Mouse Y: 67 (entre 63 e 75)? true
[21:19:31] [Render thread/INFO] (Minecraft) [STDOUT]: 🟢 HOVER DETECTADO NO ÍCONE INFO!
[21:19:31] [Render thread/INFO] (Minecraft) [STDOUT]:    Mouse X: 233 (entre 227 e 239)? true
[21:19:31] [Render thread/INFO] (Minecraft) [STDOUT]:    Mouse Y: 67 (entre 63 e 75)? true
[21:19:31] [Render thread/INFO] (Minecraft) [STDOUT]: 🟢 HOVER DETECTADO NO ÍCONE INFO!
[21:19:31] [Render thread/INFO] (Minecraft) [STDOUT]:    Mouse X: 233 (entre 227 e 239)? true
[21:19:31] [Render thread/INFO] (Minecraft) [STDOUT]:    Mouse Y: 67 (entre 63 e 75)? true
[21:19:31] [Render thread/INFO] (Minecraft) [STDOUT]: 🟢 HOVER DETECTADO NO ÍCONE INFO!
[21:19:31] [Render thread/INFO] (Minecraft) [STDOUT]:    Mouse X: 233 (entre 227 e 239)? true
[21:19:31] [Render thread/INFO] (Minecraft) [STDOUT]:    Mouse Y: 67 (entre 63 e 75)? true
[21:19:31] [Render thread/INFO] (Minecraft) [STDOUT]: 🟢 HOVER DETECTADO NO ÍCONE INFO!
[21:19:31] [Render thread/INFO] (Minecraft) [STDOUT]:    Mouse X: 233 (entre 227 e 239)? true
[21:19:31] [Render thread/INFO] (Minecraft) [STDOUT]:    Mouse Y: 67 (entre 63 e 75)? true
[21:19:31] [Render thread/INFO] (Minecraft) [STDOUT]: 🟢 HOVER DETECTADO NO ÍCONE INFO!
[21:19:31] [Render thread/INFO] (Minecraft) [STDOUT]:    Mouse X: 233 (entre 227 e 239)? true
[21:19:31] [Render thread/INFO] (Minecraft) [STDOUT]:    Mouse Y: 67 (entre 63 e 75)? true
[21:19:31] [Render thread/INFO] (Minecraft) [STDOUT]: 🟢 HOVER DETECTADO NO ÍCONE INFO!
[21:19:31] [Render thread/INFO] (Minecraft) [STDOUT]:    Mouse X: 233 (entre 227 e 239)? true
[21:19:31] [Render thread/INFO] (Minecraft) [STDOUT]:    Mouse Y: 67 (entre 63 e 75)? true
[21:19:31] [Render thread/INFO] (Minecraft) [STDOUT]: 🟢 HOVER DETECTADO NO ÍCONE INFO!
[21:19:31] [Render thread/INFO] (Minecraft) [STDOUT]:    Mouse X: 233 (entre 227 e 239)? true
[21:19:31] [Render thread/INFO] (Minecraft) [STDOUT]:    Mouse Y: 67 (entre 63 e 75)? true
[21:19:31] [Render thread/INFO] (Minecraft) [STDOUT]: 🟢 HOVER DETECTADO NO ÍCONE INFO!
[21:19:31] [Render thread/INFO] (Minecraft) [STDOUT]:    Mouse X: 233 (entre 227 e 239)? true
[21:19:31] [Render thread/INFO] (Minecraft) [STDOUT]:    Mouse Y: 67 (entre 63 e 75)? true
[21:19:31] [Render thread/INFO] (Minecraft) [STDOUT]: 🟢 HOVER DETECTADO NO ÍCONE INFO!
[21:19:31] [Render thread/INFO] (Minecraft) [STDOUT]:    Mouse X: 233 (entre 227 e 239)? true
[21:19:31] [Render thread/INFO] (Minecraft) [STDOUT]:    Mouse Y: 67 (entre 63 e 75)? true
[21:19:31] [Render thread/INFO] (Minecraft) [STDOUT]: 🟢 HOVER DETECTADO NO ÍCONE INFO!
[21:19:31] [Render thread/INFO] (Minecraft) [STDOUT]:    Mouse X: 233 (entre 227 e 239)? true
[21:19:31] [Render thread/INFO] (Minecraft) [STDOUT]:    Mouse Y: 67 (entre 63 e 75)? true
[21:19:31] [Render thread/INFO] (Minecraft) [STDOUT]: 🟢 HOVER DETECTADO NO ÍCONE INFO!
[21:19:31] [Render thread/INFO] (Minecraft) [STDOUT]:    Mouse X: 233 (entre 227 e 239)? true
[21:19:31] [Render thread/INFO] (Minecraft) [STDOUT]:    Mouse Y: 67 (entre 63 e 75)? true
[21:19:31] [Render thread/INFO] (Minecraft) [STDOUT]: 🟢 HOVER DETECTADO NO ÍCONE INFO!
[21:19:31] [Render thread/INFO] (Minecraft) [STDOUT]:    Mouse X: 233 (entre 227 e 239)? true
[21:19:31] [Render thread/INFO] (Minecraft) [STDOUT]:    Mouse Y: 67 (entre 63 e 75)? true
[21:19:31] [Render thread/INFO] (Minecraft) [STDOUT]: 🟢 HOVER DETECTADO NO ÍCONE INFO!
[21:19:31] [Render thread/INFO] (Minecraft) [STDOUT]:    Mouse X: 233 (entre 227 e 239)? true
[21:19:31] [Render thread/INFO] (Minecraft) [STDOUT]:    Mouse Y: 67 (entre 63 e 75)? true
[21:19:31] [Render thread/INFO] (Minecraft) [STDOUT]: 🟢 HOVER DETECTADO NO ÍCONE INFO!
[21:19:31] [Render thread/INFO] (Minecraft) [STDOUT]:    Mouse X: 233 (entre 227 e 239)? true
[21:19:31] [Render thread/INFO] (Minecraft) [STDOUT]:    Mouse Y: 67 (entre 63 e 75)? true
[21:19:31] [Render thread/INFO] (Minecraft) [STDOUT]: 🟢 HOVER DETECTADO NO ÍCONE INFO!
[21:19:31] [Render thread/INFO] (Minecraft) [STDOUT]:    Mouse X: 233 (entre 227 e 239)? true
[21:19:31] [Render thread/INFO] (Minecraft) [STDOUT]:    Mouse Y: 67 (entre 63 e 75)? true
[21:19:31] [Render thread/INFO] (Minecraft) [STDOUT]: 🟢 HOVER DETECTADO NO ÍCONE INFO!
[21:19:31] [Render thread/INFO] (Minecraft) [STDOUT]:    Mouse X: 233 (entre 227 e 239)? true
[21:19:31] [Render thread/INFO] (Minecraft) [STDOUT]:    Mouse Y: 67 (entre 63 e 75)? true
[21:19:31] [Render thread/INFO] (Minecraft) [STDOUT]: 🟢 HOVER DETECTADO NO ÍCONE INFO!
[21:19:31] [Render thread/INFO] (Minecraft) [STDOUT]:    Mouse X: 233 (entre 227 e 239)? true
[21:19:31] [Render thread/INFO] (Minecraft) [STDOUT]:    Mouse Y: 67 (entre 63 e 75)? true
[21:19:31] [Render thread/INFO] (Minecraft) [STDOUT]: 🟢 HOVER DETECTADO NO ÍCONE INFO!
[21:19:31] [Render thread/INFO] (Minecraft) [STDOUT]:    Mouse X: 233 (entre 227 e 239)? true
[21:19:31] [Render thread/INFO] (Minecraft) [STDOUT]:    Mouse Y: 67 (entre 63 e 75)? true
[21:19:31] [Render thread/INFO] (Minecraft) [STDOUT]: 🟢 HOVER DETECTADO NO ÍCONE INFO!
[21:19:31] [Render thread/INFO] (Minecraft) [STDOUT]:    Mouse X: 233 (entre 227 e 239)? true
[21:19:31] [Render thread/INFO] (Minecraft) [STDOUT]:    Mouse Y: 67 (entre 63 e 75)? true
[21:19:31] [Render thread/INFO] (Minecraft) [STDOUT]: 🟢 HOVER DETECTADO NO ÍCONE INFO!
[21:19:31] [Render thread/INFO] (Minecraft) [STDOUT]:    Mouse X: 233 (entre 227 e 239)? true
[21:19:31] [Render thread/INFO] (Minecraft) [STDOUT]:    Mouse Y: 67 (entre 63 e 75)? true
[21:19:31] [Render thread/INFO] (Minecraft) [STDOUT]: 🟢 HOVER DETECTADO NO ÍCONE INFO!
[21:19:31] [Render thread/INFO] (Minecraft) [STDOUT]:    Mouse X: 233 (entre 227 e 239)? true
[21:19:31] [Render thread/INFO] (Minecraft) [STDOUT]:    Mouse Y: 67 (entre 63 e 75)? true
[21:19:31] [Render thread/INFO] (Minecraft) [STDOUT]: 🟢 HOVER DETECTADO NO ÍCONE INFO!
[21:19:31] [Render thread/INFO] (Minecraft) [STDOUT]:    Mouse X: 233 (entre 227 e 239)? true
[21:19:31] [Render thread/INFO] (Minecraft) [STDOUT]:    Mouse Y: 67 (entre 63 e 75)? true
[21:19:31] [Render thread/INFO] (Minecraft) [STDOUT]: 🟢 HOVER DETECTADO NO ÍCONE INFO!
[21:19:31] [Render thread/INFO] (Minecraft) [STDOUT]:    Mouse X: 233 (entre 227 e 239)? true
[21:19:31] [Render thread/INFO] (Minecraft) [STDOUT]:    Mouse Y: 67 (entre 63 e 75)? true
[21:19:31] [Render thread/INFO] (Minecraft) [STDOUT]: 🟢 HOVER DETECTADO NO ÍCONE INFO!
[21:19:31] [Render thread/INFO] (Minecraft) [STDOUT]:    Mouse X: 233 (entre 227 e 239)? true
[21:19:31] [Render thread/INFO] (Minecraft) [STDOUT]:    Mouse Y: 67 (entre 63 e 75)? true
[21:19:31] [Render thread/INFO] (Minecraft) [STDOUT]: 🟢 HOVER DETECTADO NO ÍCONE INFO!
[21:19:31] [Render thread/INFO] (Minecraft) [STDOUT]:    Mouse X: 233 (entre 227 e 239)? true
[21:19:31] [Render thread/INFO] (Minecraft) [STDOUT]:    Mouse Y: 67 (entre 63 e 75)? true
[21:19:31] [Render thread/INFO] (Minecraft) [STDOUT]: 🟢 HOVER DETECTADO NO ÍCONE INFO!
[21:19:31] [Render thread/INFO] (Minecraft) [STDOUT]:    Mouse X: 233 (entre 227 e 239)? true
[21:19:31] [Render thread/INFO] (Minecraft) [STDOUT]:    Mouse Y: 67 (entre 63 e 75)? true
[21:19:31] [Render thread/INFO] (Minecraft) [STDOUT]: 🟢 HOVER DETECTADO NO ÍCONE INFO!
[21:19:31] [Render thread/INFO] (Minecraft) [STDOUT]:    Mouse X: 233 (entre 227 e 239)? true
[21:19:31] [Render thread/INFO] (Minecraft) [STDOUT]:    Mouse Y: 67 (entre 63 e 75)? true
[21:19:31] [Render thread/INFO] (Minecraft) [STDOUT]: 🟢 HOVER DETECTADO NO ÍCONE INFO!
[21:19:31] [Render thread/INFO] (Minecraft) [STDOUT]:    Mouse X: 233 (entre 227 e 239)? true
[21:19:31] [Render thread/INFO] (Minecraft) [STDOUT]:    Mouse Y: 67 (entre 63 e 75)? true
[21:19:31] [Render thread/INFO] (Minecraft) [STDOUT]: 🟢 HOVER DETECTADO NO ÍCONE INFO!
[21:19:31] [Render thread/INFO] (Minecraft) [STDOUT]:    Mouse X: 233 (entre 227 e 239)? true
[21:19:31] [Render thread/INFO] (Minecraft) [STDOUT]:    Mouse Y: 67 (entre 63 e 75)? true
[21:19:31] [Render thread/INFO] (Minecraft) [STDOUT]: 🟢 HOVER DETECTADO NO ÍCONE INFO!
[21:19:31] [Render thread/INFO] (Minecraft) [STDOUT]:    Mouse X: 233 (entre 227 e 239)? true
[21:19:31] [Render thread/INFO] (Minecraft) [STDOUT]:    Mouse Y: 67 (entre 63 e 75)? true
[21:19:31] [Render thread/INFO] (Minecraft) [STDOUT]: 🟢 HOVER DETECTADO NO ÍCONE INFO!
[21:19:31] [Render thread/INFO] (Minecraft) [STDOUT]:    Mouse X: 233 (entre 227 e 239)? true
[21:19:31] [Render thread/INFO] (Minecraft) [STDOUT]:    Mouse Y: 67 (entre 63 e 75)? true
[21:19:31] [Render thread/INFO] (Minecraft) [STDOUT]: 🟢 HOVER DETECTADO NO ÍCONE INFO!
[21:19:31] [Render thread/INFO] (Minecraft) [STDOUT]:    Mouse X: 233 (entre 227 e 239)? true
[21:19:31] [Render thread/INFO] (Minecraft) [STDOUT]:    Mouse Y: 67 (entre 63 e 75)? true
[21:19:31] [Render thread/INFO] (Minecraft) [STDOUT]: 🟢 HOVER DETECTADO NO ÍCONE INFO!
[21:19:31] [Render thread/INFO] (Minecraft) [STDOUT]:    Mouse X: 233 (entre 227 e 239)? true
[21:19:31] [Render thread/INFO] (Minecraft) [STDOUT]:    Mouse Y: 67 (entre 63 e 75)? true
[21:19:31] [Render thread/INFO] (Minecraft) [STDOUT]: 🟢 HOVER DETECTADO NO ÍCONE INFO!
[21:19:31] [Render thread/INFO] (Minecraft) [STDOUT]:    Mouse X: 233 (entre 227 e 239)? true
[21:19:31] [Render thread/INFO] (Minecraft) [STDOUT]:    Mouse Y: 67 (entre 63 e 75)? true
[21:19:31] [Render thread/INFO] (Minecraft) [STDOUT]: 🟢 HOVER DETECTADO NO ÍCONE INFO!
[21:19:31] [Render thread/INFO] (Minecraft) [STDOUT]:    Mouse X: 233 (entre 227 e 239)? true
[21:19:31] [Render thread/INFO] (Minecraft) [STDOUT]:    Mouse Y: 67 (entre 63 e 75)? true
[21:19:31] [Render thread/INFO] (Minecraft) [STDOUT]: 🟢 HOVER DETECTADO NO ÍCONE INFO!
[21:19:31] [Render thread/INFO] (Minecraft) [STDOUT]:    Mouse X: 233 (entre 227 e 239)? true
[21:19:31] [Render thread/INFO] (Minecraft) [STDOUT]:    Mouse Y: 67 (entre 63 e 75)? true
[21:19:31] [Render thread/INFO] (Minecraft) [STDOUT]: 🟢 HOVER DETECTADO NO ÍCONE INFO!
[21:19:31] [Render thread/INFO] (Minecraft) [STDOUT]:    Mouse X: 233 (entre 227 e 239)? true
[21:19:31] [Render thread/INFO] (Minecraft) [STDOUT]:    Mouse Y: 67 (entre 63 e 75)? true
[21:19:31] [Render thread/INFO] (Minecraft) [STDOUT]: 🟢 HOVER DETECTADO NO ÍCONE INFO!
[21:19:31] [Render thread/INFO] (Minecraft) [STDOUT]:    Mouse X: 233 (entre 227 e 239)? true
[21:19:31] [Render thread/INFO] (Minecraft) [STDOUT]:    Mouse Y: 67 (entre 63 e 75)? true
[21:19:31] [Render thread/INFO] (Minecraft) [STDOUT]: 🟢 HOVER DETECTADO NO ÍCONE INFO!
[21:19:31] [Render thread/INFO] (Minecraft) [STDOUT]:    Mouse X: 233 (entre 227 e 239)? true
[21:19:31] [Render thread/INFO] (Minecraft) [STDOUT]:    Mouse Y: 67 (entre 63 e 75)? true
[21:19:31] [Render thread/INFO] (Minecraft) [STDOUT]: 🟢 HOVER DETECTADO NO ÍCONE INFO!
[21:19:31] [Render thread/INFO] (Minecraft) [STDOUT]:    Mouse X: 233 (entre 227 e 239)? true
[21:19:31] [Render thread/INFO] (Minecraft) [STDOUT]:    Mouse Y: 67 (entre 63 e 75)? true
[21:19:31] [Render thread/INFO] (Minecraft) [STDOUT]: 🟢 HOVER DETECTADO NO ÍCONE INFO!
[21:19:31] [Render thread/INFO] (Minecraft) [STDOUT]:    Mouse X: 233 (entre 227 e 239)? true
[21:19:31] [Render thread/INFO] (Minecraft) [STDOUT]:    Mouse Y: 67 (entre 63 e 75)? true
[21:19:31] [Render thread/INFO] (Minecraft) [STDOUT]: 🟢 HOVER DETECTADO NO ÍCONE INFO!
[21:19:31] [Render thread/INFO] (Minecraft) [STDOUT]:    Mouse X: 233 (entre 227 e 239)? true
[21:19:31] [Render thread/INFO] (Minecraft) [STDOUT]:    Mouse Y: 67 (entre 63 e 75)? true
[21:19:31] [Render thread/INFO] (Minecraft) [STDOUT]: 🟢 HOVER DETECTADO NO ÍCONE INFO!
[21:19:31] [Render thread/INFO] (Minecraft) [STDOUT]:    Mouse X: 233 (entre 227 e 239)? true
[21:19:31] [Render thread/INFO] (Minecraft) [STDOUT]:    Mouse Y: 67 (entre 63 e 75)? true
[21:19:31] [Render thread/INFO] (Minecraft) [STDOUT]: 🟢 HOVER DETECTADO NO ÍCONE INFO!
[21:19:31] [Render thread/INFO] (Minecraft) [STDOUT]:    Mouse X: 233 (entre 227 e 239)? true
[21:19:31] [Render thread/INFO] (Minecraft) [STDOUT]:    Mouse Y: 67 (entre 63 e 75)? true
[21:19:32] [Render thread/INFO] (Minecraft) [STDOUT]: 🟢 HOVER DETECTADO NO ÍCONE INFO!
[21:19:32] [Render thread/INFO] (Minecraft) [STDOUT]:    Mouse X: 233 (entre 227 e 239)? true
[21:19:32] [Render thread/INFO] (Minecraft) [STDOUT]:    Mouse Y: 67 (entre 63 e 75)? true
[21:19:32] [Render thread/INFO] (Minecraft) [STDOUT]: 🟢 HOVER DETECTADO NO ÍCONE INFO!
[21:19:32] [Render thread/INFO] (Minecraft) [STDOUT]:    Mouse X: 233 (entre 227 e 239)? true
[21:19:32] [Render thread/INFO] (Minecraft) [STDOUT]:    Mouse Y: 67 (entre 63 e 75)? true
[21:19:32] [Render thread/INFO] (Minecraft) [STDOUT]: 🟢 HOVER DETECTADO NO ÍCONE INFO!
[21:19:32] [Render thread/INFO] (Minecraft) [STDOUT]:    Mouse X: 233 (entre 227 e 239)? true
[21:19:32] [Render thread/INFO] (Minecraft) [STDOUT]:    Mouse Y: 67 (entre 63 e 75)? true
[21:19:32] [Render thread/INFO] (Minecraft) [STDOUT]: 🟢 HOVER DETECTADO NO ÍCONE INFO!
[21:19:32] [Render thread/INFO] (Minecraft) [STDOUT]:    Mouse X: 233 (entre 227 e 239)? true
[21:19:32] [Render thread/INFO] (Minecraft) [STDOUT]:    Mouse Y: 67 (entre 63 e 75)? true
[21:19:32] [Render thread/INFO] (Minecraft) [STDOUT]: 🟢 HOVER DETECTADO NO ÍCONE INFO!
[21:19:32] [Render thread/INFO] (Minecraft) [STDOUT]:    Mouse X: 233 (entre 227 e 239)? true
[21:19:32] [Render thread/INFO] (Minecraft) [STDOUT]:    Mouse Y: 67 (entre 63 e 75)? true
[21:19:32] [Render thread/INFO] (Minecraft) [STDOUT]: 🟢 HOVER DETECTADO NO ÍCONE INFO!
[21:19:32] [Render thread/INFO] (Minecraft) [STDOUT]:    Mouse X: 233 (entre 227 e 239)? true
[21:19:32] [Render thread/INFO] (Minecraft) [STDOUT]:    Mouse Y: 67 (entre 63 e 75)? true
[21:19:32] [Render thread/INFO] (Minecraft) [STDOUT]: 🟢 HOVER DETECTADO NO ÍCONE INFO!
[21:19:32] [Render thread/INFO] (Minecraft) [STDOUT]:    Mouse X: 233 (entre 227 e 239)? true
[21:19:32] [Render thread/INFO] (Minecraft) [STDOUT]:    Mouse Y: 67 (entre 63 e 75)? true
[21:19:32] [Render thread/INFO] (Minecraft) [STDOUT]: 🟢 HOVER DETECTADO NO ÍCONE INFO!
[21:19:32] [Render thread/INFO] (Minecraft) [STDOUT]:    Mouse X: 233 (entre 227 e 239)? true
[21:19:32] [Render thread/INFO] (Minecraft) [STDOUT]:    Mouse Y: 67 (entre 63 e 75)? true
[21:19:32] [Render thread/INFO] (Minecraft) [STDOUT]: 🟢 HOVER DETECTADO NO ÍCONE INFO!
[21:19:32] [Render thread/INFO] (Minecraft) [STDOUT]:    Mouse X: 233 (entre 227 e 239)? true
[21:19:32] [Render thread/INFO] (Minecraft) [STDOUT]:    Mouse Y: 67 (entre 63 e 75)? true
[21:19:32] [Render thread/INFO] (Minecraft) [STDOUT]: 🟢 HOVER DETECTADO NO ÍCONE INFO!
[21:19:32] [Render thread/INFO] (Minecraft) [STDOUT]:    Mouse X: 233 (entre 227 e 239)? true
[21:19:32] [Render thread/INFO] (Minecraft) [STDOUT]:    Mouse Y: 67 (entre 63 e 75)? true
[21:19:32] [Render thread/INFO] (Minecraft) [STDOUT]: 🟢 HOVER DETECTADO NO ÍCONE INFO!
[21:19:32] [Render thread/INFO] (Minecraft) [STDOUT]:    Mouse X: 233 (entre 227 e 239)? true
[21:19:32] [Render thread/INFO] (Minecraft) [STDOUT]:    Mouse Y: 67 (entre 63 e 75)? true
[21:19:32] [Render thread/INFO] (Minecraft) [STDOUT]: 🟢 HOVER DETECTADO NO ÍCONE INFO!
[21:19:32] [Render thread/INFO] (Minecraft) [STDOUT]:    Mouse X: 233 (entre 227 e 239)? true
[21:19:32] [Render thread/INFO] (Minecraft) [STDOUT]:    Mouse Y: 67 (entre 63 e 75)? true
[21:19:32] [Render thread/INFO] (Minecraft) [STDOUT]: 🟢 HOVER DETECTADO NO ÍCONE INFO!
[21:19:32] [Render thread/INFO] (Minecraft) [STDOUT]:    Mouse X: 233 (entre 227 e 239)? true
[21:19:32] [Render thread/INFO] (Minecraft) [STDOUT]:    Mouse Y: 67 (entre 63 e 75)? true
[21:19:32] [Render thread/INFO] (Minecraft) [STDOUT]: 🟢 HOVER DETECTADO NO ÍCONE INFO!
[21:19:32] [Render thread/INFO] (Minecraft) [STDOUT]:    Mouse X: 233 (entre 227 e 239)? true
[21:19:32] [Render thread/INFO] (Minecraft) [STDOUT]:    Mouse Y: 67 (entre 63 e 75)? true
[21:19:32] [Render thread/INFO] (Minecraft) [STDOUT]: 🟢 HOVER DETECTADO NO ÍCONE INFO!
[21:19:32] [Render thread/INFO] (Minecraft) [STDOUT]:    Mouse X: 233 (entre 227 e 239)? true
[21:19:32] [Render thread/INFO] (Minecraft) [STDOUT]:    Mouse Y: 67 (entre 63 e 75)? true
[21:19:32] [Render thread/INFO] (Minecraft) [STDOUT]: 🟢 HOVER DETECTADO NO ÍCONE INFO!
[21:19:32] [Render thread/INFO] (Minecraft) [STDOUT]:    Mouse X: 233 (entre 227 e 239)? true
[21:19:32] [Render thread/INFO] (Minecraft) [STDOUT]:    Mouse Y: 67 (entre 63 e 75)? true
[21:19:32] [Render thread/INFO] (Minecraft) [STDOUT]: 🟢 HOVER DETECTADO NO ÍCONE INFO!
[21:19:32] [Render thread/INFO] (Minecraft) [STDOUT]:    Mouse X: 233 (entre 227 e 239)? true
[21:19:32] [Render thread/INFO] (Minecraft) [STDOUT]:    Mouse Y: 67 (entre 63 e 75)? true
[21:19:32] [Render thread/INFO] (Minecraft) [STDOUT]: 🟢 HOVER DETECTADO NO ÍCONE INFO!
[21:19:32] [Render thread/INFO] (Minecraft) [STDOUT]:    Mouse X: 233 (entre 227 e 239)? true
[21:19:32] [Render thread/INFO] (Minecraft) [STDOUT]:    Mouse Y: 67 (entre 63 e 75)? true
[21:19:32] [Render thread/INFO] (Minecraft) [STDOUT]: 🟢 HOVER DETECTADO NO ÍCONE INFO!
[21:19:32] [Render thread/INFO] (Minecraft) [STDOUT]:    Mouse X: 233 (entre 227 e 239)? true
[21:19:32] [Render thread/INFO] (Minecraft) [STDOUT]:    Mouse Y: 67 (entre 63 e 75)? true
[21:19:32] [Render thread/INFO] (Minecraft) [STDOUT]: 🟢 HOVER DETECTADO NO ÍCONE INFO!
[21:19:32] [Render thread/INFO] (Minecraft) [STDOUT]:    Mouse X: 233 (entre 227 e 239)? true
[21:19:32] [Render thread/INFO] (Minecraft) [STDOUT]:    Mouse Y: 67 (entre 63 e 75)? true
[21:19:32] [Render thread/INFO] (Minecraft) [STDOUT]: 🟢 HOVER DETECTADO NO ÍCONE INFO!
[21:19:32] [Render thread/INFO] (Minecraft) [STDOUT]:    Mouse X: 233 (entre 227 e 239)? true
[21:19:32] [Render thread/INFO] (Minecraft) [STDOUT]:    Mouse Y: 67 (entre 63 e 75)? true
[21:19:32] [Render thread/INFO] (Minecraft) [STDOUT]: 🟢 HOVER DETECTADO NO ÍCONE INFO!
[21:19:32] [Render thread/INFO] (Minecraft) [STDOUT]:    Mouse X: 233 (entre 227 e 239)? true
[21:19:32] [Render thread/INFO] (Minecraft) [STDOUT]:    Mouse Y: 67 (entre 63 e 75)? true
[21:19:32] [Render thread/INFO] (Minecraft) [STDOUT]: 🟢 HOVER DETECTADO NO ÍCONE INFO!
[21:19:32] [Render thread/INFO] (Minecraft) [STDOUT]:    Mouse X: 233 (entre 227 e 239)? true
[21:19:32] [Render thread/INFO] (Minecraft) [STDOUT]:    Mouse Y: 67 (entre 63 e 75)? true
[21:19:32] [Render thread/INFO] (Minecraft) [STDOUT]: 🟢 HOVER DETECTADO NO ÍCONE INFO!
[21:19:32] [Render thread/INFO] (Minecraft) [STDOUT]:    Mouse X: 233 (entre 227 e 239)? true
[21:19:32] [Render thread/INFO] (Minecraft) [STDOUT]:    Mouse Y: 67 (entre 63 e 75)? true
[21:19:32] [Render thread/INFO] (Minecraft) [STDOUT]: 🟢 HOVER DETECTADO NO ÍCONE INFO!
[21:19:32] [Render thread/INFO] (Minecraft) [STDOUT]:    Mouse X: 233 (entre 227 e 239)? true
[21:19:32] [Render thread/INFO] (Minecraft) [STDOUT]:    Mouse Y: 67 (entre 63 e 75)? true
[21:19:32] [Render thread/INFO] (Minecraft) [STDOUT]: 🟢 HOVER DETECTADO NO ÍCONE INFO!
[21:19:32] [Render thread/INFO] (Minecraft) [STDOUT]:    Mouse X: 233 (entre 227 e 239)? true
[21:19:32] [Render thread/INFO] (Minecraft) [STDOUT]:    Mouse Y: 67 (entre 63 e 75)? true
[21:19:32] [Render thread/INFO] (Minecraft) [STDOUT]: 🟢 HOVER DETECTADO NO ÍCONE INFO!
[21:19:32] [Render thread/INFO] (Minecraft) [STDOUT]:    Mouse X: 233 (entre 227 e 239)? true
[21:19:32] [Render thread/INFO] (Minecraft) [STDOUT]:    Mouse Y: 67 (entre 63 e 75)? true
[21:19:32] [Render thread/INFO] (Minecraft) [STDOUT]: 🟢 HOVER DETECTADO NO ÍCONE INFO!
[21:19:32] [Render thread/INFO] (Minecraft) [STDOUT]:    Mouse X: 233 (entre 227 e 239)? true
[21:19:32] [Render thread/INFO] (Minecraft) [STDOUT]:    Mouse Y: 67 (entre 63 e 75)? true
[21:19:32] [Render thread/INFO] (Minecraft) [STDOUT]: 🟢 HOVER DETECTADO NO ÍCONE INFO!
[21:19:32] [Render thread/INFO] (Minecraft) [STDOUT]:    Mouse X: 233 (entre 227 e 239)? true
[21:19:32] [Render thread/INFO] (Minecraft) [STDOUT]:    Mouse Y: 67 (entre 63 e 75)? true
[21:19:32] [Render thread/INFO] (Minecraft) [STDOUT]: 🟢 HOVER DETECTADO NO ÍCONE INFO!
[21:19:32] [Render thread/INFO] (Minecraft) [STDOUT]:    Mouse X: 233 (entre 227 e 239)? true
[21:19:32] [Render thread/INFO] (Minecraft) [STDOUT]:    Mouse Y: 67 (entre 63 e 75)? true
[21:19:32] [Render thread/INFO] (Minecraft) [STDOUT]: 🟢 HOVER DETECTADO NO ÍCONE INFO!
[21:19:32] [Render thread/INFO] (Minecraft) [STDOUT]:    Mouse X: 233 (entre 227 e 239)? true
[21:19:32] [Render thread/INFO] (Minecraft) [STDOUT]:    Mouse Y: 67 (entre 63 e 75)? true
[21:19:32] [Render thread/INFO] (Minecraft) [STDOUT]: 🟢 HOVER DETECTADO NO ÍCONE INFO!
[21:19:32] [Render thread/INFO] (Minecraft) [STDOUT]:    Mouse X: 233 (entre 227 e 239)? true
[21:19:32] [Render thread/INFO] (Minecraft) [STDOUT]:    Mouse Y: 67 (entre 63 e 75)? true
[21:19:32] [Render thread/INFO] (Minecraft) [STDOUT]: 🟢 HOVER DETECTADO NO ÍCONE INFO!
[21:19:32] [Render thread/INFO] (Minecraft) [STDOUT]:    Mouse X: 233 (entre 227 e 239)? true
[21:19:32] [Render thread/INFO] (Minecraft) [STDOUT]:    Mouse Y: 67 (entre 63 e 75)? true
[21:19:32] [Render thread/INFO] (Minecraft) [STDOUT]: 🟢 HOVER DETECTADO NO ÍCONE INFO!
[21:19:32] [Render thread/INFO] (Minecraft) [STDOUT]:    Mouse X: 233 (entre 227 e 239)? true
[21:19:32] [Render thread/INFO] (Minecraft) [STDOUT]:    Mouse Y: 67 (entre 63 e 75)? true
[21:19:32] [Render thread/INFO] (Minecraft) [STDOUT]: 🟢 HOVER DETECTADO NO ÍCONE INFO!
[21:19:32] [Render thread/INFO] (Minecraft) [STDOUT]:    Mouse X: 233 (entre 227 e 239)? true
[21:19:32] [Render thread/INFO] (Minecraft) [STDOUT]:    Mouse Y: 67 (entre 63 e 75)? true
[21:19:32] [Render thread/INFO] (Minecraft) [STDOUT]: 🟢 HOVER DETECTADO NO ÍCONE INFO!
[21:19:32] [Render thread/INFO] (Minecraft) [STDOUT]:    Mouse X: 233 (entre 227 e 239)? true
[21:19:32] [Render thread/INFO] (Minecraft) [STDOUT]:    Mouse Y: 67 (entre 63 e 75)? true
[21:19:32] [Render thread/INFO] (Minecraft) [STDOUT]: 🟢 HOVER DETECTADO NO ÍCONE INFO!
[21:19:32] [Render thread/INFO] (Minecraft) [STDOUT]:    Mouse X: 233 (entre 227 e 239)? true
[21:19:32] [Render thread/INFO] (Minecraft) [STDOUT]:    Mouse Y: 67 (entre 63 e 75)? true
[21:19:32] [Render thread/INFO] (Minecraft) [STDOUT]: 🟢 HOVER DETECTADO NO ÍCONE INFO!
[21:19:32] [Render thread/INFO] (Minecraft) [STDOUT]:    Mouse X: 233 (entre 227 e 239)? true
[21:19:32] [Render thread/INFO] (Minecraft) [STDOUT]:    Mouse Y: 67 (entre 63 e 75)? true
[21:19:32] [Render thread/INFO] (Minecraft) [STDOUT]: 🟢 HOVER DETECTADO NO ÍCONE INFO!
[21:19:32] [Render thread/INFO] (Minecraft) [STDOUT]:    Mouse X: 233 (entre 227 e 239)? true
[21:19:32] [Render thread/INFO] (Minecraft) [STDOUT]:    Mouse Y: 67 (entre 63 e 75)? true
[21:19:32] [Render thread/INFO] (Minecraft) [STDOUT]: 🟢 HOVER DETECTADO NO ÍCONE INFO!
[21:19:32] [Render thread/INFO] (Minecraft) [STDOUT]:    Mouse X: 233 (entre 227 e 239)? true
[21:19:32] [Render thread/INFO] (Minecraft) [STDOUT]:    Mouse Y: 67 (entre 63 e 75)? true
[21:19:32] [Render thread/INFO] (Minecraft) [STDOUT]: 🟢 HOVER DETECTADO NO ÍCONE INFO!
[21:19:32] [Render thread/INFO] (Minecraft) [STDOUT]:    Mouse X: 233 (entre 227 e 239)? true
[21:19:32] [Render thread/INFO] (Minecraft) [STDOUT]:    Mouse Y: 67 (entre 63 e 75)? true
[21:19:32] [Render thread/INFO] (Minecraft) [STDOUT]: 🟢 HOVER DETECTADO NO ÍCONE INFO!
[21:19:32] [Render thread/INFO] (Minecraft) [STDOUT]:    Mouse X: 233 (entre 227 e 239)? true
[21:19:32] [Render thread/INFO] (Minecraft) [STDOUT]:    Mouse Y: 67 (entre 63 e 75)? true
[21:19:32] [Render thread/INFO] (Minecraft) [STDOUT]: 🟢 HOVER DETECTADO NO ÍCONE INFO!
[21:19:32] [Render thread/INFO] (Minecraft) [STDOUT]:    Mouse X: 233 (entre 227 e 239)? true
[21:19:32] [Render thread/INFO] (Minecraft) [STDOUT]:    Mouse Y: 67 (entre 63 e 75)? true
[21:19:32] [Render thread/INFO] (Minecraft) [STDOUT]: 🟢 HOVER DETECTADO NO ÍCONE INFO!
[21:19:32] [Render thread/INFO] (Minecraft) [STDOUT]:    Mouse X: 233 (entre 227 e 239)? true
[21:19:32] [Render thread/INFO] (Minecraft) [STDOUT]:    Mouse Y: 67 (entre 63 e 75)? true
[21:19:32] [Render thread/INFO] (Minecraft) [STDOUT]: 🟢 HOVER DETECTADO NO ÍCONE INFO!
[21:19:32] [Render thread/INFO] (Minecraft) [STDOUT]:    Mouse X: 233 (entre 227 e 239)? true
[21:19:32] [Render thread/INFO] (Minecraft) [STDOUT]:    Mouse Y: 67 (entre 63 e 75)? true
[21:19:32] [Render thread/INFO] (Minecraft) [STDOUT]: 🟢 HOVER DETECTADO NO ÍCONE INFO!
[21:19:32] [Render thread/INFO] (Minecraft) [STDOUT]:    Mouse X: 233 (entre 227 e 239)? true
[21:19:32] [Render thread/INFO] (Minecraft) [STDOUT]:    Mouse Y: 67 (entre 63 e 75)? true
[21:19:32] [Render thread/INFO] (Minecraft) [STDOUT]: 🟢 HOVER DETECTADO NO ÍCONE INFO!
[21:19:32] [Render thread/INFO] (Minecraft) [STDOUT]:    Mouse X: 233 (entre 227 e 239)? true
[21:19:32] [Render thread/INFO] (Minecraft) [STDOUT]:    Mouse Y: 67 (entre 63 e 75)? true
[21:19:32] [Render thread/INFO] (Minecraft) [STDOUT]: 🟢 HOVER DETECTADO NO ÍCONE INFO!
[21:19:32] [Render thread/INFO] (Minecraft) [STDOUT]:    Mouse X: 233 (entre 227 e 239)? true
[21:19:32] [Render thread/INFO] (Minecraft) [STDOUT]:    Mouse Y: 67 (entre 63 e 75)? true
[21:19:32] [Render thread/INFO] (Minecraft) [STDOUT]: 🟢 HOVER DETECTADO NO ÍCONE INFO!
[21:19:32] [Render thread/INFO] (Minecraft) [STDOUT]:    Mouse X: 233 (entre 227 e 239)? true
[21:19:32] [Render thread/INFO] (Minecraft) [STDOUT]:    Mouse Y: 67 (entre 63 e 75)? true
[21:19:32] [Render thread/INFO] (Minecraft) [STDOUT]: 🟢 HOVER DETECTADO NO ÍCONE INFO!
[21:19:32] [Render thread/INFO] (Minecraft) [STDOUT]:    Mouse X: 233 (entre 227 e 239)? true
[21:19:32] [Render thread/INFO] (Minecraft) [STDOUT]:    Mouse Y: 67 (entre 63 e 75)? true
[21:19:32] [Render thread/INFO] (Minecraft) [STDOUT]: 🟢 HOVER DETECTADO NO ÍCONE INFO!
[21:19:32] [Render thread/INFO] (Minecraft) [STDOUT]:    Mouse X: 233 (entre 227 e 239)? true
[21:19:32] [Render thread/INFO] (Minecraft) [STDOUT]:    Mouse Y: 67 (entre 63 e 75)? true
[21:19:32] [Render thread/INFO] (Minecraft) [STDOUT]: 🟢 HOVER DETECTADO NO ÍCONE INFO!
[21:19:32] [Render thread/INFO] (Minecraft) [STDOUT]:    Mouse X: 233 (entre 227 e 239)? true
[21:19:32] [Render thread/INFO] (Minecraft) [STDOUT]:    Mouse Y: 67 (entre 63 e 75)? true
[21:19:32] [Render thread/INFO] (Minecraft) [STDOUT]: 🟢 HOVER DETECTADO NO ÍCONE INFO!
[21:19:32] [Render thread/INFO] (Minecraft) [STDOUT]:    Mouse X: 233 (entre 227 e 239)? true
[21:19:32] [Render thread/INFO] (Minecraft) [STDOUT]:    Mouse Y: 67 (entre 63 e 75)? true
[21:19:32] [Render thread/INFO] (Minecraft) [STDOUT]: 🟢 HOVER DETECTADO NO ÍCONE INFO!
[21:19:32] [Render thread/INFO] (Minecraft) [STDOUT]:    Mouse X: 233 (entre 227 e 239)? true
[21:19:32] [Render thread/INFO] (Minecraft) [STDOUT]:    Mouse Y: 67 (entre 63 e 75)? true
[21:19:32] [Render thread/INFO] (Minecraft) [STDOUT]: 🟢 HOVER DETECTADO NO ÍCONE INFO!
[21:19:32] [Render thread/INFO] (Minecraft) [STDOUT]:    Mouse X: 233 (entre 227 e 239)? true
[21:19:32] [Render thread/INFO] (Minecraft) [STDOUT]:    Mouse Y: 67 (entre 63 e 75)? true
[21:19:32] [Render thread/INFO] (Minecraft) [STDOUT]: 🟢 HOVER DETECTADO NO ÍCONE INFO!
[21:19:32] [Render thread/INFO] (Minecraft) [STDOUT]:    Mouse X: 233 (entre 227 e 239)? true
[21:19:32] [Render thread/INFO] (Minecraft) [STDOUT]:    Mouse Y: 67 (entre 63 e 75)? true
[21:19:32] [Render thread/INFO] (Minecraft) [STDOUT]: 🟢 HOVER DETECTADO NO ÍCONE INFO!
[21:19:32] [Render thread/INFO] (Minecraft) [STDOUT]:    Mouse X: 233 (entre 227 e 239)? true
[21:19:32] [Render thread/INFO] (Minecraft) [STDOUT]:    Mouse Y: 67 (entre 63 e 75)? true
[21:19:32] [Render thread/INFO] (Minecraft) [STDOUT]: 🟢 HOVER DETECTADO NO ÍCONE INFO!
[21:19:32] [Render thread/INFO] (Minecraft) [STDOUT]:    Mouse X: 233 (entre 227 e 239)? true
[21:19:32] [Render thread/INFO] (Minecraft) [STDOUT]:    Mouse Y: 67 (entre 63 e 75)? true
[21:19:32] [Render thread/INFO] (Minecraft) [STDOUT]: 🟢 HOVER DETECTADO NO ÍCONE INFO!
[21:19:32] [Render thread/INFO] (Minecraft) [STDOUT]:    Mouse X: 233 (entre 227 e 239)? true
[21:19:32] [Render thread/INFO] (Minecraft) [STDOUT]:    Mouse Y: 67 (entre 63 e 75)? true
[21:19:32] [Render thread/INFO] (Minecraft) [STDOUT]: 🟢 HOVER DETECTADO NO ÍCONE INFO!
[21:19:32] [Render thread/INFO] (Minecraft) [STDOUT]:    Mouse X: 233 (entre 227 e 239)? true
[21:19:32] [Render thread/INFO] (Minecraft) [STDOUT]:    Mouse Y: 67 (entre 63 e 75)? true
[21:19:32] [Render thread/INFO] (Minecraft) [STDOUT]: 🟢 HOVER DETECTADO NO ÍCONE INFO!
[21:19:32] [Render thread/INFO] (Minecraft) [STDOUT]:    Mouse X: 233 (entre 227 e 239)? true
[21:19:32] [Render thread/INFO] (Minecraft) [STDOUT]:    Mouse Y: 67 (entre 63 e 75)? true
[21:19:32] [Render thread/INFO] (Minecraft) [STDOUT]: 🟢 HOVER DETECTADO NO ÍCONE INFO!
[21:19:32] [Render thread/INFO] (Minecraft) [STDOUT]:    Mouse X: 233 (entre 227 e 239)? true
[21:19:32] [Render thread/INFO] (Minecraft) [STDOUT]:    Mouse Y: 67 (entre 63 e 75)? true
[21:19:32] [Render thread/INFO] (Minecraft) [STDOUT]: 🟢 HOVER DETECTADO NO ÍCONE INFO!
[21:19:32] [Render thread/INFO] (Minecraft) [STDOUT]:    Mouse X: 233 (entre 227 e 239)? true
[21:19:32] [Render thread/INFO] (Minecraft) [STDOUT]:    Mouse Y: 67 (entre 63 e 75)? true
[21:19:32] [Render thread/INFO] (Minecraft) [STDOUT]: 🟢 HOVER DETECTADO NO ÍCONE INFO!
[21:19:32] [Render thread/INFO] (Minecraft) [STDOUT]:    Mouse X: 233 (entre 227 e 239)? true
[21:19:32] [Render thread/INFO] (Minecraft) [STDOUT]:    Mouse Y: 67 (entre 63 e 75)? true
[21:19:32] [Render thread/INFO] (Minecraft) [STDOUT]: 🟢 HOVER DETECTADO NO ÍCONE INFO!
[21:19:32] [Render thread/INFO] (Minecraft) [STDOUT]:    Mouse X: 233 (entre 227 e 239)? true
[21:19:32] [Render thread/INFO] (Minecraft) [STDOUT]:    Mouse Y: 67 (entre 63 e 75)? true
[21:19:32] [Render thread/INFO] (Minecraft) [STDOUT]: 🟢 HOVER DETECTADO NO ÍCONE INFO!
[21:19:32] [Render thread/INFO] (Minecraft) [STDOUT]:    Mouse X: 233 (entre 227 e 239)? true
[21:19:32] [Render thread/INFO] (Minecraft) [STDOUT]:    Mouse Y: 67 (entre 63 e 75)? true
[21:19:32] [Render thread/INFO] (Minecraft) [STDOUT]: 🟢 HOVER DETECTADO NO ÍCONE INFO!
[21:19:32] [Render thread/INFO] (Minecraft) [STDOUT]:    Mouse X: 233 (entre 227 e 239)? true
[21:19:32] [Render thread/INFO] (Minecraft) [STDOUT]:    Mouse Y: 67 (entre 63 e 75)? true
[21:19:32] [Render thread/INFO] (Minecraft) [STDOUT]: 🟢 HOVER DETECTADO NO ÍCONE INFO!
[21:19:32] [Render thread/INFO] (Minecraft) [STDOUT]:    Mouse X: 233 (entre 227 e 239)? true
[21:19:32] [Render thread/INFO] (Minecraft) [STDOUT]:    Mouse Y: 67 (entre 63 e 75)? true
[21:19:32] [Render thread/INFO] (Minecraft) [STDOUT]: 🟢 HOVER DETECTADO NO ÍCONE INFO!
[21:19:32] [Render thread/INFO] (Minecraft) [STDOUT]:    Mouse X: 233 (entre 227 e 239)? true
[21:19:32] [Render thread/INFO] (Minecraft) [STDOUT]:    Mouse Y: 67 (entre 63 e 75)? true
[21:19:32] [Render thread/INFO] (Minecraft) [STDOUT]: 🟢 HOVER DETECTADO NO ÍCONE INFO!
[21:19:32] [Render thread/INFO] (Minecraft) [STDOUT]:    Mouse X: 233 (entre 227 e 239)? true
[21:19:32] [Render thread/INFO] (Minecraft) [STDOUT]:    Mouse Y: 67 (entre 63 e 75)? true
[21:19:32] [Render thread/INFO] (Minecraft) [STDOUT]: 🟢 HOVER DETECTADO NO ÍCONE INFO!
[21:19:32] [Render thread/INFO] (Minecraft) [STDOUT]:    Mouse X: 233 (entre 227 e 239)? true
[21:19:32] [Render thread/INFO] (Minecraft) [STDOUT]:    Mouse Y: 67 (entre 63 e 75)? true
[21:19:32] [Render thread/INFO] (Minecraft) [STDOUT]: 🟢 HOVER DETECTADO NO ÍCONE INFO!
[21:19:32] [Render thread/INFO] (Minecraft) [STDOUT]:    Mouse X: 233 (entre 227 e 239)? true
[21:19:32] [Render thread/INFO] (Minecraft) [STDOUT]:    Mouse Y: 67 (entre 63 e 75)? true
[21:19:32] [Render thread/INFO] (Minecraft) [STDOUT]: 🟢 HOVER DETECTADO NO ÍCONE INFO!
[21:19:32] [Render thread/INFO] (Minecraft) [STDOUT]:    Mouse X: 233 (entre 227 e 239)? true
[21:19:32] [Render thread/INFO] (Minecraft) [STDOUT]:    Mouse Y: 67 (entre 63 e 75)? true
[21:19:32] [Render thread/INFO] (Minecraft) [STDOUT]: 🟢 HOVER DETECTADO NO ÍCONE INFO!
[21:19:32] [Render thread/INFO] (Minecraft) [STDOUT]:    Mouse X: 233 (entre 227 e 239)? true
[21:19:32] [Render thread/INFO] (Minecraft) [STDOUT]:    Mouse Y: 67 (entre 63 e 75)? true
[21:19:32] [Render thread/INFO] (Minecraft) [STDOUT]: 🟢 HOVER DETECTADO NO ÍCONE INFO!
[21:19:32] [Render thread/INFO] (Minecraft) [STDOUT]:    Mouse X: 233 (entre 227 e 239)? true
[21:19:32] [Render thread/INFO] (Minecraft) [STDOUT]:    Mouse Y: 67 (entre 63 e 75)? true
[21:19:32] [Render thread/INFO] (Minecraft) [STDOUT]: 🟢 HOVER DETECTADO NO ÍCONE INFO!
[21:19:32] [Render thread/INFO] (Minecraft) [STDOUT]:    Mouse X: 233 (entre 227 e 239)? true
[21:19:32] [Render thread/INFO] (Minecraft) [STDOUT]:    Mouse Y: 67 (entre 63 e 75)? true
[21:19:32] [Render thread/INFO] (Minecraft) [STDOUT]: 🟢 HOVER DETECTADO NO ÍCONE INFO!
[21:19:32] [Render thread/INFO] (Minecraft) [STDOUT]:    Mouse X: 233 (entre 227 e 239)? true
[21:19:32] [Render thread/INFO] (Minecraft) [STDOUT]:    Mouse Y: 67 (entre 63 e 75)? true
[21:19:32] [Render thread/INFO] (Minecraft) [STDOUT]: 🟢 HOVER DETECTADO NO ÍCONE INFO!
[21:19:32] [Render thread/INFO] (Minecraft) [STDOUT]:    Mouse X: 233 (entre 227 e 239)? true
[21:19:32] [Render thread/INFO] (Minecraft) [STDOUT]:    Mouse Y: 67 (entre 63 e 75)? true
[21:19:32] [Render thread/INFO] (Minecraft) [STDOUT]: 🟢 HOVER DETECTADO NO ÍCONE INFO!
[21:19:32] [Render thread/INFO] (Minecraft) [STDOUT]:    Mouse X: 233 (entre 227 e 239)? true
[21:19:32] [Render thread/INFO] (Minecraft) [STDOUT]:    Mouse Y: 67 (entre 63 e 75)? true
[21:19:32] [Render thread/INFO] (Minecraft) [STDOUT]: 🟢 HOVER DETECTADO NO ÍCONE INFO!
[21:19:32] [Render thread/INFO] (Minecraft) [STDOUT]:    Mouse X: 233 (entre 227 e 239)? true
[21:19:32] [Render thread/INFO] (Minecraft) [STDOUT]:    Mouse Y: 67 (entre 63 e 75)? true
[21:19:32] [Render thread/INFO] (Minecraft) [STDOUT]: 🟢 HOVER DETECTADO NO ÍCONE INFO!
[21:19:32] [Render thread/INFO] (Minecraft) [STDOUT]:    Mouse X: 233 (entre 227 e 239)? true
[21:19:32] [Render thread/INFO] (Minecraft) [STDOUT]:    Mouse Y: 67 (entre 63 e 75)? true
[21:19:32] [Render thread/INFO] (Minecraft) [STDOUT]: 🟢 HOVER DETECTADO NO ÍCONE INFO!
[21:19:32] [Render thread/INFO] (Minecraft) [STDOUT]:    Mouse X: 233 (entre 227 e 239)? true
[21:19:32] [Render thread/INFO] (Minecraft) [STDOUT]:    Mouse Y: 67 (entre 63 e 75)? true
[21:19:32] [Render thread/INFO] (Minecraft) [STDOUT]: 🟢 HOVER DETECTADO NO ÍCONE INFO!
[21:19:32] [Render thread/INFO] (Minecraft) [STDOUT]:    Mouse X: 233 (entre 227 e 239)? true
[21:19:32] [Render thread/INFO] (Minecraft) [STDOUT]:    Mouse Y: 67 (entre 63 e 75)? true
[21:19:32] [Render thread/INFO] (Minecraft) [STDOUT]: 🟢 HOVER DETECTADO NO ÍCONE INFO!
[21:19:32] [Render thread/INFO] (Minecraft) [STDOUT]:    Mouse X: 233 (entre 227 e 239)? true
[21:19:32] [Render thread/INFO] (Minecraft) [STDOUT]:    Mouse Y: 67 (entre 63 e 75)? true
[21:19:32] [Render thread/INFO] (Minecraft) [STDOUT]: 🟢 HOVER DETECTADO NO ÍCONE INFO!
[21:19:32] [Render thread/INFO] (Minecraft) [STDOUT]:    Mouse X: 233 (entre 227 e 239)? true
[21:19:32] [Render thread/INFO] (Minecraft) [STDOUT]:    Mouse Y: 67 (entre 63 e 75)? true
[21:19:32] [Render thread/INFO] (Minecraft) [STDOUT]: 🟢 HOVER DETECTADO NO ÍCONE INFO!
[21:19:32] [Render thread/INFO] (Minecraft) [STDOUT]:    Mouse X: 233 (entre 227 e 239)? true
[21:19:32] [Render thread/INFO] (Minecraft) [STDOUT]:    Mouse Y: 67 (entre 63 e 75)? true
[21:19:32] [Render thread/INFO] (Minecraft) [STDOUT]: 🟢 HOVER DETECTADO NO ÍCONE INFO!
[21:19:32] [Render thread/INFO] (Minecraft) [STDOUT]:    Mouse X: 233 (entre 227 e 239)? true
[21:19:32] [Render thread/INFO] (Minecraft) [STDOUT]:    Mouse Y: 67 (entre 63 e 75)? true
[21:19:32] [Render thread/INFO] (Minecraft) [STDOUT]: 🟢 HOVER DETECTADO NO ÍCONE INFO!
[21:19:32] [Render thread/INFO] (Minecraft) [STDOUT]:    Mouse X: 233 (entre 227 e 239)? true
[21:19:32] [Render thread/INFO] (Minecraft) [STDOUT]:    Mouse Y: 67 (entre 63 e 75)? true
[21:19:32] [Render thread/INFO] (Minecraft) [STDOUT]: 🟢 HOVER DETECTADO NO ÍCONE INFO!
[21:19:32] [Render thread/INFO] (Minecraft) [STDOUT]:    Mouse X: 233 (entre 227 e 239)? true
[21:19:32] [Render thread/INFO] (Minecraft) [STDOUT]:    Mouse Y: 67 (entre 63 e 75)? true
[21:19:32] [Render thread/INFO] (Minecraft) [STDOUT]: 🟢 HOVER DETECTADO NO ÍCONE INFO!
[21:19:32] [Render thread/INFO] (Minecraft) [STDOUT]:    Mouse X: 233 (entre 227 e 239)? true
[21:19:32] [Render thread/INFO] (Minecraft) [STDOUT]:    Mouse Y: 67 (entre 63 e 75)? true
[21:19:32] [Render thread/INFO] (Minecraft) [STDOUT]: 🟢 HOVER DETECTADO NO ÍCONE INFO!
[21:19:32] [Render thread/INFO] (Minecraft) [STDOUT]:    Mouse X: 233 (entre 227 e 239)? true
[21:19:32] [Render thread/INFO] (Minecraft) [STDOUT]:    Mouse Y: 67 (entre 63 e 75)? true
[21:19:32] [Render thread/INFO] (Minecraft) [STDOUT]: 🟢 HOVER DETECTADO NO ÍCONE INFO!
[21:19:32] [Render thread/INFO] (Minecraft) [STDOUT]:    Mouse X: 233 (entre 227 e 239)? true
[21:19:32] [Render thread/INFO] (Minecraft) [STDOUT]:    Mouse Y: 67 (entre 63 e 75)? true
[21:19:32] [Render thread/INFO] (Minecraft) [STDOUT]: 🟢 HOVER DETECTADO NO ÍCONE INFO!
[21:19:32] [Render thread/INFO] (Minecraft) [STDOUT]:    Mouse X: 233 (entre 227 e 239)? true
[21:19:32] [Render thread/INFO] (Minecraft) [STDOUT]:    Mouse Y: 67 (entre 63 e 75)? true
[21:19:32] [Render thread/INFO] (Minecraft) [STDOUT]: 🟢 HOVER DETECTADO NO ÍCONE INFO!
[21:19:32] [Render thread/INFO] (Minecraft) [STDOUT]:    Mouse X: 233 (entre 227 e 239)? true
[21:19:32] [Render thread/INFO] (Minecraft) [STDOUT]:    Mouse Y: 67 (entre 63 e 75)? true
[21:19:32] [Render thread/INFO] (Minecraft) [STDOUT]: 🟢 HOVER DETECTADO NO ÍCONE INFO!
[21:19:32] [Render thread/INFO] (Minecraft) [STDOUT]:    Mouse X: 233 (entre 227 e 239)? true
[21:19:32] [Render thread/INFO] (Minecraft) [STDOUT]:    Mouse Y: 67 (entre 63 e 75)? true
[21:19:32] [Render thread/INFO] (Minecraft) [STDOUT]: 🟢 HOVER DETECTADO NO ÍCONE INFO!
[21:19:32] [Render thread/INFO] (Minecraft) [STDOUT]:    Mouse X: 233 (entre 227 e 239)? true
[21:19:32] [Render thread/INFO] (Minecraft) [STDOUT]:    Mouse Y: 67 (entre 63 e 75)? true
[21:19:32] [Render thread/INFO] (Minecraft) [STDOUT]: 🟢 HOVER DETECTADO NO ÍCONE INFO!
[21:19:32] [Render thread/INFO] (Minecraft) [STDOUT]:    Mouse X: 233 (entre 227 e 239)? true
[21:19:32] [Render thread/INFO] (Minecraft) [STDOUT]:    Mouse Y: 67 (entre 63 e 75)? true
[21:19:32] [Render thread/INFO] (Minecraft) [STDOUT]: 🟢 HOVER DETECTADO NO ÍCONE INFO!
[21:19:32] [Render thread/INFO] (Minecraft) [STDOUT]:    Mouse X: 233 (entre 227 e 239)? true
[21:19:32] [Render thread/INFO] (Minecraft) [STDOUT]:    Mouse Y: 67 (entre 63 e 75)? true
[21:19:32] [Render thread/INFO] (Minecraft) [STDOUT]: 🟢 HOVER DETECTADO NO ÍCONE INFO!
[21:19:32] [Render thread/INFO] (Minecraft) [STDOUT]:    Mouse X: 233 (entre 227 e 239)? true
[21:19:32] [Render thread/INFO] (Minecraft) [STDOUT]:    Mouse Y: 67 (entre 63 e 75)? true
[21:19:32] [Render thread/INFO] (Minecraft) [STDOUT]: 🟢 HOVER DETECTADO NO ÍCONE INFO!
[21:19:32] [Render thread/INFO] (Minecraft) [STDOUT]:    Mouse X: 233 (entre 227 e 239)? true
[21:19:32] [Render thread/INFO] (Minecraft) [STDOUT]:    Mouse Y: 67 (entre 63 e 75)? true
[21:19:32] [Render thread/INFO] (Minecraft) [STDOUT]: 🟢 HOVER DETECTADO NO ÍCONE INFO!
[21:19:32] [Render thread/INFO] (Minecraft) [STDOUT]:    Mouse X: 233 (entre 227 e 239)? true
[21:19:32] [Render thread/INFO] (Minecraft) [STDOUT]:    Mouse Y: 67 (entre 63 e 75)? true
[21:19:32] [Render thread/INFO] (Minecraft) [STDOUT]: 🟢 HOVER DETECTADO NO ÍCONE INFO!
[21:19:32] [Render thread/INFO] (Minecraft) [STDOUT]:    Mouse X: 233 (entre 227 e 239)? true
[21:19:32] [Render thread/INFO] (Minecraft) [STDOUT]:    Mouse Y: 67 (entre 63 e 75)? true
[21:19:32] [Render thread/INFO] (Minecraft) [STDOUT]: 🟢 HOVER DETECTADO NO ÍCONE INFO!
[21:19:32] [Render thread/INFO] (Minecraft) [STDOUT]:    Mouse X: 233 (entre 227 e 239)? true
[21:19:32] [Render thread/INFO] (Minecraft) [STDOUT]:    Mouse Y: 67 (entre 63 e 75)? true
[21:19:32] [Render thread/INFO] (Minecraft) [STDOUT]: 🟢 HOVER DETECTADO NO ÍCONE INFO!
[21:19:32] [Render thread/INFO] (Minecraft) [STDOUT]:    Mouse X: 233 (entre 227 e 239)? true
[21:19:32] [Render thread/INFO] (Minecraft) [STDOUT]:    Mouse Y: 67 (entre 63 e 75)? true
[21:19:32] [Render thread/INFO] (Minecraft) [STDOUT]: 🟢 HOVER DETECTADO NO ÍCONE INFO!
[21:19:32] [Render thread/INFO] (Minecraft) [STDOUT]:    Mouse X: 233 (entre 227 e 239)? true
[21:19:32] [Render thread/INFO] (Minecraft) [STDOUT]:    Mouse Y: 67 (entre 63 e 75)? true
[21:19:32] [Render thread/INFO] (Minecraft) [STDOUT]: 🟢 HOVER DETECTADO NO ÍCONE INFO!
[21:19:32] [Render thread/INFO] (Minecraft) [STDOUT]:    Mouse X: 233 (entre 227 e 239)? true
[21:19:32] [Render thread/INFO] (Minecraft) [STDOUT]:    Mouse Y: 67 (entre 63 e 75)? true
[21:19:32] [Render thread/INFO] (Minecraft) [STDOUT]: 🟢 HOVER DETECTADO NO ÍCONE INFO!
[21:19:32] [Render thread/INFO] (Minecraft) [STDOUT]:    Mouse X: 233 (entre 227 e 239)? true
[21:19:32] [Render thread/INFO] (Minecraft) [STDOUT]:    Mouse Y: 67 (entre 63 e 75)? true
[21:19:32] [Render thread/INFO] (Minecraft) [STDOUT]: 🟢 HOVER DETECTADO NO ÍCONE INFO!
[21:19:32] [Render thread/INFO] (Minecraft) [STDOUT]:    Mouse X: 233 (entre 227 e 239)? true
[21:19:32] [Render thread/INFO] (Minecraft) [STDOUT]:    Mouse Y: 67 (entre 63 e 75)? true
[21:19:32] [Render thread/INFO] (Minecraft) [STDOUT]: 🟢 HOVER DETECTADO NO ÍCONE INFO!
[21:19:32] [Render thread/INFO] (Minecraft) [STDOUT]:    Mouse X: 233 (entre 227 e 239)? true
[21:19:32] [Render thread/INFO] (Minecraft) [STDOUT]:    Mouse Y: 67 (entre 63 e 75)? true
[21:19:32] [Render thread/INFO] (Minecraft) [STDOUT]: 🟢 HOVER DETECTADO NO ÍCONE INFO!
[21:19:32] [Render thread/INFO] (Minecraft) [STDOUT]:    Mouse X: 233 (entre 227 e 239)? true
[21:19:32] [Render thread/INFO] (Minecraft) [STDOUT]:    Mouse Y: 67 (entre 63 e 75)? true
[21:19:32] [Render thread/INFO] (Minecraft) [STDOUT]: 🟢 HOVER DETECTADO NO ÍCONE INFO!
[21:19:32] [Render thread/INFO] (Minecraft) [STDOUT]:    Mouse X: 233 (entre 227 e 239)? true
[21:19:32] [Render thread/INFO] (Minecraft) [STDOUT]:    Mouse Y: 67 (entre 63 e 75)? true
[21:19:32] [Render thread/INFO] (Minecraft) [STDOUT]: 🟢 HOVER DETECTADO NO ÍCONE INFO!
[21:19:32] [Render thread/INFO] (Minecraft) [STDOUT]:    Mouse X: 233 (entre 227 e 239)? true
[21:19:32] [Render thread/INFO] (Minecraft) [STDOUT]:    Mouse Y: 67 (entre 63 e 75)? true
[21:19:32] [Render thread/INFO] (Minecraft) [STDOUT]: 🟢 HOVER DETECTADO NO ÍCONE INFO!
[21:19:32] [Render thread/INFO] (Minecraft) [STDOUT]:    Mouse X: 233 (entre 227 e 239)? true
[21:19:32] [Render thread/INFO] (Minecraft) [STDOUT]:    Mouse Y: 67 (entre 63 e 75)? true
[21:19:32] [Render thread/INFO] (Minecraft) [STDOUT]: 🟢 HOVER DETECTADO NO ÍCONE INFO!
[21:19:32] [Render thread/INFO] (Minecraft) [STDOUT]:    Mouse X: 233 (entre 227 e 239)? true
[21:19:32] [Render thread/INFO] (Minecraft) [STDOUT]:    Mouse Y: 67 (entre 63 e 75)? true
[21:19:32] [Render thread/INFO] (Minecraft) [STDOUT]: 🟢 HOVER DETECTADO NO ÍCONE INFO!
[21:19:32] [Render thread/INFO] (Minecraft) [STDOUT]:    Mouse X: 233 (entre 227 e 239)? true
[21:19:32] [Render thread/INFO] (Minecraft) [STDOUT]:    Mouse Y: 67 (entre 63 e 75)? true
[21:19:32] [Render thread/INFO] (Minecraft) [STDOUT]: 🟢 HOVER DETECTADO NO ÍCONE INFO!
[21:19:32] [Render thread/INFO] (Minecraft) [STDOUT]:    Mouse X: 233 (entre 227 e 239)? true
[21:19:32] [Render thread/INFO] (Minecraft) [STDOUT]:    Mouse Y: 67 (entre 63 e 75)? true
[21:19:32] [Render thread/INFO] (Minecraft) [STDOUT]: 🟢 HOVER DETECTADO NO ÍCONE INFO!
[21:19:32] [Render thread/INFO] (Minecraft) [STDOUT]:    Mouse X: 233 (entre 227 e 239)? true
[21:19:32] [Render thread/INFO] (Minecraft) [STDOUT]:    Mouse Y: 67 (entre 63 e 75)? true
[21:19:32] [Render thread/INFO] (Minecraft) [STDOUT]: 🟢 HOVER DETECTADO NO ÍCONE INFO!
[21:19:32] [Render thread/INFO] (Minecraft) [STDOUT]:    Mouse X: 233 (entre 227 e 239)? true
[21:19:32] [Render thread/INFO] (Minecraft) [STDOUT]:    Mouse Y: 67 (entre 63 e 75)? true
[21:19:33] [Render thread/INFO] (Minecraft) [STDOUT]: 🟢 HOVER DETECTADO NO ÍCONE INFO!
[21:19:33] [Render thread/INFO] (Minecraft) [STDOUT]:    Mouse X: 233 (entre 227 e 239)? true
[21:19:33] [Render thread/INFO] (Minecraft) [STDOUT]:    Mouse Y: 67 (entre 63 e 75)? true
[21:19:33] [Render thread/INFO] (Minecraft) [STDOUT]: 🟢 HOVER DETECTADO NO ÍCONE INFO!
[21:19:33] [Render thread/INFO] (Minecraft) [STDOUT]:    Mouse X: 233 (entre 227 e 239)? true
[21:19:33] [Render thread/INFO] (Minecraft) [STDOUT]:    Mouse Y: 67 (entre 63 e 75)? true
[21:19:33] [Render thread/INFO] (Minecraft) [STDOUT]: 🟢 HOVER DETECTADO NO ÍCONE INFO!
[21:19:33] [Render thread/INFO] (Minecraft) [STDOUT]:    Mouse X: 233 (entre 227 e 239)? true
[21:19:33] [Render thread/INFO] (Minecraft) [STDOUT]:    Mouse Y: 67 (entre 63 e 75)? true
[21:19:33] [Render thread/INFO] (Minecraft) [STDOUT]: 🟢 HOVER DETECTADO NO ÍCONE INFO!
[21:19:33] [Render thread/INFO] (Minecraft) [STDOUT]:    Mouse X: 233 (entre 227 e 239)? true
[21:19:33] [Render thread/INFO] (Minecraft) [STDOUT]:    Mouse Y: 67 (entre 63 e 75)? true
[21:19:33] [Render thread/INFO] (Minecraft) [STDOUT]: 🟢 HOVER DETECTADO NO ÍCONE INFO!
[21:19:33] [Render thread/INFO] (Minecraft) [STDOUT]:    Mouse X: 233 (entre 227 e 239)? true
[21:19:33] [Render thread/INFO] (Minecraft) [STDOUT]:    Mouse Y: 67 (entre 63 e 75)? true
[21:19:33] [Render thread/INFO] (Minecraft) [STDOUT]: 🟢 HOVER DETECTADO NO ÍCONE INFO!
[21:19:33] [Render thread/INFO] (Minecraft) [STDOUT]:    Mouse X: 233 (entre 227 e 239)? true
[21:19:33] [Render thread/INFO] (Minecraft) [STDOUT]:    Mouse Y: 67 (entre 63 e 75)? true
[21:19:33] [Render thread/INFO] (Minecraft) [STDOUT]: 🟢 HOVER DETECTADO NO ÍCONE INFO!
[21:19:33] [Render thread/INFO] (Minecraft) [STDOUT]:    Mouse X: 233 (entre 227 e 239)? true
[21:19:33] [Render thread/INFO] (Minecraft) [STDOUT]:    Mouse Y: 67 (entre 63 e 75)? true
[21:19:33] [Render thread/INFO] (Minecraft) [STDOUT]: 🟢 HOVER DETECTADO NO ÍCONE INFO!
[21:19:33] [Render thread/INFO] (Minecraft) [STDOUT]:    Mouse X: 233 (entre 227 e 239)? true
[21:19:33] [Render thread/INFO] (Minecraft) [STDOUT]:    Mouse Y: 67 (entre 63 e 75)? true
[21:19:33] [Render thread/INFO] (Minecraft) [STDOUT]: 🟢 HOVER DETECTADO NO ÍCONE INFO!
[21:19:33] [Render thread/INFO] (Minecraft) [STDOUT]:    Mouse X: 233 (entre 227 e 239)? true
[21:19:33] [Render thread/INFO] (Minecraft) [STDOUT]:    Mouse Y: 67 (entre 63 e 75)? true
[21:19:33] [Render thread/INFO] (Minecraft) [STDOUT]: 🟢 HOVER DETECTADO NO ÍCONE INFO!
[21:19:33] [Render thread/INFO] (Minecraft) [STDOUT]:    Mouse X: 233 (entre 227 e 239)? true
[21:19:33] [Render thread/INFO] (Minecraft) [STDOUT]:    Mouse Y: 67 (entre 63 e 75)? true
[21:19:33] [Render thread/INFO] (Minecraft) [STDOUT]: 🟢 HOVER DETECTADO NO ÍCONE INFO!
[21:19:33] [Render thread/INFO] (Minecraft) [STDOUT]:    Mouse X: 233 (entre 227 e 239)? true
[21:19:33] [Render thread/INFO] (Minecraft) [STDOUT]:    Mouse Y: 67 (entre 63 e 75)? true
[21:19:33] [Render thread/INFO] (Minecraft) [STDOUT]: 🟢 HOVER DETECTADO NO ÍCONE INFO!
[21:19:33] [Render thread/INFO] (Minecraft) [STDOUT]:    Mouse X: 233 (entre 227 e 239)? true
[21:19:33] [Render thread/INFO] (Minecraft) [STDOUT]:    Mouse Y: 67 (entre 63 e 75)? true
[21:19:33] [Render thread/INFO] (Minecraft) [STDOUT]: 🟢 HOVER DETECTADO NO ÍCONE INFO!
[21:19:33] [Render thread/INFO] (Minecraft) [STDOUT]:    Mouse X: 233 (entre 227 e 239)? true
[21:19:33] [Render thread/INFO] (Minecraft) [STDOUT]:    Mouse Y: 67 (entre 63 e 75)? true
[21:19:33] [Render thread/INFO] (Minecraft) [STDOUT]: 🟢 HOVER DETECTADO NO ÍCONE INFO!
[21:19:33] [Render thread/INFO] (Minecraft) [STDOUT]:    Mouse X: 233 (entre 227 e 239)? true
[21:19:33] [Render thread/INFO] (Minecraft) [STDOUT]:    Mouse Y: 67 (entre 63 e 75)? true
[21:19:33] [Render thread/INFO] (Minecraft) [STDOUT]: 🟢 HOVER DETECTADO NO ÍCONE INFO!
[21:19:33] [Render thread/INFO] (Minecraft) [STDOUT]:    Mouse X: 233 (entre 227 e 239)? true
[21:19:33] [Render thread/INFO] (Minecraft) [STDOUT]:    Mouse Y: 67 (entre 63 e 75)? true
[21:19:33] [Render thread/INFO] (Minecraft) [STDOUT]: 🟢 HOVER DETECTADO NO ÍCONE INFO!
[21:19:33] [Render thread/INFO] (Minecraft) [STDOUT]:    Mouse X: 233 (entre 227 e 239)? true
[21:19:33] [Render thread/INFO] (Minecraft) [STDOUT]:    Mouse Y: 67 (entre 63 e 75)? true
[21:19:33] [Render thread/INFO] (Minecraft) [STDOUT]: 🟢 HOVER DETECTADO NO ÍCONE INFO!
[21:19:33] [Render thread/INFO] (Minecraft) [STDOUT]:    Mouse X: 233 (entre 227 e 239)? true
[21:19:33] [Render thread/INFO] (Minecraft) [STDOUT]:    Mouse Y: 67 (entre 63 e 75)? true
[21:19:33] [Render thread/INFO] (Minecraft) [STDOUT]: 🟢 HOVER DETECTADO NO ÍCONE INFO!
[21:19:33] [Render thread/INFO] (Minecraft) [STDOUT]:    Mouse X: 233 (entre 227 e 239)? true
[21:19:33] [Render thread/INFO] (Minecraft) [STDOUT]:    Mouse Y: 67 (entre 63 e 75)? true
[21:19:33] [Render thread/INFO] (Minecraft) [STDOUT]: 🟢 HOVER DETECTADO NO ÍCONE INFO!
[21:19:33] [Render thread/INFO] (Minecraft) [STDOUT]:    Mouse X: 233 (entre 227 e 239)? true
[21:19:33] [Render thread/INFO] (Minecraft) [STDOUT]:    Mouse Y: 67 (entre 63 e 75)? true
[21:19:33] [Render thread/INFO] (Minecraft) [STDOUT]: 🟢 HOVER DETECTADO NO ÍCONE INFO!
[21:19:33] [Render thread/INFO] (Minecraft) [STDOUT]:    Mouse X: 233 (entre 227 e 239)? true
[21:19:33] [Render thread/INFO] (Minecraft) [STDOUT]:    Mouse Y: 67 (entre 63 e 75)? true
[21:19:33] [Render thread/INFO] (Minecraft) [STDOUT]: 🟢 HOVER DETECTADO NO ÍCONE INFO!
[21:19:33] [Render thread/INFO] (Minecraft) [STDOUT]:    Mouse X: 233 (entre 227 e 239)? true
[21:19:33] [Render thread/INFO] (Minecraft) [STDOUT]:    Mouse Y: 67 (entre 63 e 75)? true
[21:19:33] [Render thread/INFO] (Minecraft) [STDOUT]: 🟢 HOVER DETECTADO NO ÍCONE INFO!
[21:19:33] [Render thread/INFO] (Minecraft) [STDOUT]:    Mouse X: 233 (entre 227 e 239)? true
[21:19:33] [Render thread/INFO] (Minecraft) [STDOUT]:    Mouse Y: 67 (entre 63 e 75)? true
[21:19:33] [Render thread/INFO] (Minecraft) [STDOUT]: 🟢 HOVER DETECTADO NO ÍCONE INFO!
[21:19:33] [Render thread/INFO] (Minecraft) [STDOUT]:    Mouse X: 233 (entre 227 e 239)? true
[21:19:33] [Render thread/INFO] (Minecraft) [STDOUT]:    Mouse Y: 67 (entre 63 e 75)? true
[21:19:33] [Render thread/INFO] (Minecraft) [STDOUT]: 🟢 HOVER DETECTADO NO ÍCONE INFO!
[21:19:33] [Render thread/INFO] (Minecraft) [STDOUT]:    Mouse X: 233 (entre 227 e 239)? true
[21:19:33] [Render thread/INFO] (Minecraft) [STDOUT]:    Mouse Y: 67 (entre 63 e 75)? true
[21:19:33] [Render thread/INFO] (Minecraft) [STDOUT]: 🟢 HOVER DETECTADO NO ÍCONE INFO!
[21:19:33] [Render thread/INFO] (Minecraft) [STDOUT]:    Mouse X: 233 (entre 227 e 239)? true
[21:19:33] [Render thread/INFO] (Minecraft) [STDOUT]:    Mouse Y: 67 (entre 63 e 75)? true
[21:19:33] [Render thread/INFO] (Minecraft) [STDOUT]: 🟢 HOVER DETECTADO NO ÍCONE INFO!
[21:19:33] [Render thread/INFO] (Minecraft) [STDOUT]:    Mouse X: 233 (entre 227 e 239)? true
[21:19:33] [Render thread/INFO] (Minecraft) [STDOUT]:    Mouse Y: 67 (entre 63 e 75)? true
[21:19:33] [Render thread/INFO] (Minecraft) [STDOUT]: 🟢 HOVER DETECTADO NO ÍCONE INFO!
[21:19:33] [Render thread/INFO] (Minecraft) [STDOUT]:    Mouse X: 233 (entre 227 e 239)? true
[21:19:33] [Render thread/INFO] (Minecraft) [STDOUT]:    Mouse Y: 67 (entre 63 e 75)? true
[21:19:33] [Render thread/INFO] (Minecraft) [STDOUT]: 🟢 HOVER DETECTADO NO ÍCONE INFO!
[21:19:33] [Render thread/INFO] (Minecraft) [STDOUT]:    Mouse X: 233 (entre 227 e 239)? true
[21:19:33] [Render thread/INFO] (Minecraft) [STDOUT]:    Mouse Y: 67 (entre 63 e 75)? true
[21:19:33] [Render thread/INFO] (Minecraft) [STDOUT]: 🟢 HOVER DETECTADO NO ÍCONE INFO!
[21:19:33] [Render thread/INFO] (Minecraft) [STDOUT]:    Mouse X: 233 (entre 227 e 239)? true
[21:19:33] [Render thread/INFO] (Minecraft) [STDOUT]:    Mouse Y: 67 (entre 63 e 75)? true
[21:19:33] [Render thread/INFO] (Minecraft) [STDOUT]: 🟢 HOVER DETECTADO NO ÍCONE INFO!
[21:19:33] [Render thread/INFO] (Minecraft) [STDOUT]:    Mouse X: 233 (entre 227 e 239)? true
[21:19:33] [Render thread/INFO] (Minecraft) [STDOUT]:    Mouse Y: 67 (entre 63 e 75)? true
[21:19:33] [Render thread/INFO] (Minecraft) [STDOUT]: 🟢 HOVER DETECTADO NO ÍCONE INFO!
[21:19:33] [Render thread/INFO] (Minecraft) [STDOUT]:    Mouse X: 233 (entre 227 e 239)? true
[21:19:33] [Render thread/INFO] (Minecraft) [STDOUT]:    Mouse Y: 67 (entre 63 e 75)? true
[21:19:33] [Render thread/INFO] (Minecraft) [STDOUT]: 🟢 HOVER DETECTADO NO ÍCONE INFO!
[21:19:33] [Render thread/INFO] (Minecraft) [STDOUT]:    Mouse X: 233 (entre 227 e 239)? true
[21:19:33] [Render thread/INFO] (Minecraft) [STDOUT]:    Mouse Y: 67 (entre 63 e 75)? true
[21:19:33] [Render thread/INFO] (Minecraft) [STDOUT]: 🟢 HOVER DETECTADO NO ÍCONE INFO!
[21:19:33] [Render thread/INFO] (Minecraft) [STDOUT]:    Mouse X: 233 (entre 227 e 239)? true
[21:19:33] [Render thread/INFO] (Minecraft) [STDOUT]:    Mouse Y: 67 (entre 63 e 75)? true
[21:19:33] [Render thread/INFO] (Minecraft) [STDOUT]: 🟢 HOVER DETECTADO NO ÍCONE INFO!
[21:19:33] [Render thread/INFO] (Minecraft) [STDOUT]:    Mouse X: 233 (entre 227 e 239)? true
[21:19:33] [Render thread/INFO] (Minecraft) [STDOUT]:    Mouse Y: 67 (entre 63 e 75)? true
[21:19:33] [Render thread/INFO] (Minecraft) [STDOUT]: 🟢 HOVER DETECTADO NO ÍCONE INFO!
[21:19:33] [Render thread/INFO] (Minecraft) [STDOUT]:    Mouse X: 233 (entre 227 e 239)? true
[21:19:33] [Render thread/INFO] (Minecraft) [STDOUT]:    Mouse Y: 67 (entre 63 e 75)? true
[21:19:33] [Render thread/INFO] (Minecraft) [STDOUT]: 🟢 HOVER DETECTADO NO ÍCONE INFO!
[21:19:33] [Render thread/INFO] (Minecraft) [STDOUT]:    Mouse X: 233 (entre 227 e 239)? true
[21:19:33] [Render thread/INFO] (Minecraft) [STDOUT]:    Mouse Y: 67 (entre 63 e 75)? true
[21:19:33] [Render thread/INFO] (Minecraft) [STDOUT]: 🟢 HOVER DETECTADO NO ÍCONE INFO!
[21:19:33] [Render thread/INFO] (Minecraft) [STDOUT]:    Mouse X: 233 (entre 227 e 239)? true
[21:19:33] [Render thread/INFO] (Minecraft) [STDOUT]:    Mouse Y: 67 (entre 63 e 75)? true
[21:19:33] [Render thread/INFO] (Minecraft) [STDOUT]: 🟢 HOVER DETECTADO NO ÍCONE INFO!
[21:19:33] [Render thread/INFO] (Minecraft) [STDOUT]:    Mouse X: 233 (entre 227 e 239)? true
[21:19:33] [Render thread/INFO] (Minecraft) [STDOUT]:    Mouse Y: 67 (entre 63 e 75)? true
[21:19:33] [Render thread/INFO] (Minecraft) [STDOUT]: 🟢 HOVER DETECTADO NO ÍCONE INFO!
[21:19:33] [Render thread/INFO] (Minecraft) [STDOUT]:    Mouse X: 233 (entre 227 e 239)? true
[21:19:33] [Render thread/INFO] (Minecraft) [STDOUT]:    Mouse Y: 67 (entre 63 e 75)? true
[21:19:33] [Render thread/INFO] (Minecraft) [STDOUT]: 🟢 HOVER DETECTADO NO ÍCONE INFO!
[21:19:33] [Render thread/INFO] (Minecraft) [STDOUT]:    Mouse X: 233 (entre 227 e 239)? true
[21:19:33] [Render thread/INFO] (Minecraft) [STDOUT]:    Mouse Y: 67 (entre 63 e 75)? true
[21:19:33] [Render thread/INFO] (Minecraft) [STDOUT]: 🟢 HOVER DETECTADO NO ÍCONE INFO!
[21:19:33] [Render thread/INFO] (Minecraft) [STDOUT]:    Mouse X: 233 (entre 227 e 239)? true
[21:19:33] [Render thread/INFO] (Minecraft) [STDOUT]:    Mouse Y: 67 (entre 63 e 75)? true
[21:19:33] [Render thread/INFO] (Minecraft) [STDOUT]: 🟢 HOVER DETECTADO NO ÍCONE INFO!
[21:19:33] [Render thread/INFO] (Minecraft) [STDOUT]:    Mouse X: 233 (entre 227 e 239)? true
[21:19:33] [Render thread/INFO] (Minecraft) [STDOUT]:    Mouse Y: 67 (entre 63 e 75)? true
[21:19:33] [Render thread/INFO] (Minecraft) [STDOUT]: 🟢 HOVER DETECTADO NO ÍCONE INFO!
[21:19:33] [Render thread/INFO] (Minecraft) [STDOUT]:    Mouse X: 233 (entre 227 e 239)? true
[21:19:33] [Render thread/INFO] (Minecraft) [STDOUT]:    Mouse Y: 67 (entre 63 e 75)? true
[21:19:33] [Render thread/INFO] (Minecraft) [STDOUT]: 🟢 HOVER DETECTADO NO ÍCONE INFO!
[21:19:33] [Render thread/INFO] (Minecraft) [STDOUT]:    Mouse X: 233 (entre 227 e 239)? true
[21:19:33] [Render thread/INFO] (Minecraft) [STDOUT]:    Mouse Y: 67 (entre 63 e 75)? true
[21:19:33] [Render thread/INFO] (Minecraft) [STDOUT]: 🟢 HOVER DETECTADO NO ÍCONE INFO!
[21:19:33] [Render thread/INFO] (Minecraft) [STDOUT]:    Mouse X: 233 (entre 227 e 239)? true
[21:19:33] [Render thread/INFO] (Minecraft) [STDOUT]:    Mouse Y: 67 (entre 63 e 75)? true
[21:19:33] [Render thread/INFO] (Minecraft) [STDOUT]: 🟢 HOVER DETECTADO NO ÍCONE INFO!
[21:19:33] [Render thread/INFO] (Minecraft) [STDOUT]:    Mouse X: 233 (entre 227 e 239)? true
[21:19:33] [Render thread/INFO] (Minecraft) [STDOUT]:    Mouse Y: 67 (entre 63 e 75)? true
[21:19:33] [Render thread/INFO] (Minecraft) [STDOUT]: 🟢 HOVER DETECTADO NO ÍCONE INFO!
[21:19:33] [Render thread/INFO] (Minecraft) [STDOUT]:    Mouse X: 233 (entre 227 e 239)? true
[21:19:33] [Render thread/INFO] (Minecraft) [STDOUT]:    Mouse Y: 67 (entre 63 e 75)? true
[21:19:33] [Render thread/INFO] (Minecraft) [STDOUT]: 🟢 HOVER DETECTADO NO ÍCONE INFO!
[21:19:33] [Render thread/INFO] (Minecraft) [STDOUT]:    Mouse X: 233 (entre 227 e 239)? true
[21:19:33] [Render thread/INFO] (Minecraft) [STDOUT]:    Mouse Y: 67 (entre 63 e 75)? true
[21:19:33] [Render thread/INFO] (Minecraft) [STDOUT]: 🟢 HOVER DETECTADO NO ÍCONE INFO!
[21:19:33] [Render thread/INFO] (Minecraft) [STDOUT]:    Mouse X: 233 (entre 227 e 239)? true
[21:19:33] [Render thread/INFO] (Minecraft) [STDOUT]:    Mouse Y: 67 (entre 63 e 75)? true
[21:19:33] [Render thread/INFO] (Minecraft) [STDOUT]: 🟢 HOVER DETECTADO NO ÍCONE INFO!
[21:19:33] [Render thread/INFO] (Minecraft) [STDOUT]:    Mouse X: 233 (entre 227 e 239)? true
[21:19:33] [Render thread/INFO] (Minecraft) [STDOUT]:    Mouse Y: 67 (entre 63 e 75)? true
[21:19:33] [Render thread/INFO] (Minecraft) [STDOUT]: 🟢 HOVER DETECTADO NO ÍCONE INFO!
[21:19:33] [Render thread/INFO] (Minecraft) [STDOUT]:    Mouse X: 233 (entre 227 e 239)? true
[21:19:33] [Render thread/INFO] (Minecraft) [STDOUT]:    Mouse Y: 67 (entre 63 e 75)? true
[21:19:33] [Render thread/INFO] (Minecraft) [STDOUT]: 🟢 HOVER DETECTADO NO ÍCONE INFO!
[21:19:33] [Render thread/INFO] (Minecraft) [STDOUT]:    Mouse X: 233 (entre 227 e 239)? true
[21:19:33] [Render thread/INFO] (Minecraft) [STDOUT]:    Mouse Y: 67 (entre 63 e 75)? true
[21:19:33] [Render thread/INFO] (Minecraft) [STDOUT]: 🟢 HOVER DETECTADO NO ÍCONE INFO!
[21:19:33] [Render thread/INFO] (Minecraft) [STDOUT]:    Mouse X: 233 (entre 227 e 239)? true
[21:19:33] [Render thread/INFO] (Minecraft) [STDOUT]:    Mouse Y: 67 (entre 63 e 75)? true
[21:19:33] [Render thread/INFO] (Minecraft) [STDOUT]: 🟢 HOVER DETECTADO NO ÍCONE INFO!
[21:19:33] [Render thread/INFO] (Minecraft) [STDOUT]:    Mouse X: 233 (entre 227 e 239)? true
[21:19:33] [Render thread/INFO] (Minecraft) [STDOUT]:    Mouse Y: 67 (entre 63 e 75)? true
[21:19:33] [Render thread/INFO] (Minecraft) [STDOUT]: 🟢 HOVER DETECTADO NO ÍCONE INFO!
[21:19:33] [Render thread/INFO] (Minecraft) [STDOUT]:    Mouse X: 233 (entre 227 e 239)? true
[21:19:33] [Render thread/INFO] (Minecraft) [STDOUT]:    Mouse Y: 67 (entre 63 e 75)? true
[21:19:33] [Render thread/INFO] (Minecraft) [STDOUT]: 🟢 HOVER DETECTADO NO ÍCONE INFO!
[21:19:33] [Render thread/INFO] (Minecraft) [STDOUT]:    Mouse X: 233 (entre 227 e 239)? true
[21:19:33] [Render thread/INFO] (Minecraft) [STDOUT]:    Mouse Y: 67 (entre 63 e 75)? true
[21:19:33] [Render thread/INFO] (Minecraft) [STDOUT]: 🟢 HOVER DETECTADO NO ÍCONE INFO!
[21:19:33] [Render thread/INFO] (Minecraft) [STDOUT]:    Mouse X: 233 (entre 227 e 239)? true
[21:19:33] [Render thread/INFO] (Minecraft) [STDOUT]:    Mouse Y: 67 (entre 63 e 75)? true
[21:19:33] [Render thread/INFO] (Minecraft) [STDOUT]: 🟢 HOVER DETECTADO NO ÍCONE INFO!
[21:19:33] [Render thread/INFO] (Minecraft) [STDOUT]:    Mouse X: 233 (entre 227 e 239)? true
[21:19:33] [Render thread/INFO] (Minecraft) [STDOUT]:    Mouse Y: 67 (entre 63 e 75)? true
[21:19:33] [Render thread/INFO] (Minecraft) [STDOUT]: 🟢 HOVER DETECTADO NO ÍCONE INFO!
[21:19:33] [Render thread/INFO] (Minecraft) [STDOUT]:    Mouse X: 233 (entre 227 e 239)? true
[21:19:33] [Render thread/INFO] (Minecraft) [STDOUT]:    Mouse Y: 67 (entre 63 e 75)? true
[21:19:33] [Render thread/INFO] (Minecraft) [STDOUT]: 🟢 HOVER DETECTADO NO ÍCONE INFO!
[21:19:33] [Render thread/INFO] (Minecraft) [STDOUT]:    Mouse X: 233 (entre 227 e 239)? true
[21:19:33] [Render thread/INFO] (Minecraft) [STDOUT]:    Mouse Y: 67 (entre 63 e 75)? true
[21:19:33] [Render thread/INFO] (Minecraft) [STDOUT]: 🟢 HOVER DETECTADO NO ÍCONE INFO!
[21:19:33] [Render thread/INFO] (Minecraft) [STDOUT]:    Mouse X: 233 (entre 227 e 239)? true
[21:19:33] [Render thread/INFO] (Minecraft) [STDOUT]:    Mouse Y: 67 (entre 63 e 75)? true
[21:19:33] [Render thread/INFO] (Minecraft) [STDOUT]: 🟢 HOVER DETECTADO NO ÍCONE INFO!
[21:19:33] [Render thread/INFO] (Minecraft) [STDOUT]:    Mouse X: 233 (entre 227 e 239)? true
[21:19:33] [Render thread/INFO] (Minecraft) [STDOUT]:    Mouse Y: 67 (entre 63 e 75)? true
[21:19:33] [Render thread/INFO] (Minecraft) [STDOUT]: 🟢 HOVER DETECTADO NO ÍCONE INFO!
[21:19:33] [Render thread/INFO] (Minecraft) [STDOUT]:    Mouse X: 233 (entre 227 e 239)? true
[21:19:33] [Render thread/INFO] (Minecraft) [STDOUT]:    Mouse Y: 67 (entre 63 e 75)? true
[21:19:33] [Render thread/INFO] (Minecraft) [STDOUT]: 🟢 HOVER DETECTADO NO ÍCONE INFO!
[21:19:33] [Render thread/INFO] (Minecraft) [STDOUT]:    Mouse X: 233 (entre 227 e 239)? true
[21:19:33] [Render thread/INFO] (Minecraft) [STDOUT]:    Mouse Y: 67 (entre 63 e 75)? true
[21:19:33] [Render thread/INFO] (Minecraft) [STDOUT]: 🟢 HOVER DETECTADO NO ÍCONE INFO!
[21:19:33] [Render thread/INFO] (Minecraft) [STDOUT]:    Mouse X: 233 (entre 227 e 239)? true
[21:19:33] [Render thread/INFO] (Minecraft) [STDOUT]:    Mouse Y: 67 (entre 63 e 75)? true
[21:19:33] [Render thread/INFO] (Minecraft) [STDOUT]: 🟢 HOVER DETECTADO NO ÍCONE INFO!
[21:19:33] [Render thread/INFO] (Minecraft) [STDOUT]:    Mouse X: 233 (entre 227 e 239)? true
[21:19:33] [Render thread/INFO] (Minecraft) [STDOUT]:    Mouse Y: 67 (entre 63 e 75)? true
[21:19:33] [Render thread/INFO] (Minecraft) [STDOUT]: 🟢 HOVER DETECTADO NO ÍCONE INFO!
[21:19:33] [Render thread/INFO] (Minecraft) [STDOUT]:    Mouse X: 233 (entre 227 e 239)? true
[21:19:33] [Render thread/INFO] (Minecraft) [STDOUT]:    Mouse Y: 67 (entre 63 e 75)? true
[21:19:33] [Render thread/INFO] (Minecraft) [STDOUT]: 🟢 HOVER DETECTADO NO ÍCONE INFO!
[21:19:33] [Render thread/INFO] (Minecraft) [STDOUT]:    Mouse X: 233 (entre 227 e 239)? true
[21:19:33] [Render thread/INFO] (Minecraft) [STDOUT]:    Mouse Y: 67 (entre 63 e 75)? true
[21:19:33] [Render thread/INFO] (Minecraft) [STDOUT]: 🟢 HOVER DETECTADO NO ÍCONE INFO!
[21:19:33] [Render thread/INFO] (Minecraft) [STDOUT]:    Mouse X: 233 (entre 227 e 239)? true
[21:19:33] [Render thread/INFO] (Minecraft) [STDOUT]:    Mouse Y: 67 (entre 63 e 75)? true
[21:19:33] [Render thread/INFO] (Minecraft) [STDOUT]: 🟢 HOVER DETECTADO NO ÍCONE INFO!
[21:19:33] [Render thread/INFO] (Minecraft) [STDOUT]:    Mouse X: 233 (entre 227 e 239)? true
[21:19:33] [Render thread/INFO] (Minecraft) [STDOUT]:    Mouse Y: 67 (entre 63 e 75)? true
[21:19:33] [Render thread/INFO] (Minecraft) [STDOUT]: 🟢 HOVER DETECTADO NO ÍCONE INFO!
[21:19:33] [Render thread/INFO] (Minecraft) [STDOUT]:    Mouse X: 233 (entre 227 e 239)? true
[21:19:33] [Render thread/INFO] (Minecraft) [STDOUT]:    Mouse Y: 67 (entre 63 e 75)? true
[21:19:33] [Render thread/INFO] (Minecraft) [STDOUT]: 🟢 HOVER DETECTADO NO ÍCONE INFO!
[21:19:33] [Render thread/INFO] (Minecraft) [STDOUT]:    Mouse X: 233 (entre 227 e 239)? true
[21:19:33] [Render thread/INFO] (Minecraft) [STDOUT]:    Mouse Y: 67 (entre 63 e 75)? true
[21:19:33] [Render thread/INFO] (Minecraft) [STDOUT]: 🟢 HOVER DETECTADO NO ÍCONE INFO!
[21:19:33] [Render thread/INFO] (Minecraft) [STDOUT]:    Mouse X: 233 (entre 227 e 239)? true
[21:19:33] [Render thread/INFO] (Minecraft) [STDOUT]:    Mouse Y: 67 (entre 63 e 75)? true
[21:19:33] [Render thread/INFO] (Minecraft) [STDOUT]: 🟢 HOVER DETECTADO NO ÍCONE INFO!
[21:19:33] [Render thread/INFO] (Minecraft) [STDOUT]:    Mouse X: 233 (entre 227 e 239)? true
[21:19:33] [Render thread/INFO] (Minecraft) [STDOUT]:    Mouse Y: 67 (entre 63 e 75)? true
[21:19:33] [Render thread/INFO] (Minecraft) [STDOUT]: 🟢 HOVER DETECTADO NO ÍCONE INFO!
[21:19:33] [Render thread/INFO] (Minecraft) [STDOUT]:    Mouse X: 233 (entre 227 e 239)? true
[21:19:33] [Render thread/INFO] (Minecraft) [STDOUT]:    Mouse Y: 67 (entre 63 e 75)? true
[21:19:33] [Render thread/INFO] (Minecraft) [STDOUT]: 🟢 HOVER DETECTADO NO ÍCONE INFO!
[21:19:33] [Render thread/INFO] (Minecraft) [STDOUT]:    Mouse X: 233 (entre 227 e 239)? true
[21:19:33] [Render thread/INFO] (Minecraft) [STDOUT]:    Mouse Y: 67 (entre 63 e 75)? true
[21:19:33] [Render thread/INFO] (Minecraft) [STDOUT]: 🟢 HOVER DETECTADO NO ÍCONE INFO!
[21:19:33] [Render thread/INFO] (Minecraft) [STDOUT]:    Mouse X: 233 (entre 227 e 239)? true
[21:19:33] [Render thread/INFO] (Minecraft) [STDOUT]:    Mouse Y: 67 (entre 63 e 75)? true
[21:19:33] [Render thread/INFO] (Minecraft) [STDOUT]: 🟢 HOVER DETECTADO NO ÍCONE INFO!
[21:19:33] [Render thread/INFO] (Minecraft) [STDOUT]:    Mouse X: 233 (entre 227 e 239)? true
[21:19:33] [Render thread/INFO] (Minecraft) [STDOUT]:    Mouse Y: 67 (entre 63 e 75)? true
[21:19:33] [Render thread/INFO] (Minecraft) [STDOUT]: 🟢 HOVER DETECTADO NO ÍCONE INFO!
[21:19:33] [Render thread/INFO] (Minecraft) [STDOUT]:    Mouse X: 233 (entre 227 e 239)? true
[21:19:33] [Render thread/INFO] (Minecraft) [STDOUT]:    Mouse Y: 67 (entre 63 e 75)? true
[21:19:33] [Render thread/INFO] (Minecraft) [STDOUT]: 🟢 HOVER DETECTADO NO ÍCONE INFO!
[21:19:33] [Render thread/INFO] (Minecraft) [STDOUT]:    Mouse X: 233 (entre 227 e 239)? true
[21:19:33] [Render thread/INFO] (Minecraft) [STDOUT]:    Mouse Y: 67 (entre 63 e 75)? true
[21:19:33] [Render thread/INFO] (Minecraft) [STDOUT]: 🟢 HOVER DETECTADO NO ÍCONE INFO!
[21:19:33] [Render thread/INFO] (Minecraft) [STDOUT]:    Mouse X: 233 (entre 227 e 239)? true
[21:19:33] [Render thread/INFO] (Minecraft) [STDOUT]:    Mouse Y: 67 (entre 63 e 75)? true
[21:19:33] [Render thread/INFO] (Minecraft) [STDOUT]: 🟢 HOVER DETECTADO NO ÍCONE INFO!
[21:19:33] [Render thread/INFO] (Minecraft) [STDOUT]:    Mouse X: 233 (entre 227 e 239)? true
[21:19:33] [Render thread/INFO] (Minecraft) [STDOUT]:    Mouse Y: 67 (entre 63 e 75)? true
[21:19:33] [Render thread/INFO] (Minecraft) [STDOUT]: 🟢 HOVER DETECTADO NO ÍCONE INFO!
[21:19:33] [Render thread/INFO] (Minecraft) [STDOUT]:    Mouse X: 233 (entre 227 e 239)? true
[21:19:33] [Render thread/INFO] (Minecraft) [STDOUT]:    Mouse Y: 67 (entre 63 e 75)? true
[21:19:33] [Render thread/INFO] (Minecraft) [STDOUT]: 🟢 HOVER DETECTADO NO ÍCONE INFO!
[21:19:33] [Render thread/INFO] (Minecraft) [STDOUT]:    Mouse X: 233 (entre 227 e 239)? true
[21:19:33] [Render thread/INFO] (Minecraft) [STDOUT]:    Mouse Y: 67 (entre 63 e 75)? true
[21:19:33] [Render thread/INFO] (Minecraft) [STDOUT]: 🟢 HOVER DETECTADO NO ÍCONE INFO!
[21:19:33] [Render thread/INFO] (Minecraft) [STDOUT]:    Mouse X: 233 (entre 227 e 239)? true
[21:19:33] [Render thread/INFO] (Minecraft) [STDOUT]:    Mouse Y: 67 (entre 63 e 75)? true
[21:19:33] [Render thread/INFO] (Minecraft) [STDOUT]: 🟢 HOVER DETECTADO NO ÍCONE INFO!
[21:19:33] [Render thread/INFO] (Minecraft) [STDOUT]:    Mouse X: 233 (entre 227 e 239)? true
[21:19:33] [Render thread/INFO] (Minecraft) [STDOUT]:    Mouse Y: 67 (entre 63 e 75)? true
[21:19:33] [Render thread/INFO] (Minecraft) [STDOUT]: 🟢 HOVER DETECTADO NO ÍCONE INFO!
[21:19:33] [Render thread/INFO] (Minecraft) [STDOUT]:    Mouse X: 233 (entre 227 e 239)? true
[21:19:33] [Render thread/INFO] (Minecraft) [STDOUT]:    Mouse Y: 67 (entre 63 e 75)? true
[21:19:33] [Render thread/INFO] (Minecraft) [STDOUT]: 🟢 HOVER DETECTADO NO ÍCONE INFO!
[21:19:33] [Render thread/INFO] (Minecraft) [STDOUT]:    Mouse X: 233 (entre 227 e 239)? true
[21:19:33] [Render thread/INFO] (Minecraft) [STDOUT]:    Mouse Y: 67 (entre 63 e 75)? true
[21:19:33] [Render thread/INFO] (Minecraft) [STDOUT]: 🟢 HOVER DETECTADO NO ÍCONE INFO!
[21:19:33] [Render thread/INFO] (Minecraft) [STDOUT]:    Mouse X: 233 (entre 227 e 239)? true
[21:19:33] [Render thread/INFO] (Minecraft) [STDOUT]:    Mouse Y: 67 (entre 63 e 75)? true
[21:19:33] [Render thread/INFO] (Minecraft) [STDOUT]: 🟢 HOVER DETECTADO NO ÍCONE INFO!
[21:19:33] [Render thread/INFO] (Minecraft) [STDOUT]:    Mouse X: 233 (entre 227 e 239)? true
[21:19:33] [Render thread/INFO] (Minecraft) [STDOUT]:    Mouse Y: 67 (entre 63 e 75)? true
[21:19:33] [Render thread/INFO] (Minecraft) [STDOUT]: 🟢 HOVER DETECTADO NO ÍCONE INFO!
[21:19:33] [Render thread/INFO] (Minecraft) [STDOUT]:    Mouse X: 233 (entre 227 e 239)? true
[21:19:33] [Render thread/INFO] (Minecraft) [STDOUT]:    Mouse Y: 67 (entre 63 e 75)? true
[21:19:33] [Render thread/INFO] (Minecraft) [STDOUT]: 🟢 HOVER DETECTADO NO ÍCONE INFO!
[21:19:33] [Render thread/INFO] (Minecraft) [STDOUT]:    Mouse X: 233 (entre 227 e 239)? true
[21:19:33] [Render thread/INFO] (Minecraft) [STDOUT]:    Mouse Y: 67 (entre 63 e 75)? true
[21:19:33] [Render thread/INFO] (Minecraft) [STDOUT]: 🟢 HOVER DETECTADO NO ÍCONE INFO!
[21:19:33] [Render thread/INFO] (Minecraft) [STDOUT]:    Mouse X: 233 (entre 227 e 239)? true
[21:19:33] [Render thread/INFO] (Minecraft) [STDOUT]:    Mouse Y: 67 (entre 63 e 75)? true
[21:19:33] [Render thread/INFO] (Minecraft) [STDOUT]: 🟢 HOVER DETECTADO NO ÍCONE INFO!
[21:19:33] [Render thread/INFO] (Minecraft) [STDOUT]:    Mouse X: 233 (entre 227 e 239)? true
[21:19:33] [Render thread/INFO] (Minecraft) [STDOUT]:    Mouse Y: 67 (entre 63 e 75)? true
[21:19:33] [Render thread/INFO] (Minecraft) [STDOUT]: 🟢 HOVER DETECTADO NO ÍCONE INFO!
[21:19:33] [Render thread/INFO] (Minecraft) [STDOUT]:    Mouse X: 233 (entre 227 e 239)? true
[21:19:33] [Render thread/INFO] (Minecraft) [STDOUT]:    Mouse Y: 67 (entre 63 e 75)? true
[21:19:33] [Render thread/INFO] (Minecraft) [STDOUT]: 🟢 HOVER DETECTADO NO ÍCONE INFO!
[21:19:33] [Render thread/INFO] (Minecraft) [STDOUT]:    Mouse X: 233 (entre 227 e 239)? true
[21:19:33] [Render thread/INFO] (Minecraft) [STDOUT]:    Mouse Y: 67 (entre 63 e 75)? true
[21:19:33] [Render thread/INFO] (Minecraft) [STDOUT]: 🟢 HOVER DETECTADO NO ÍCONE INFO!
[21:19:33] [Render thread/INFO] (Minecraft) [STDOUT]:    Mouse X: 233 (entre 227 e 239)? true
[21:19:33] [Render thread/INFO] (Minecraft) [STDOUT]:    Mouse Y: 67 (entre 63 e 75)? true
[21:19:33] [Render thread/INFO] (Minecraft) [STDOUT]: 🟢 HOVER DETECTADO NO ÍCONE INFO!
[21:19:33] [Render thread/INFO] (Minecraft) [STDOUT]:    Mouse X: 233 (entre 227 e 239)? true
[21:19:33] [Render thread/INFO] (Minecraft) [STDOUT]:    Mouse Y: 67 (entre 63 e 75)? true
[21:19:33] [Render thread/INFO] (Minecraft) [STDOUT]: 🟢 HOVER DETECTADO NO ÍCONE INFO!
[21:19:33] [Render thread/INFO] (Minecraft) [STDOUT]:    Mouse X: 233 (entre 227 e 239)? true
[21:19:33] [Render thread/INFO] (Minecraft) [STDOUT]:    Mouse Y: 67 (entre 63 e 75)? true
[21:19:33] [Render thread/INFO] (Minecraft) [STDOUT]: 🟢 HOVER DETECTADO NO ÍCONE INFO!
[21:19:33] [Render thread/INFO] (Minecraft) [STDOUT]:    Mouse X: 233 (entre 227 e 239)? true
[21:19:33] [Render thread/INFO] (Minecraft) [STDOUT]:    Mouse Y: 67 (entre 63 e 75)? true
[21:19:33] [Render thread/INFO] (Minecraft) [STDOUT]: 🟢 HOVER DETECTADO NO ÍCONE INFO!
[21:19:33] [Render thread/INFO] (Minecraft) [STDOUT]:    Mouse X: 233 (entre 227 e 239)? true
[21:19:33] [Render thread/INFO] (Minecraft) [STDOUT]:    Mouse Y: 67 (entre 63 e 75)? true
[21:19:33] [Render thread/INFO] (Minecraft) [STDOUT]: 🟢 HOVER DETECTADO NO ÍCONE INFO!
[21:19:33] [Render thread/INFO] (Minecraft) [STDOUT]:    Mouse X: 233 (entre 227 e 239)? true
[21:19:33] [Render thread/INFO] (Minecraft) [STDOUT]:    Mouse Y: 67 (entre 63 e 75)? true
[21:19:33] [Render thread/INFO] (Minecraft) [STDOUT]: 🟢 HOVER DETECTADO NO ÍCONE INFO!
[21:19:33] [Render thread/INFO] (Minecraft) [STDOUT]:    Mouse X: 233 (entre 227 e 239)? true
[21:19:33] [Render thread/INFO] (Minecraft) [STDOUT]:    Mouse Y: 67 (entre 63 e 75)? true
[21:19:33] [Render thread/INFO] (Minecraft) [STDOUT]: 🟢 HOVER DETECTADO NO ÍCONE INFO!
[21:19:33] [Render thread/INFO] (Minecraft) [STDOUT]:    Mouse X: 233 (entre 227 e 239)? true
[21:19:33] [Render thread/INFO] (Minecraft) [STDOUT]:    Mouse Y: 67 (entre 63 e 75)? true
[21:19:33] [Render thread/INFO] (Minecraft) [STDOUT]: 🟢 HOVER DETECTADO NO ÍCONE INFO!
[21:19:33] [Render thread/INFO] (Minecraft) [STDOUT]:    Mouse X: 233 (entre 227 e 239)? true
[21:19:33] [Render thread/INFO] (Minecraft) [STDOUT]:    Mouse Y: 67 (entre 63 e 75)? true
[21:19:33] [Render thread/INFO] (Minecraft) [STDOUT]: 🟢 HOVER DETECTADO NO ÍCONE INFO!
[21:19:33] [Render thread/INFO] (Minecraft) [STDOUT]:    Mouse X: 233 (entre 227 e 239)? true
[21:19:33] [Render thread/INFO] (Minecraft) [STDOUT]:    Mouse Y: 67 (entre 63 e 75)? true
[21:19:33] [Render thread/INFO] (Minecraft) [STDOUT]: 🟢 HOVER DETECTADO NO ÍCONE INFO!
[21:19:33] [Render thread/INFO] (Minecraft) [STDOUT]:    Mouse X: 233 (entre 227 e 239)? true
[21:19:33] [Render thread/INFO] (Minecraft) [STDOUT]:    Mouse Y: 67 (entre 63 e 75)? true
[21:19:33] [Render thread/INFO] (Minecraft) [STDOUT]: 🟢 HOVER DETECTADO NO ÍCONE INFO!
[21:19:33] [Render thread/INFO] (Minecraft) [STDOUT]:    Mouse X: 233 (entre 227 e 239)? true
[21:19:33] [Render thread/INFO] (Minecraft) [STDOUT]:    Mouse Y: 67 (entre 63 e 75)? true
[21:19:33] [Render thread/INFO] (Minecraft) [STDOUT]: 🟢 HOVER DETECTADO NO ÍCONE INFO!
[21:19:33] [Render thread/INFO] (Minecraft) [STDOUT]:    Mouse X: 233 (entre 227 e 239)? true
[21:19:33] [Render thread/INFO] (Minecraft) [STDOUT]:    Mouse Y: 67 (entre 63 e 75)? true
[21:19:33] [Render thread/INFO] (Minecraft) [STDOUT]: 🟢 HOVER DETECTADO NO ÍCONE INFO!
[21:19:33] [Render thread/INFO] (Minecraft) [STDOUT]:    Mouse X: 233 (entre 227 e 239)? true
[21:19:33] [Render thread/INFO] (Minecraft) [STDOUT]:    Mouse Y: 67 (entre 63 e 75)? true
[21:19:33] [Render thread/INFO] (Minecraft) [STDOUT]: 🟢 HOVER DETECTADO NO ÍCONE INFO!
[21:19:33] [Render thread/INFO] (Minecraft) [STDOUT]:    Mouse X: 233 (entre 227 e 239)? true
[21:19:33] [Render thread/INFO] (Minecraft) [STDOUT]:    Mouse Y: 67 (entre 63 e 75)? true
[21:19:33] [Render thread/INFO] (Minecraft) [STDOUT]: 🟢 HOVER DETECTADO NO ÍCONE INFO!
[21:19:33] [Render thread/INFO] (Minecraft) [STDOUT]:    Mouse X: 233 (entre 227 e 239)? true
[21:19:33] [Render thread/INFO] (Minecraft) [STDOUT]:    Mouse Y: 67 (entre 63 e 75)? true
[21:19:33] [Render thread/INFO] (Minecraft) [STDOUT]: 🟢 HOVER DETECTADO NO ÍCONE INFO!
[21:19:33] [Render thread/INFO] (Minecraft) [STDOUT]:    Mouse X: 233 (entre 227 e 239)? true
[21:19:33] [Render thread/INFO] (Minecraft) [STDOUT]:    Mouse Y: 67 (entre 63 e 75)? true
[21:19:33] [Render thread/INFO] (Minecraft) [STDOUT]: 🟢 HOVER DETECTADO NO ÍCONE INFO!
[21:19:33] [Render thread/INFO] (Minecraft) [STDOUT]:    Mouse X: 233 (entre 227 e 239)? true
[21:19:33] [Render thread/INFO] (Minecraft) [STDOUT]:    Mouse Y: 67 (entre 63 e 75)? true
[21:19:33] [Render thread/INFO] (Minecraft) [STDOUT]: 🟢 HOVER DETECTADO NO ÍCONE INFO!
[21:19:33] [Render thread/INFO] (Minecraft) [STDOUT]:    Mouse X: 233 (entre 227 e 239)? true
[21:19:33] [Render thread/INFO] (Minecraft) [STDOUT]:    Mouse Y: 67 (entre 63 e 75)? true
[21:19:33] [Render thread/INFO] (Minecraft) [STDOUT]: 🟢 HOVER DETECTADO NO ÍCONE INFO!
[21:19:33] [Render thread/INFO] (Minecraft) [STDOUT]:    Mouse X: 233 (entre 227 e 239)? true
[21:19:33] [Render thread/INFO] (Minecraft) [STDOUT]:    Mouse Y: 67 (entre 63 e 75)? true
[21:19:33] [Render thread/INFO] (Minecraft) [STDOUT]: 🟢 HOVER DETECTADO NO ÍCONE INFO!
[21:19:33] [Render thread/INFO] (Minecraft) [STDOUT]:    Mouse X: 233 (entre 227 e 239)? true
[21:19:33] [Render thread/INFO] (Minecraft) [STDOUT]:    Mouse Y: 67 (entre 63 e 75)? true
[21:19:34] [Render thread/INFO] (Minecraft) [STDOUT]: 🟢 HOVER DETECTADO NO ÍCONE INFO!
[21:19:34] [Render thread/INFO] (Minecraft) [STDOUT]:    Mouse X: 233 (entre 227 e 239)? true
[21:19:34] [Render thread/INFO] (Minecraft) [STDOUT]:    Mouse Y: 67 (entre 63 e 75)? true
[21:19:34] [Render thread/INFO] (Minecraft) [STDOUT]: 🟢 HOVER DETECTADO NO ÍCONE INFO!
[21:19:34] [Render thread/INFO] (Minecraft) [STDOUT]:    Mouse X: 233 (entre 227 e 239)? true
[21:19:34] [Render thread/INFO] (Minecraft) [STDOUT]:    Mouse Y: 67 (entre 63 e 75)? true
[21:19:34] [Render thread/INFO] (Minecraft) [STDOUT]: 🟢 HOVER DETECTADO NO ÍCONE INFO!
[21:19:34] [Render thread/INFO] (Minecraft) [STDOUT]:    Mouse X: 233 (entre 227 e 239)? true
[21:19:34] [Render thread/INFO] (Minecraft) [STDOUT]:    Mouse Y: 67 (entre 63 e 75)? true
[21:19:34] [Render thread/INFO] (Minecraft) [STDOUT]: 🟢 HOVER DETECTADO NO ÍCONE INFO!
[21:19:34] [Render thread/INFO] (Minecraft) [STDOUT]:    Mouse X: 233 (entre 227 e 239)? true
[21:19:34] [Render thread/INFO] (Minecraft) [STDOUT]:    Mouse Y: 67 (entre 63 e 75)? true
[21:19:34] [Render thread/INFO] (Minecraft) [STDOUT]: 🟢 HOVER DETECTADO NO ÍCONE INFO!
[21:19:34] [Render thread/INFO] (Minecraft) [STDOUT]:    Mouse X: 233 (entre 227 e 239)? true
[21:19:34] [Render thread/INFO] (Minecraft) [STDOUT]:    Mouse Y: 67 (entre 63 e 75)? true
[21:19:34] [Render thread/INFO] (Minecraft) [STDOUT]: 🟢 HOVER DETECTADO NO ÍCONE INFO!
[21:19:34] [Render thread/INFO] (Minecraft) [STDOUT]:    Mouse X: 233 (entre 227 e 239)? true
[21:19:34] [Render thread/INFO] (Minecraft) [STDOUT]:    Mouse Y: 67 (entre 63 e 75)? true
[21:19:34] [Render thread/INFO] (Minecraft) [STDOUT]: 🟢 HOVER DETECTADO NO ÍCONE INFO!
[21:19:34] [Render thread/INFO] (Minecraft) [STDOUT]:    Mouse X: 233 (entre 227 e 239)? true
[21:19:34] [Render thread/INFO] (Minecraft) [STDOUT]:    Mouse Y: 67 (entre 63 e 75)? true
[21:19:34] [Render thread/INFO] (Minecraft) [STDOUT]: 🟢 HOVER DETECTADO NO ÍCONE INFO!
[21:19:34] [Render thread/INFO] (Minecraft) [STDOUT]:    Mouse X: 233 (entre 227 e 239)? true
[21:19:34] [Render thread/INFO] (Minecraft) [STDOUT]:    Mouse Y: 67 (entre 63 e 75)? true
[21:19:34] [Render thread/INFO] (Minecraft) [STDOUT]: 🟢 HOVER DETECTADO NO ÍCONE INFO!
[21:19:34] [Render thread/INFO] (Minecraft) [STDOUT]:    Mouse X: 233 (entre 227 e 239)? true
[21:19:34] [Render thread/INFO] (Minecraft) [STDOUT]:    Mouse Y: 67 (entre 63 e 75)? true
[21:19:34] [Render thread/INFO] (Minecraft) [STDOUT]: 🟢 HOVER DETECTADO NO ÍCONE INFO!
[21:19:34] [Render thread/INFO] (Minecraft) [STDOUT]:    Mouse X: 233 (entre 227 e 239)? true
[21:19:34] [Render thread/INFO] (Minecraft) [STDOUT]:    Mouse Y: 67 (entre 63 e 75)? true
[21:19:34] [Render thread/INFO] (Minecraft) [STDOUT]: 🟢 HOVER DETECTADO NO ÍCONE INFO!
[21:19:34] [Render thread/INFO] (Minecraft) [STDOUT]:    Mouse X: 233 (entre 227 e 239)? true
[21:19:34] [Render thread/INFO] (Minecraft) [STDOUT]:    Mouse Y: 67 (entre 63 e 75)? true
[21:19:34] [Render thread/INFO] (Minecraft) [STDOUT]: 🟢 HOVER DETECTADO NO ÍCONE INFO!
[21:19:34] [Render thread/INFO] (Minecraft) [STDOUT]:    Mouse X: 233 (entre 227 e 239)? true
[21:19:34] [Render thread/INFO] (Minecraft) [STDOUT]:    Mouse Y: 67 (entre 63 e 75)? true
[21:19:34] [Render thread/INFO] (Minecraft) [STDOUT]: 🟢 HOVER DETECTADO NO ÍCONE INFO!
[21:19:34] [Render thread/INFO] (Minecraft) [STDOUT]:    Mouse X: 233 (entre 227 e 239)? true
[21:19:34] [Render thread/INFO] (Minecraft) [STDOUT]:    Mouse Y: 67 (entre 63 e 75)? true
[21:19:34] [Render thread/INFO] (Minecraft) [STDOUT]: 🟢 HOVER DETECTADO NO ÍCONE INFO!
[21:19:34] [Render thread/INFO] (Minecraft) [STDOUT]:    Mouse X: 233 (entre 227 e 239)? true
[21:19:34] [Render thread/INFO] (Minecraft) [STDOUT]:    Mouse Y: 67 (entre 63 e 75)? true
[21:19:34] [Render thread/INFO] (Minecraft) [STDOUT]: 🟢 HOVER DETECTADO NO ÍCONE INFO!
[21:19:34] [Render thread/INFO] (Minecraft) [STDOUT]:    Mouse X: 233 (entre 227 e 239)? true
[21:19:34] [Render thread/INFO] (Minecraft) [STDOUT]:    Mouse Y: 67 (entre 63 e 75)? true
[21:19:34] [Render thread/INFO] (Minecraft) [STDOUT]: 🟢 HOVER DETECTADO NO ÍCONE INFO!
[21:19:34] [Render thread/INFO] (Minecraft) [STDOUT]:    Mouse X: 233 (entre 227 e 239)? true
[21:19:34] [Render thread/INFO] (Minecraft) [STDOUT]:    Mouse Y: 67 (entre 63 e 75)? true
[21:19:34] [Render thread/INFO] (Minecraft) [STDOUT]: 🟢 HOVER DETECTADO NO ÍCONE INFO!
[21:19:34] [Render thread/INFO] (Minecraft) [STDOUT]:    Mouse X: 233 (entre 227 e 239)? true
[21:19:34] [Render thread/INFO] (Minecraft) [STDOUT]:    Mouse Y: 67 (entre 63 e 75)? true
[21:19:34] [Render thread/INFO] (Minecraft) [STDOUT]: 🟢 HOVER DETECTADO NO ÍCONE INFO!
[21:19:34] [Render thread/INFO] (Minecraft) [STDOUT]:    Mouse X: 233 (entre 227 e 239)? true
[21:19:34] [Render thread/INFO] (Minecraft) [STDOUT]:    Mouse Y: 67 (entre 63 e 75)? true
[21:19:34] [Render thread/INFO] (Minecraft) [STDOUT]: 🟢 HOVER DETECTADO NO ÍCONE INFO!
[21:19:34] [Render thread/INFO] (Minecraft) [STDOUT]:    Mouse X: 233 (entre 227 e 239)? true
[21:19:34] [Render thread/INFO] (Minecraft) [STDOUT]:    Mouse Y: 67 (entre 63 e 75)? true
[21:19:34] [Render thread/INFO] (Minecraft) [STDOUT]: 🟢 HOVER DETECTADO NO ÍCONE INFO!
[21:19:34] [Render thread/INFO] (Minecraft) [STDOUT]:    Mouse X: 233 (entre 227 e 239)? true
[21:19:34] [Render thread/INFO] (Minecraft) [STDOUT]:    Mouse Y: 67 (entre 63 e 75)? true
[21:19:34] [Render thread/INFO] (Minecraft) [STDOUT]: 🟢 HOVER DETECTADO NO ÍCONE INFO!
[21:19:34] [Render thread/INFO] (Minecraft) [STDOUT]:    Mouse X: 233 (entre 227 e 239)? true
[21:19:34] [Render thread/INFO] (Minecraft) [STDOUT]:    Mouse Y: 67 (entre 63 e 75)? true
[21:19:34] [Render thread/INFO] (Minecraft) [STDOUT]: 🟢 HOVER DETECTADO NO ÍCONE INFO!
[21:19:34] [Render thread/INFO] (Minecraft) [STDOUT]:    Mouse X: 233 (entre 227 e 239)? true
[21:19:34] [Render thread/INFO] (Minecraft) [STDOUT]:    Mouse Y: 67 (entre 63 e 75)? true
[21:19:34] [Render thread/INFO] (Minecraft) [STDOUT]: 🟢 HOVER DETECTADO NO ÍCONE INFO!
[21:19:34] [Render thread/INFO] (Minecraft) [STDOUT]:    Mouse X: 233 (entre 227 e 239)? true
[21:19:34] [Render thread/INFO] (Minecraft) [STDOUT]:    Mouse Y: 67 (entre 63 e 75)? true
[21:19:34] [Render thread/INFO] (Minecraft) [STDOUT]: 🟢 HOVER DETECTADO NO ÍCONE INFO!
[21:19:34] [Render thread/INFO] (Minecraft) [STDOUT]:    Mouse X: 233 (entre 227 e 239)? true
[21:19:34] [Render thread/INFO] (Minecraft) [STDOUT]:    Mouse Y: 67 (entre 63 e 75)? true
[21:19:34] [Render thread/INFO] (Minecraft) [STDOUT]: 🟢 HOVER DETECTADO NO ÍCONE INFO!
[21:19:34] [Render thread/INFO] (Minecraft) [STDOUT]:    Mouse X: 233 (entre 227 e 239)? true
[21:19:34] [Render thread/INFO] (Minecraft) [STDOUT]:    Mouse Y: 67 (entre 63 e 75)? true
[21:19:34] [Render thread/INFO] (Minecraft) [STDOUT]: 🟢 HOVER DETECTADO NO ÍCONE INFO!
[21:19:34] [Render thread/INFO] (Minecraft) [STDOUT]:    Mouse X: 233 (entre 227 e 239)? true
[21:19:34] [Render thread/INFO] (Minecraft) [STDOUT]:    Mouse Y: 67 (entre 63 e 75)? true
[21:19:34] [Render thread/INFO] (Minecraft) [STDOUT]: 🟢 HOVER DETECTADO NO ÍCONE INFO!
[21:19:34] [Render thread/INFO] (Minecraft) [STDOUT]:    Mouse X: 233 (entre 227 e 239)? true
[21:19:34] [Render thread/INFO] (Minecraft) [STDOUT]:    Mouse Y: 67 (entre 63 e 75)? true
[21:19:34] [Render thread/INFO] (Minecraft) [STDOUT]: 🟢 HOVER DETECTADO NO ÍCONE INFO!
[21:19:34] [Render thread/INFO] (Minecraft) [STDOUT]:    Mouse X: 233 (entre 227 e 239)? true
[21:19:34] [Render thread/INFO] (Minecraft) [STDOUT]:    Mouse Y: 67 (entre 63 e 75)? true
[21:19:34] [Render thread/INFO] (Minecraft) [STDOUT]: 🟢 HOVER DETECTADO NO ÍCONE INFO!
[21:19:34] [Render thread/INFO] (Minecraft) [STDOUT]:    Mouse X: 233 (entre 227 e 239)? true
[21:19:34] [Render thread/INFO] (Minecraft) [STDOUT]:    Mouse Y: 67 (entre 63 e 75)? true
[21:19:34] [Render thread/INFO] (Minecraft) [STDOUT]: 🟢 HOVER DETECTADO NO ÍCONE INFO!
[21:19:34] [Render thread/INFO] (Minecraft) [STDOUT]:    Mouse X: 233 (entre 227 e 239)? true
[21:19:34] [Render thread/INFO] (Minecraft) [STDOUT]:    Mouse Y: 67 (entre 63 e 75)? true
[21:19:34] [Render thread/INFO] (Minecraft) [STDOUT]: 🟢 HOVER DETECTADO NO ÍCONE INFO!
[21:19:34] [Render thread/INFO] (Minecraft) [STDOUT]:    Mouse X: 233 (entre 227 e 239)? true
[21:19:34] [Render thread/INFO] (Minecraft) [STDOUT]:    Mouse Y: 67 (entre 63 e 75)? true
[21:19:34] [Render thread/INFO] (Minecraft) [STDOUT]: 🟢 HOVER DETECTADO NO ÍCONE INFO!
[21:19:34] [Render thread/INFO] (Minecraft) [STDOUT]:    Mouse X: 233 (entre 227 e 239)? true
[21:19:34] [Render thread/INFO] (Minecraft) [STDOUT]:    Mouse Y: 67 (entre 63 e 75)? true
[21:19:34] [Render thread/INFO] (Minecraft) [STDOUT]: 🟢 HOVER DETECTADO NO ÍCONE INFO!
[21:19:34] [Render thread/INFO] (Minecraft) [STDOUT]:    Mouse X: 233 (entre 227 e 239)? true
[21:19:34] [Render thread/INFO] (Minecraft) [STDOUT]:    Mouse Y: 67 (entre 63 e 75)? true
[21:19:34] [Render thread/INFO] (Minecraft) [STDOUT]: 🟢 HOVER DETECTADO NO ÍCONE INFO!
[21:19:34] [Render thread/INFO] (Minecraft) [STDOUT]:    Mouse X: 233 (entre 227 e 239)? true
[21:19:34] [Render thread/INFO] (Minecraft) [STDOUT]:    Mouse Y: 67 (entre 63 e 75)? true
[21:19:34] [Render thread/INFO] (Minecraft) [STDOUT]: 🟢 HOVER DETECTADO NO ÍCONE INFO!
[21:19:34] [Render thread/INFO] (Minecraft) [STDOUT]:    Mouse X: 233 (entre 227 e 239)? true
[21:19:34] [Render thread/INFO] (Minecraft) [STDOUT]:    Mouse Y: 67 (entre 63 e 75)? true
[21:19:34] [Render thread/INFO] (Minecraft) [STDOUT]: 🟢 HOVER DETECTADO NO ÍCONE INFO!
[21:19:34] [Render thread/INFO] (Minecraft) [STDOUT]:    Mouse X: 233 (entre 227 e 239)? true
[21:19:34] [Render thread/INFO] (Minecraft) [STDOUT]:    Mouse Y: 67 (entre 63 e 75)? true
[21:19:34] [Render thread/INFO] (Minecraft) [STDOUT]: 🟢 HOVER DETECTADO NO ÍCONE INFO!
[21:19:34] [Render thread/INFO] (Minecraft) [STDOUT]:    Mouse X: 233 (entre 227 e 239)? true
[21:19:34] [Render thread/INFO] (Minecraft) [STDOUT]:    Mouse Y: 67 (entre 63 e 75)? true
[21:19:34] [Render thread/INFO] (Minecraft) [STDOUT]: 🟢 HOVER DETECTADO NO ÍCONE INFO!
[21:19:34] [Render thread/INFO] (Minecraft) [STDOUT]:    Mouse X: 233 (entre 227 e 239)? true
[21:19:34] [Render thread/INFO] (Minecraft) [STDOUT]:    Mouse Y: 67 (entre 63 e 75)? true
[21:19:34] [Render thread/INFO] (Minecraft) [STDOUT]: 🟢 HOVER DETECTADO NO ÍCONE INFO!
[21:19:34] [Render thread/INFO] (Minecraft) [STDOUT]:    Mouse X: 233 (entre 227 e 239)? true
[21:19:34] [Render thread/INFO] (Minecraft) [STDOUT]:    Mouse Y: 67 (entre 63 e 75)? true
[21:19:34] [Render thread/INFO] (Minecraft) [STDOUT]: 🟢 HOVER DETECTADO NO ÍCONE INFO!
[21:19:34] [Render thread/INFO] (Minecraft) [STDOUT]:    Mouse X: 233 (entre 227 e 239)? true
[21:19:34] [Render thread/INFO] (Minecraft) [STDOUT]:    Mouse Y: 67 (entre 63 e 75)? true
[21:19:34] [Render thread/INFO] (Minecraft) [STDOUT]: 🟢 HOVER DETECTADO NO ÍCONE INFO!
[21:19:34] [Render thread/INFO] (Minecraft) [STDOUT]:    Mouse X: 233 (entre 227 e 239)? true
[21:19:34] [Render thread/INFO] (Minecraft) [STDOUT]:    Mouse Y: 67 (entre 63 e 75)? true
[21:19:34] [Render thread/INFO] (Minecraft) [STDOUT]: 🟢 HOVER DETECTADO NO ÍCONE INFO!
[21:19:34] [Render thread/INFO] (Minecraft) [STDOUT]:    Mouse X: 233 (entre 227 e 239)? true
[21:19:34] [Render thread/INFO] (Minecraft) [STDOUT]:    Mouse Y: 67 (entre 63 e 75)? true
[21:19:34] [Render thread/INFO] (Minecraft) [STDOUT]: 🟢 HOVER DETECTADO NO ÍCONE INFO!
[21:19:34] [Render thread/INFO] (Minecraft) [STDOUT]:    Mouse X: 233 (entre 227 e 239)? true
[21:19:34] [Render thread/INFO] (Minecraft) [STDOUT]:    Mouse Y: 67 (entre 63 e 75)? true
[21:19:34] [Render thread/INFO] (Minecraft) [STDOUT]: 🟢 HOVER DETECTADO NO ÍCONE INFO!
[21:19:34] [Render thread/INFO] (Minecraft) [STDOUT]:    Mouse X: 233 (entre 227 e 239)? true
[21:19:34] [Render thread/INFO] (Minecraft) [STDOUT]:    Mouse Y: 67 (entre 63 e 75)? true
[21:19:34] [Render thread/INFO] (Minecraft) [STDOUT]: 🟢 HOVER DETECTADO NO ÍCONE INFO!
[21:19:34] [Render thread/INFO] (Minecraft) [STDOUT]:    Mouse X: 233 (entre 227 e 239)? true
[21:19:34] [Render thread/INFO] (Minecraft) [STDOUT]:    Mouse Y: 67 (entre 63 e 75)? true
[21:19:34] [Render thread/INFO] (Minecraft) [STDOUT]: 🟢 HOVER DETECTADO NO ÍCONE INFO!
[21:19:34] [Render thread/INFO] (Minecraft) [STDOUT]:    Mouse X: 233 (entre 227 e 239)? true
[21:19:34] [Render thread/INFO] (Minecraft) [STDOUT]:    Mouse Y: 67 (entre 63 e 75)? true
[21:19:34] [Render thread/INFO] (Minecraft) [STDOUT]: 🟢 HOVER DETECTADO NO ÍCONE INFO!
[21:19:34] [Render thread/INFO] (Minecraft) [STDOUT]:    Mouse X: 233 (entre 227 e 239)? true
[21:19:34] [Render thread/INFO] (Minecraft) [STDOUT]:    Mouse Y: 67 (entre 63 e 75)? true
[21:19:34] [Render thread/INFO] (Minecraft) [STDOUT]: 🟢 HOVER DETECTADO NO ÍCONE INFO!
[21:19:34] [Render thread/INFO] (Minecraft) [STDOUT]:    Mouse X: 233 (entre 227 e 239)? true
[21:19:34] [Render thread/INFO] (Minecraft) [STDOUT]:    Mouse Y: 67 (entre 63 e 75)? true
[21:19:34] [Render thread/INFO] (Minecraft) [STDOUT]: 🟢 HOVER DETECTADO NO ÍCONE INFO!
[21:19:34] [Render thread/INFO] (Minecraft) [STDOUT]:    Mouse X: 233 (entre 227 e 239)? true
[21:19:34] [Render thread/INFO] (Minecraft) [STDOUT]:    Mouse Y: 67 (entre 63 e 75)? true
[21:19:34] [Render thread/INFO] (Minecraft) [STDOUT]: 🟢 HOVER DETECTADO NO ÍCONE INFO!
[21:19:34] [Render thread/INFO] (Minecraft) [STDOUT]:    Mouse X: 233 (entre 227 e 239)? true
[21:19:34] [Render thread/INFO] (Minecraft) [STDOUT]:    Mouse Y: 67 (entre 63 e 75)? true
[21:19:34] [Render thread/INFO] (Minecraft) [STDOUT]: 🟢 HOVER DETECTADO NO ÍCONE INFO!
[21:19:34] [Render thread/INFO] (Minecraft) [STDOUT]:    Mouse X: 233 (entre 227 e 239)? true
[21:19:34] [Render thread/INFO] (Minecraft) [STDOUT]:    Mouse Y: 67 (entre 63 e 75)? true
[21:19:34] [Render thread/INFO] (Minecraft) [STDOUT]: 🟢 HOVER DETECTADO NO ÍCONE INFO!
[21:19:34] [Render thread/INFO] (Minecraft) [STDOUT]:    Mouse X: 233 (entre 227 e 239)? true
[21:19:34] [Render thread/INFO] (Minecraft) [STDOUT]:    Mouse Y: 67 (entre 63 e 75)? true
[21:19:34] [Render thread/INFO] (Minecraft) [STDOUT]: 🟢 HOVER DETECTADO NO ÍCONE INFO!
[21:19:34] [Render thread/INFO] (Minecraft) [STDOUT]:    Mouse X: 233 (entre 227 e 239)? true
[21:19:34] [Render thread/INFO] (Minecraft) [STDOUT]:    Mouse Y: 67 (entre 63 e 75)? true
[21:19:34] [Render thread/INFO] (Minecraft) [STDOUT]: 🟢 HOVER DETECTADO NO ÍCONE INFO!
[21:19:34] [Render thread/INFO] (Minecraft) [STDOUT]:    Mouse X: 233 (entre 227 e 239)? true
[21:19:34] [Render thread/INFO] (Minecraft) [STDOUT]:    Mouse Y: 67 (entre 63 e 75)? true
[21:19:34] [Render thread/INFO] (Minecraft) [STDOUT]: 🟢 HOVER DETECTADO NO ÍCONE INFO!
[21:19:34] [Render thread/INFO] (Minecraft) [STDOUT]:    Mouse X: 233 (entre 227 e 239)? true
[21:19:34] [Render thread/INFO] (Minecraft) [STDOUT]:    Mouse Y: 67 (entre 63 e 75)? true
[21:19:34] [Render thread/INFO] (Minecraft) [STDOUT]: 🟢 HOVER DETECTADO NO ÍCONE INFO!
[21:19:34] [Render thread/INFO] (Minecraft) [STDOUT]:    Mouse X: 233 (entre 227 e 239)? true
[21:19:34] [Render thread/INFO] (Minecraft) [STDOUT]:    Mouse Y: 67 (entre 63 e 75)? true
[21:19:34] [Render thread/INFO] (Minecraft) [STDOUT]: 🟢 HOVER DETECTADO NO ÍCONE INFO!
[21:19:34] [Render thread/INFO] (Minecraft) [STDOUT]:    Mouse X: 233 (entre 227 e 239)? true
[21:19:34] [Render thread/INFO] (Minecraft) [STDOUT]:    Mouse Y: 67 (entre 63 e 75)? true
[21:19:34] [Render thread/INFO] (Minecraft) [STDOUT]: 🟢 HOVER DETECTADO NO ÍCONE INFO!
[21:19:34] [Render thread/INFO] (Minecraft) [STDOUT]:    Mouse X: 233 (entre 227 e 239)? true
[21:19:34] [Render thread/INFO] (Minecraft) [STDOUT]:    Mouse Y: 67 (entre 63 e 75)? true
[21:19:34] [Render thread/INFO] (Minecraft) [STDOUT]: 🟢 HOVER DETECTADO NO ÍCONE INFO!
[21:19:34] [Render thread/INFO] (Minecraft) [STDOUT]:    Mouse X: 233 (entre 227 e 239)? true
[21:19:34] [Render thread/INFO] (Minecraft) [STDOUT]:    Mouse Y: 67 (entre 63 e 75)? true
[21:19:34] [Render thread/INFO] (Minecraft) [STDOUT]: 🟢 HOVER DETECTADO NO ÍCONE INFO!
[21:19:34] [Render thread/INFO] (Minecraft) [STDOUT]:    Mouse X: 233 (entre 227 e 239)? true
[21:19:34] [Render thread/INFO] (Minecraft) [STDOUT]:    Mouse Y: 67 (entre 63 e 75)? true
[21:19:34] [Render thread/INFO] (Minecraft) [STDOUT]: 🟢 HOVER DETECTADO NO ÍCONE INFO!
[21:19:34] [Render thread/INFO] (Minecraft) [STDOUT]:    Mouse X: 233 (entre 227 e 239)? true
[21:19:34] [Render thread/INFO] (Minecraft) [STDOUT]:    Mouse Y: 67 (entre 63 e 75)? true
[21:19:34] [Render thread/INFO] (Minecraft) [STDOUT]: 🟢 HOVER DETECTADO NO ÍCONE INFO!
[21:19:34] [Render thread/INFO] (Minecraft) [STDOUT]:    Mouse X: 233 (entre 227 e 239)? true
[21:19:34] [Render thread/INFO] (Minecraft) [STDOUT]:    Mouse Y: 67 (entre 63 e 75)? true
[21:19:34] [Render thread/INFO] (Minecraft) [STDOUT]: 🟢 HOVER DETECTADO NO ÍCONE INFO!
[21:19:34] [Render thread/INFO] (Minecraft) [STDOUT]:    Mouse X: 233 (entre 227 e 239)? true
[21:19:34] [Render thread/INFO] (Minecraft) [STDOUT]:    Mouse Y: 67 (entre 63 e 75)? true
[21:19:34] [Render thread/INFO] (Minecraft) [STDOUT]: 🟢 HOVER DETECTADO NO ÍCONE INFO!
[21:19:34] [Render thread/INFO] (Minecraft) [STDOUT]:    Mouse X: 233 (entre 227 e 239)? true
[21:19:34] [Render thread/INFO] (Minecraft) [STDOUT]:    Mouse Y: 67 (entre 63 e 75)? true
[21:19:34] [Render thread/INFO] (Minecraft) [STDOUT]: 🟢 HOVER DETECTADO NO ÍCONE INFO!
[21:19:34] [Render thread/INFO] (Minecraft) [STDOUT]:    Mouse X: 233 (entre 227 e 239)? true
[21:19:34] [Render thread/INFO] (Minecraft) [STDOUT]:    Mouse Y: 67 (entre 63 e 75)? true
[21:19:34] [Render thread/INFO] (Minecraft) [STDOUT]: 🟢 HOVER DETECTADO NO ÍCONE INFO!
[21:19:34] [Render thread/INFO] (Minecraft) [STDOUT]:    Mouse X: 233 (entre 227 e 239)? true
[21:19:34] [Render thread/INFO] (Minecraft) [STDOUT]:    Mouse Y: 67 (entre 63 e 75)? true
[21:19:34] [Render thread/INFO] (Minecraft) [STDOUT]: 🟢 HOVER DETECTADO NO ÍCONE INFO!
[21:19:34] [Render thread/INFO] (Minecraft) [STDOUT]:    Mouse X: 233 (entre 227 e 239)? true
[21:19:34] [Render thread/INFO] (Minecraft) [STDOUT]:    Mouse Y: 67 (entre 63 e 75)? true
[21:19:34] [Render thread/INFO] (Minecraft) [STDOUT]: 🟢 HOVER DETECTADO NO ÍCONE INFO!
[21:19:34] [Render thread/INFO] (Minecraft) [STDOUT]:    Mouse X: 233 (entre 227 e 239)? true
[21:19:34] [Render thread/INFO] (Minecraft) [STDOUT]:    Mouse Y: 67 (entre 63 e 75)? true
[21:19:34] [Render thread/INFO] (Minecraft) [STDOUT]: 🟢 HOVER DETECTADO NO ÍCONE INFO!
[21:19:34] [Render thread/INFO] (Minecraft) [STDOUT]:    Mouse X: 233 (entre 227 e 239)? true
[21:19:34] [Render thread/INFO] (Minecraft) [STDOUT]:    Mouse Y: 67 (entre 63 e 75)? true
[21:19:34] [Render thread/INFO] (Minecraft) [STDOUT]: 🟢 HOVER DETECTADO NO ÍCONE INFO!
[21:19:34] [Render thread/INFO] (Minecraft) [STDOUT]:    Mouse X: 233 (entre 227 e 239)? true
[21:19:34] [Render thread/INFO] (Minecraft) [STDOUT]:    Mouse Y: 67 (entre 63 e 75)? true
[21:19:34] [Render thread/INFO] (Minecraft) [STDOUT]: 🟢 HOVER DETECTADO NO ÍCONE INFO!
[21:19:34] [Render thread/INFO] (Minecraft) [STDOUT]:    Mouse X: 233 (entre 227 e 239)? true
[21:19:34] [Render thread/INFO] (Minecraft) [STDOUT]:    Mouse Y: 67 (entre 63 e 75)? true
[21:19:34] [Render thread/INFO] (Minecraft) [STDOUT]: 🟢 HOVER DETECTADO NO ÍCONE INFO!
[21:19:34] [Render thread/INFO] (Minecraft) [STDOUT]:    Mouse X: 233 (entre 227 e 239)? true
[21:19:34] [Render thread/INFO] (Minecraft) [STDOUT]:    Mouse Y: 67 (entre 63 e 75)? true
[21:19:34] [Render thread/INFO] (Minecraft) [STDOUT]: 🟢 HOVER DETECTADO NO ÍCONE INFO!
[21:19:34] [Render thread/INFO] (Minecraft) [STDOUT]:    Mouse X: 233 (entre 227 e 239)? true
[21:19:34] [Render thread/INFO] (Minecraft) [STDOUT]:    Mouse Y: 67 (entre 63 e 75)? true
[21:19:34] [Render thread/INFO] (Minecraft) [STDOUT]: 🟢 HOVER DETECTADO NO ÍCONE INFO!
[21:19:34] [Render thread/INFO] (Minecraft) [STDOUT]:    Mouse X: 233 (entre 227 e 239)? true
[21:19:34] [Render thread/INFO] (Minecraft) [STDOUT]:    Mouse Y: 67 (entre 63 e 75)? true
[21:19:34] [Render thread/INFO] (Minecraft) [STDOUT]: 🟢 HOVER DETECTADO NO ÍCONE INFO!
[21:19:34] [Render thread/INFO] (Minecraft) [STDOUT]:    Mouse X: 233 (entre 227 e 239)? true
[21:19:34] [Render thread/INFO] (Minecraft) [STDOUT]:    Mouse Y: 67 (entre 63 e 75)? true
[21:19:34] [Render thread/INFO] (Minecraft) [STDOUT]: 🟢 HOVER DETECTADO NO ÍCONE INFO!
[21:19:34] [Render thread/INFO] (Minecraft) [STDOUT]:    Mouse X: 233 (entre 227 e 239)? true
[21:19:34] [Render thread/INFO] (Minecraft) [STDOUT]:    Mouse Y: 67 (entre 63 e 75)? true
[21:19:34] [Render thread/INFO] (Minecraft) [STDOUT]: 🟢 HOVER DETECTADO NO ÍCONE INFO!
[21:19:34] [Render thread/INFO] (Minecraft) [STDOUT]:    Mouse X: 233 (entre 227 e 239)? true
[21:19:34] [Render thread/INFO] (Minecraft) [STDOUT]:    Mouse Y: 67 (entre 63 e 75)? true
[21:19:34] [Render thread/INFO] (Minecraft) [STDOUT]: 🟢 HOVER DETECTADO NO ÍCONE INFO!
[21:19:34] [Render thread/INFO] (Minecraft) [STDOUT]:    Mouse X: 233 (entre 227 e 239)? true
[21:19:34] [Render thread/INFO] (Minecraft) [STDOUT]:    Mouse Y: 67 (entre 63 e 75)? true
[21:19:34] [Render thread/INFO] (Minecraft) [STDOUT]: 🟢 HOVER DETECTADO NO ÍCONE INFO!
[21:19:34] [Render thread/INFO] (Minecraft) [STDOUT]:    Mouse X: 233 (entre 227 e 239)? true
[21:19:34] [Render thread/INFO] (Minecraft) [STDOUT]:    Mouse Y: 67 (entre 63 e 75)? true
[21:19:34] [Render thread/INFO] (Minecraft) [STDOUT]: 🟢 HOVER DETECTADO NO ÍCONE INFO!
[21:19:34] [Render thread/INFO] (Minecraft) [STDOUT]:    Mouse X: 233 (entre 227 e 239)? true
[21:19:34] [Render thread/INFO] (Minecraft) [STDOUT]:    Mouse Y: 67 (entre 63 e 75)? true
[21:19:34] [Render thread/INFO] (Minecraft) [STDOUT]: 🟢 HOVER DETECTADO NO ÍCONE INFO!
[21:19:34] [Render thread/INFO] (Minecraft) [STDOUT]:    Mouse X: 233 (entre 227 e 239)? true
[21:19:34] [Render thread/INFO] (Minecraft) [STDOUT]:    Mouse Y: 67 (entre 63 e 75)? true
[21:19:34] [Render thread/INFO] (Minecraft) [STDOUT]: 🟢 HOVER DETECTADO NO ÍCONE INFO!
[21:19:34] [Render thread/INFO] (Minecraft) [STDOUT]:    Mouse X: 233 (entre 227 e 239)? true
[21:19:34] [Render thread/INFO] (Minecraft) [STDOUT]:    Mouse Y: 67 (entre 63 e 75)? true
[21:19:34] [Render thread/INFO] (Minecraft) [STDOUT]: 🟢 HOVER DETECTADO NO ÍCONE INFO!
[21:19:34] [Render thread/INFO] (Minecraft) [STDOUT]:    Mouse X: 233 (entre 227 e 239)? true
[21:19:34] [Render thread/INFO] (Minecraft) [STDOUT]:    Mouse Y: 67 (entre 63 e 75)? true
[21:19:34] [Render thread/INFO] (Minecraft) [STDOUT]: 🟢 HOVER DETECTADO NO ÍCONE INFO!
[21:19:34] [Render thread/INFO] (Minecraft) [STDOUT]:    Mouse X: 233 (entre 227 e 239)? true
[21:19:34] [Render thread/INFO] (Minecraft) [STDOUT]:    Mouse Y: 67 (entre 63 e 75)? true
[21:19:34] [Render thread/INFO] (Minecraft) [STDOUT]: 🟢 HOVER DETECTADO NO ÍCONE INFO!
[21:19:34] [Render thread/INFO] (Minecraft) [STDOUT]:    Mouse X: 233 (entre 227 e 239)? true
[21:19:34] [Render thread/INFO] (Minecraft) [STDOUT]:    Mouse Y: 67 (entre 63 e 75)? true
[21:19:34] [Render thread/INFO] (Minecraft) [STDOUT]: 🟢 HOVER DETECTADO NO ÍCONE INFO!
[21:19:34] [Render thread/INFO] (Minecraft) [STDOUT]:    Mouse X: 233 (entre 227 e 239)? true
[21:19:34] [Render thread/INFO] (Minecraft) [STDOUT]:    Mouse Y: 67 (entre 63 e 75)? true
[21:19:34] [Render thread/INFO] (Minecraft) [STDOUT]: 🟢 HOVER DETECTADO NO ÍCONE INFO!
[21:19:34] [Render thread/INFO] (Minecraft) [STDOUT]:    Mouse X: 233 (entre 227 e 239)? true
[21:19:34] [Render thread/INFO] (Minecraft) [STDOUT]:    Mouse Y: 67 (entre 63 e 75)? true
[21:19:34] [Render thread/INFO] (Minecraft) [STDOUT]: 🟢 HOVER DETECTADO NO ÍCONE INFO!
[21:19:34] [Render thread/INFO] (Minecraft) [STDOUT]:    Mouse X: 233 (entre 227 e 239)? true
[21:19:34] [Render thread/INFO] (Minecraft) [STDOUT]:    Mouse Y: 67 (entre 63 e 75)? true
[21:19:34] [Render thread/INFO] (Minecraft) [STDOUT]: 🟢 HOVER DETECTADO NO ÍCONE INFO!
[21:19:34] [Render thread/INFO] (Minecraft) [STDOUT]:    Mouse X: 233 (entre 227 e 239)? true
[21:19:34] [Render thread/INFO] (Minecraft) [STDOUT]:    Mouse Y: 67 (entre 63 e 75)? true
[21:19:34] [Render thread/INFO] (Minecraft) [STDOUT]: 🟢 HOVER DETECTADO NO ÍCONE INFO!
[21:19:34] [Render thread/INFO] (Minecraft) [STDOUT]:    Mouse X: 233 (entre 227 e 239)? true
[21:19:34] [Render thread/INFO] (Minecraft) [STDOUT]:    Mouse Y: 67 (entre 63 e 75)? true
[21:19:34] [Render thread/INFO] (Minecraft) [STDOUT]: 🟢 HOVER DETECTADO NO ÍCONE INFO!
[21:19:34] [Render thread/INFO] (Minecraft) [STDOUT]:    Mouse X: 233 (entre 227 e 239)? true
[21:19:34] [Render thread/INFO] (Minecraft) [STDOUT]:    Mouse Y: 67 (entre 63 e 75)? true
[21:19:34] [Render thread/INFO] (Minecraft) [STDOUT]: 🟢 HOVER DETECTADO NO ÍCONE INFO!
[21:19:34] [Render thread/INFO] (Minecraft) [STDOUT]:    Mouse X: 233 (entre 227 e 239)? true
[21:19:34] [Render thread/INFO] (Minecraft) [STDOUT]:    Mouse Y: 67 (entre 63 e 75)? true
[21:19:34] [Render thread/INFO] (Minecraft) [STDOUT]: 🟢 HOVER DETECTADO NO ÍCONE INFO!
[21:19:34] [Render thread/INFO] (Minecraft) [STDOUT]:    Mouse X: 233 (entre 227 e 239)? true
[21:19:34] [Render thread/INFO] (Minecraft) [STDOUT]:    Mouse Y: 67 (entre 63 e 75)? true
[21:19:34] [Render thread/INFO] (Minecraft) [STDOUT]: 🟢 HOVER DETECTADO NO ÍCONE INFO!
[21:19:34] [Render thread/INFO] (Minecraft) [STDOUT]:    Mouse X: 233 (entre 227 e 239)? true
[21:19:34] [Render thread/INFO] (Minecraft) [STDOUT]:    Mouse Y: 67 (entre 63 e 75)? true
[21:19:34] [Render thread/INFO] (Minecraft) [STDOUT]: 🟢 HOVER DETECTADO NO ÍCONE INFO!
[21:19:34] [Render thread/INFO] (Minecraft) [STDOUT]:    Mouse X: 233 (entre 227 e 239)? true
[21:19:34] [Render thread/INFO] (Minecraft) [STDOUT]:    Mouse Y: 67 (entre 63 e 75)? true
[21:19:34] [Render thread/INFO] (Minecraft) [STDOUT]: 🟢 HOVER DETECTADO NO ÍCONE INFO!
[21:19:34] [Render thread/INFO] (Minecraft) [STDOUT]:    Mouse X: 233 (entre 227 e 239)? true
[21:19:34] [Render thread/INFO] (Minecraft) [STDOUT]:    Mouse Y: 67 (entre 63 e 75)? true
[21:19:34] [Render thread/INFO] (Minecraft) [STDOUT]: 🟢 HOVER DETECTADO NO ÍCONE INFO!
[21:19:34] [Render thread/INFO] (Minecraft) [STDOUT]:    Mouse X: 233 (entre 227 e 239)? true
[21:19:34] [Render thread/INFO] (Minecraft) [STDOUT]:    Mouse Y: 67 (entre 63 e 75)? true
[21:19:34] [Render thread/INFO] (Minecraft) [STDOUT]: 🟢 HOVER DETECTADO NO ÍCONE INFO!
[21:19:34] [Render thread/INFO] (Minecraft) [STDOUT]:    Mouse X: 233 (entre 227 e 239)? true
[21:19:34] [Render thread/INFO] (Minecraft) [STDOUT]:    Mouse Y: 67 (entre 63 e 75)? true
[21:19:34] [Render thread/INFO] (Minecraft) [STDOUT]: 🟢 HOVER DETECTADO NO ÍCONE INFO!
[21:19:34] [Render thread/INFO] (Minecraft) [STDOUT]:    Mouse X: 233 (entre 227 e 239)? true
[21:19:34] [Render thread/INFO] (Minecraft) [STDOUT]:    Mouse Y: 67 (entre 63 e 75)? true
[21:19:34] [Render thread/INFO] (Minecraft) [STDOUT]: 🟢 HOVER DETECTADO NO ÍCONE INFO!
[21:19:34] [Render thread/INFO] (Minecraft) [STDOUT]:    Mouse X: 233 (entre 227 e 239)? true
[21:19:34] [Render thread/INFO] (Minecraft) [STDOUT]:    Mouse Y: 67 (entre 63 e 75)? true
[21:19:34] [Render thread/INFO] (Minecraft) [STDOUT]: 🟢 HOVER DETECTADO NO ÍCONE INFO!
[21:19:34] [Render thread/INFO] (Minecraft) [STDOUT]:    Mouse X: 233 (entre 227 e 239)? true
[21:19:34] [Render thread/INFO] (Minecraft) [STDOUT]:    Mouse Y: 67 (entre 63 e 75)? true
[21:19:34] [Render thread/INFO] (Minecraft) [STDOUT]: 🟢 HOVER DETECTADO NO ÍCONE INFO!
[21:19:34] [Render thread/INFO] (Minecraft) [STDOUT]:    Mouse X: 233 (entre 227 e 239)? true
[21:19:34] [Render thread/INFO] (Minecraft) [STDOUT]:    Mouse Y: 67 (entre 63 e 75)? true
[21:19:34] [Render thread/INFO] (Minecraft) [STDOUT]: 🟢 HOVER DETECTADO NO ÍCONE INFO!
[21:19:34] [Render thread/INFO] (Minecraft) [STDOUT]:    Mouse X: 233 (entre 227 e 239)? true
[21:19:34] [Render thread/INFO] (Minecraft) [STDOUT]:    Mouse Y: 67 (entre 63 e 75)? true
[21:19:34] [Render thread/INFO] (Minecraft) [STDOUT]: 🟢 HOVER DETECTADO NO ÍCONE INFO!
[21:19:34] [Render thread/INFO] (Minecraft) [STDOUT]:    Mouse X: 233 (entre 227 e 239)? true
[21:19:34] [Render thread/INFO] (Minecraft) [STDOUT]:    Mouse Y: 67 (entre 63 e 75)? true
[21:19:34] [Render thread/INFO] (Minecraft) [STDOUT]: 🟢 HOVER DETECTADO NO ÍCONE INFO!
[21:19:34] [Render thread/INFO] (Minecraft) [STDOUT]:    Mouse X: 233 (entre 227 e 239)? true
[21:19:34] [Render thread/INFO] (Minecraft) [STDOUT]:    Mouse Y: 67 (entre 63 e 75)? true
[21:19:34] [Render thread/INFO] (Minecraft) [STDOUT]: 🟢 HOVER DETECTADO NO ÍCONE INFO!
[21:19:34] [Render thread/INFO] (Minecraft) [STDOUT]:    Mouse X: 233 (entre 227 e 239)? true
[21:19:34] [Render thread/INFO] (Minecraft) [STDOUT]:    Mouse Y: 67 (entre 63 e 75)? true
[21:19:34] [Render thread/INFO] (Minecraft) [STDOUT]: 🟢 HOVER DETECTADO NO ÍCONE INFO!
[21:19:34] [Render thread/INFO] (Minecraft) [STDOUT]:    Mouse X: 233 (entre 227 e 239)? true
[21:19:34] [Render thread/INFO] (Minecraft) [STDOUT]:    Mouse Y: 67 (entre 63 e 75)? true
[21:19:34] [Render thread/INFO] (Minecraft) [STDOUT]: 🟢 HOVER DETECTADO NO ÍCONE INFO!
[21:19:34] [Render thread/INFO] (Minecraft) [STDOUT]:    Mouse X: 233 (entre 227 e 239)? true
[21:19:34] [Render thread/INFO] (Minecraft) [STDOUT]:    Mouse Y: 67 (entre 63 e 75)? true
[21:19:34] [Render thread/INFO] (Minecraft) [STDOUT]: 🟢 HOVER DETECTADO NO ÍCONE INFO!
[21:19:34] [Render thread/INFO] (Minecraft) [STDOUT]:    Mouse X: 233 (entre 227 e 239)? true
[21:19:34] [Render thread/INFO] (Minecraft) [STDOUT]:    Mouse Y: 67 (entre 63 e 75)? true
[21:19:34] [Render thread/INFO] (Minecraft) [STDOUT]: 🟢 HOVER DETECTADO NO ÍCONE INFO!
[21:19:34] [Render thread/INFO] (Minecraft) [STDOUT]:    Mouse X: 233 (entre 227 e 239)? true
[21:19:34] [Render thread/INFO] (Minecraft) [STDOUT]:    Mouse Y: 67 (entre 63 e 75)? true
[21:19:34] [Render thread/INFO] (Minecraft) [STDOUT]: 🟢 HOVER DETECTADO NO ÍCONE INFO!
[21:19:34] [Render thread/INFO] (Minecraft) [STDOUT]:    Mouse X: 233 (entre 227 e 239)? true
[21:19:34] [Render thread/INFO] (Minecraft) [STDOUT]:    Mouse Y: 67 (entre 63 e 75)? true
[21:19:34] [Render thread/INFO] (Minecraft) [STDOUT]: 🟢 HOVER DETECTADO NO ÍCONE INFO!
[21:19:34] [Render thread/INFO] (Minecraft) [STDOUT]:    Mouse X: 233 (entre 227 e 239)? true
[21:19:34] [Render thread/INFO] (Minecraft) [STDOUT]:    Mouse Y: 67 (entre 63 e 75)? true
[21:19:34] [Render thread/INFO] (Minecraft) [STDOUT]: 🟢 HOVER DETECTADO NO ÍCONE INFO!
[21:19:34] [Render thread/INFO] (Minecraft) [STDOUT]:    Mouse X: 233 (entre 227 e 239)? true
[21:19:34] [Render thread/INFO] (Minecraft) [STDOUT]:    Mouse Y: 67 (entre 63 e 75)? true
[21:19:35] [Render thread/INFO] (Minecraft) [STDOUT]: 🟢 HOVER DETECTADO NO ÍCONE INFO!
[21:19:35] [Render thread/INFO] (Minecraft) [STDOUT]:    Mouse X: 233 (entre 227 e 239)? true
[21:19:35] [Render thread/INFO] (Minecraft) [STDOUT]:    Mouse Y: 67 (entre 63 e 75)? true
[21:19:35] [Render thread/INFO] (Minecraft) [STDOUT]: 🟢 HOVER DETECTADO NO ÍCONE INFO!
[21:19:35] [Render thread/INFO] (Minecraft) [STDOUT]:    Mouse X: 233 (entre 227 e 239)? true
[21:19:35] [Render thread/INFO] (Minecraft) [STDOUT]:    Mouse Y: 67 (entre 63 e 75)? true
[21:19:35] [Render thread/INFO] (Minecraft) [STDOUT]: 🟢 HOVER DETECTADO NO ÍCONE INFO!
[21:19:35] [Render thread/INFO] (Minecraft) [STDOUT]:    Mouse X: 233 (entre 227 e 239)? true
[21:19:35] [Render thread/INFO] (Minecraft) [STDOUT]:    Mouse Y: 67 (entre 63 e 75)? true
[21:19:35] [Render thread/INFO] (Minecraft) [STDOUT]: 🟢 HOVER DETECTADO NO ÍCONE INFO!
[21:19:35] [Render thread/INFO] (Minecraft) [STDOUT]:    Mouse X: 233 (entre 227 e 239)? true
[21:19:35] [Render thread/INFO] (Minecraft) [STDOUT]:    Mouse Y: 67 (entre 63 e 75)? true
[21:19:35] [Render thread/INFO] (Minecraft) [STDOUT]: 🟢 HOVER DETECTADO NO ÍCONE INFO!
[21:19:35] [Render thread/INFO] (Minecraft) [STDOUT]:    Mouse X: 233 (entre 227 e 239)? true
[21:19:35] [Render thread/INFO] (Minecraft) [STDOUT]:    Mouse Y: 67 (entre 63 e 75)? true
[21:19:35] [Render thread/INFO] (Minecraft) [STDOUT]: 🟢 HOVER DETECTADO NO ÍCONE INFO!
[21:19:35] [Render thread/INFO] (Minecraft) [STDOUT]:    Mouse X: 233 (entre 227 e 239)? true
[21:19:35] [Render thread/INFO] (Minecraft) [STDOUT]:    Mouse Y: 67 (entre 63 e 75)? true
[21:19:35] [Render thread/INFO] (Minecraft) [STDOUT]: 🟢 HOVER DETECTADO NO ÍCONE INFO!
[21:19:35] [Render thread/INFO] (Minecraft) [STDOUT]:    Mouse X: 233 (entre 227 e 239)? true
[21:19:35] [Render thread/INFO] (Minecraft) [STDOUT]:    Mouse Y: 67 (entre 63 e 75)? true
[21:19:35] [Render thread/INFO] (Minecraft) [STDOUT]: 🟢 HOVER DETECTADO NO ÍCONE INFO!
[21:19:35] [Render thread/INFO] (Minecraft) [STDOUT]:    Mouse X: 233 (entre 227 e 239)? true
[21:19:35] [Render thread/INFO] (Minecraft) [STDOUT]:    Mouse Y: 67 (entre 63 e 75)? true
[21:19:35] [Render thread/INFO] (Minecraft) [STDOUT]: 🟢 HOVER DETECTADO NO ÍCONE INFO!
[21:19:35] [Render thread/INFO] (Minecraft) [STDOUT]:    Mouse X: 233 (entre 227 e 239)? true
[21:19:35] [Render thread/INFO] (Minecraft) [STDOUT]:    Mouse Y: 67 (entre 63 e 75)? true
[21:19:35] [Render thread/INFO] (Minecraft) [STDOUT]: 🟢 HOVER DETECTADO NO ÍCONE INFO!
[21:19:35] [Render thread/INFO] (Minecraft) [STDOUT]:    Mouse X: 233 (entre 227 e 239)? true
[21:19:35] [Render thread/INFO] (Minecraft) [STDOUT]:    Mouse Y: 67 (entre 63 e 75)? true
[21:19:35] [Render thread/INFO] (Minecraft) [STDOUT]: 🟢 HOVER DETECTADO NO ÍCONE INFO!
[21:19:35] [Render thread/INFO] (Minecraft) [STDOUT]:    Mouse X: 233 (entre 227 e 239)? true
[21:19:35] [Render thread/INFO] (Minecraft) [STDOUT]:    Mouse Y: 67 (entre 63 e 75)? true
[21:19:35] [Render thread/INFO] (Minecraft) [STDOUT]: 🟢 HOVER DETECTADO NO ÍCONE INFO!
[21:19:35] [Render thread/INFO] (Minecraft) [STDOUT]:    Mouse X: 233 (entre 227 e 239)? true
[21:19:35] [Render thread/INFO] (Minecraft) [STDOUT]:    Mouse Y: 67 (entre 63 e 75)? true
[21:19:35] [Render thread/INFO] (Minecraft) [STDOUT]: 🟢 HOVER DETECTADO NO ÍCONE INFO!
[21:19:35] [Render thread/INFO] (Minecraft) [STDOUT]:    Mouse X: 233 (entre 227 e 239)? true
[21:19:35] [Render thread/INFO] (Minecraft) [STDOUT]:    Mouse Y: 67 (entre 63 e 75)? true
[21:19:35] [Render thread/INFO] (Minecraft) [STDOUT]: 🟢 HOVER DETECTADO NO ÍCONE INFO!
[21:19:35] [Render thread/INFO] (Minecraft) [STDOUT]:    Mouse X: 233 (entre 227 e 239)? true
[21:19:35] [Render thread/INFO] (Minecraft) [STDOUT]:    Mouse Y: 67 (entre 63 e 75)? true
[21:19:35] [Render thread/INFO] (Minecraft) [STDOUT]: 🟢 HOVER DETECTADO NO ÍCONE INFO!
[21:19:35] [Render thread/INFO] (Minecraft) [STDOUT]:    Mouse X: 233 (entre 227 e 239)? true
[21:19:35] [Render thread/INFO] (Minecraft) [STDOUT]:    Mouse Y: 67 (entre 63 e 75)? true
[21:19:35] [Render thread/INFO] (Minecraft) [STDOUT]: 🟢 HOVER DETECTADO NO ÍCONE INFO!
[21:19:35] [Render thread/INFO] (Minecraft) [STDOUT]:    Mouse X: 233 (entre 227 e 239)? true
[21:19:35] [Render thread/INFO] (Minecraft) [STDOUT]:    Mouse Y: 67 (entre 63 e 75)? true
[21:19:35] [Render thread/INFO] (Minecraft) [STDOUT]: 🟢 HOVER DETECTADO NO ÍCONE INFO!
[21:19:35] [Render thread/INFO] (Minecraft) [STDOUT]:    Mouse X: 233 (entre 227 e 239)? true
[21:19:35] [Render thread/INFO] (Minecraft) [STDOUT]:    Mouse Y: 67 (entre 63 e 75)? true
[21:19:35] [Render thread/INFO] (Minecraft) [STDOUT]: 🟢 HOVER DETECTADO NO ÍCONE INFO!
[21:19:35] [Render thread/INFO] (Minecraft) [STDOUT]:    Mouse X: 233 (entre 227 e 239)? true
[21:19:35] [Render thread/INFO] (Minecraft) [STDOUT]:    Mouse Y: 67 (entre 63 e 75)? true
[21:19:35] [Render thread/INFO] (Minecraft) [STDOUT]: 🟢 HOVER DETECTADO NO ÍCONE INFO!
[21:19:35] [Render thread/INFO] (Minecraft) [STDOUT]:    Mouse X: 233 (entre 227 e 239)? true
[21:19:35] [Render thread/INFO] (Minecraft) [STDOUT]:    Mouse Y: 67 (entre 63 e 75)? true
[21:19:35] [Render thread/INFO] (Minecraft) [STDOUT]: 🟢 HOVER DETECTADO NO ÍCONE INFO!
[21:19:35] [Render thread/INFO] (Minecraft) [STDOUT]:    Mouse X: 233 (entre 227 e 239)? true
[21:19:35] [Render thread/INFO] (Minecraft) [STDOUT]:    Mouse Y: 67 (entre 63 e 75)? true
[21:19:35] [Render thread/INFO] (Minecraft) [STDOUT]: 🟢 HOVER DETECTADO NO ÍCONE INFO!
[21:19:35] [Render thread/INFO] (Minecraft) [STDOUT]:    Mouse X: 233 (entre 227 e 239)? true
[21:19:35] [Render thread/INFO] (Minecraft) [STDOUT]:    Mouse Y: 67 (entre 63 e 75)? true
[21:19:35] [Render thread/INFO] (Minecraft) [STDOUT]: 🟢 HOVER DETECTADO NO ÍCONE INFO!
[21:19:35] [Render thread/INFO] (Minecraft) [STDOUT]:    Mouse X: 233 (entre 227 e 239)? true
[21:19:35] [Render thread/INFO] (Minecraft) [STDOUT]:    Mouse Y: 67 (entre 63 e 75)? true
[21:19:35] [Render thread/INFO] (Minecraft) [STDOUT]: 🟢 HOVER DETECTADO NO ÍCONE INFO!
[21:19:35] [Render thread/INFO] (Minecraft) [STDOUT]:    Mouse X: 233 (entre 227 e 239)? true
[21:19:35] [Render thread/INFO] (Minecraft) [STDOUT]:    Mouse Y: 67 (entre 63 e 75)? true
[21:19:35] [Render thread/INFO] (Minecraft) [STDOUT]: 🟢 HOVER DETECTADO NO ÍCONE INFO!
[21:19:35] [Render thread/INFO] (Minecraft) [STDOUT]:    Mouse X: 233 (entre 227 e 239)? true
[21:19:35] [Render thread/INFO] (Minecraft) [STDOUT]:    Mouse Y: 67 (entre 63 e 75)? true
[21:19:35] [Render thread/INFO] (Minecraft) [STDOUT]: 🟢 HOVER DETECTADO NO ÍCONE INFO!
[21:19:35] [Render thread/INFO] (Minecraft) [STDOUT]:    Mouse X: 233 (entre 227 e 239)? true
[21:19:35] [Render thread/INFO] (Minecraft) [STDOUT]:    Mouse Y: 67 (entre 63 e 75)? true
[21:19:35] [Render thread/INFO] (Minecraft) [STDOUT]: 🟢 HOVER DETECTADO NO ÍCONE INFO!
[21:19:35] [Render thread/INFO] (Minecraft) [STDOUT]:    Mouse X: 233 (entre 227 e 239)? true
[21:19:35] [Render thread/INFO] (Minecraft) [STDOUT]:    Mouse Y: 67 (entre 63 e 75)? true
[21:19:35] [Render thread/INFO] (Minecraft) [STDOUT]: 🟢 HOVER DETECTADO NO ÍCONE INFO!
[21:19:35] [Render thread/INFO] (Minecraft) [STDOUT]:    Mouse X: 233 (entre 227 e 239)? true
[21:19:35] [Render thread/INFO] (Minecraft) [STDOUT]:    Mouse Y: 67 (entre 63 e 75)? true
[21:19:35] [Render thread/INFO] (Minecraft) [STDOUT]: 🟢 HOVER DETECTADO NO ÍCONE INFO!
[21:19:35] [Render thread/INFO] (Minecraft) [STDOUT]:    Mouse X: 233 (entre 227 e 239)? true
[21:19:35] [Render thread/INFO] (Minecraft) [STDOUT]:    Mouse Y: 67 (entre 63 e 75)? true
[21:19:35] [Render thread/INFO] (Minecraft) [STDOUT]: 🟢 HOVER DETECTADO NO ÍCONE INFO!
[21:19:35] [Render thread/INFO] (Minecraft) [STDOUT]:    Mouse X: 233 (entre 227 e 239)? true
[21:19:35] [Render thread/INFO] (Minecraft) [STDOUT]:    Mouse Y: 67 (entre 63 e 75)? true
[21:19:35] [Render thread/INFO] (Minecraft) [STDOUT]: 🟢 HOVER DETECTADO NO ÍCONE INFO!
[21:19:35] [Render thread/INFO] (Minecraft) [STDOUT]:    Mouse X: 233 (entre 227 e 239)? true
[21:19:35] [Render thread/INFO] (Minecraft) [STDOUT]:    Mouse Y: 67 (entre 63 e 75)? true
[21:19:35] [Render thread/INFO] (Minecraft) [STDOUT]: 🟢 HOVER DETECTADO NO ÍCONE INFO!
[21:19:35] [Render thread/INFO] (Minecraft) [STDOUT]:    Mouse X: 233 (entre 227 e 239)? true
[21:19:35] [Render thread/INFO] (Minecraft) [STDOUT]:    Mouse Y: 67 (entre 63 e 75)? true
[21:19:35] [Render thread/INFO] (Minecraft) [STDOUT]: 🟢 HOVER DETECTADO NO ÍCONE INFO!
[21:19:35] [Render thread/INFO] (Minecraft) [STDOUT]:    Mouse X: 233 (entre 227 e 239)? true
[21:19:35] [Render thread/INFO] (Minecraft) [STDOUT]:    Mouse Y: 67 (entre 63 e 75)? true
[21:19:35] [Render thread/INFO] (Minecraft) [STDOUT]: 🟢 HOVER DETECTADO NO ÍCONE INFO!
[21:19:35] [Render thread/INFO] (Minecraft) [STDOUT]:    Mouse X: 233 (entre 227 e 239)? true
[21:19:35] [Render thread/INFO] (Minecraft) [STDOUT]:    Mouse Y: 67 (entre 63 e 75)? true
[21:19:35] [Render thread/INFO] (Minecraft) [STDOUT]: 🟢 HOVER DETECTADO NO ÍCONE INFO!
[21:19:35] [Render thread/INFO] (Minecraft) [STDOUT]:    Mouse X: 233 (entre 227 e 239)? true
[21:19:35] [Render thread/INFO] (Minecraft) [STDOUT]:    Mouse Y: 67 (entre 63 e 75)? true
[21:19:35] [Render thread/INFO] (Minecraft) [STDOUT]: 🟢 HOVER DETECTADO NO ÍCONE INFO!
[21:19:35] [Render thread/INFO] (Minecraft) [STDOUT]:    Mouse X: 233 (entre 227 e 239)? true
[21:19:35] [Render thread/INFO] (Minecraft) [STDOUT]:    Mouse Y: 67 (entre 63 e 75)? true
[21:19:35] [Render thread/INFO] (Minecraft) [STDOUT]: 🟢 HOVER DETECTADO NO ÍCONE INFO!
[21:19:35] [Render thread/INFO] (Minecraft) [STDOUT]:    Mouse X: 233 (entre 227 e 239)? true
[21:19:35] [Render thread/INFO] (Minecraft) [STDOUT]:    Mouse Y: 67 (entre 63 e 75)? true
[21:19:35] [Render thread/INFO] (Minecraft) [STDOUT]: 🟢 HOVER DETECTADO NO ÍCONE INFO!
[21:19:35] [Render thread/INFO] (Minecraft) [STDOUT]:    Mouse X: 233 (entre 227 e 239)? true
[21:19:35] [Render thread/INFO] (Minecraft) [STDOUT]:    Mouse Y: 67 (entre 63 e 75)? true
[21:19:35] [Render thread/INFO] (Minecraft) [STDOUT]: 🟢 HOVER DETECTADO NO ÍCONE INFO!
[21:19:35] [Render thread/INFO] (Minecraft) [STDOUT]:    Mouse X: 233 (entre 227 e 239)? true
[21:19:35] [Render thread/INFO] (Minecraft) [STDOUT]:    Mouse Y: 67 (entre 63 e 75)? true
[21:19:35] [Render thread/INFO] (Minecraft) [STDOUT]: 🟢 HOVER DETECTADO NO ÍCONE INFO!
[21:19:35] [Render thread/INFO] (Minecraft) [STDOUT]:    Mouse X: 233 (entre 227 e 239)? true
[21:19:35] [Render thread/INFO] (Minecraft) [STDOUT]:    Mouse Y: 67 (entre 63 e 75)? true
[21:19:35] [Render thread/INFO] (Minecraft) [STDOUT]: 🟢 HOVER DETECTADO NO ÍCONE INFO!
[21:19:35] [Render thread/INFO] (Minecraft) [STDOUT]:    Mouse X: 233 (entre 227 e 239)? true
[21:19:35] [Render thread/INFO] (Minecraft) [STDOUT]:    Mouse Y: 67 (entre 63 e 75)? true
[21:19:35] [Render thread/INFO] (Minecraft) [STDOUT]: 🟢 HOVER DETECTADO NO ÍCONE INFO!
[21:19:35] [Render thread/INFO] (Minecraft) [STDOUT]:    Mouse X: 233 (entre 227 e 239)? true
[21:19:35] [Render thread/INFO] (Minecraft) [STDOUT]:    Mouse Y: 67 (entre 63 e 75)? true
[21:19:35] [Render thread/INFO] (Minecraft) [STDOUT]: 🟢 HOVER DETECTADO NO ÍCONE INFO!
[21:19:35] [Render thread/INFO] (Minecraft) [STDOUT]:    Mouse X: 233 (entre 227 e 239)? true
[21:19:35] [Render thread/INFO] (Minecraft) [STDOUT]:    Mouse Y: 67 (entre 63 e 75)? true
[21:19:35] [Render thread/INFO] (Minecraft) [STDOUT]: 🟢 HOVER DETECTADO NO ÍCONE INFO!
[21:19:35] [Render thread/INFO] (Minecraft) [STDOUT]:    Mouse X: 233 (entre 227 e 239)? true
[21:19:35] [Render thread/INFO] (Minecraft) [STDOUT]:    Mouse Y: 67 (entre 63 e 75)? true
[21:19:35] [Render thread/INFO] (Minecraft) [STDOUT]: 🟢 HOVER DETECTADO NO ÍCONE INFO!
[21:19:35] [Render thread/INFO] (Minecraft) [STDOUT]:    Mouse X: 233 (entre 227 e 239)? true
[21:19:35] [Render thread/INFO] (Minecraft) [STDOUT]:    Mouse Y: 67 (entre 63 e 75)? true
[21:19:35] [Render thread/INFO] (Minecraft) [STDOUT]: 🟢 HOVER DETECTADO NO ÍCONE INFO!
[21:19:35] [Render thread/INFO] (Minecraft) [STDOUT]:    Mouse X: 233 (entre 227 e 239)? true
[21:19:35] [Render thread/INFO] (Minecraft) [STDOUT]:    Mouse Y: 67 (entre 63 e 75)? true
[21:19:35] [Render thread/INFO] (Minecraft) [STDOUT]: 🟢 HOVER DETECTADO NO ÍCONE INFO!
[21:19:35] [Render thread/INFO] (Minecraft) [STDOUT]:    Mouse X: 233 (entre 227 e 239)? true
[21:19:35] [Render thread/INFO] (Minecraft) [STDOUT]:    Mouse Y: 67 (entre 63 e 75)? true
[21:19:35] [Render thread/INFO] (Minecraft) [STDOUT]: 🟢 HOVER DETECTADO NO ÍCONE INFO!
[21:19:35] [Render thread/INFO] (Minecraft) [STDOUT]:    Mouse X: 233 (entre 227 e 239)? true
[21:19:35] [Render thread/INFO] (Minecraft) [STDOUT]:    Mouse Y: 67 (entre 63 e 75)? true
[21:19:35] [Render thread/INFO] (Minecraft) [STDOUT]: 🟢 HOVER DETECTADO NO ÍCONE INFO!
[21:19:35] [Render thread/INFO] (Minecraft) [STDOUT]:    Mouse X: 233 (entre 227 e 239)? true
[21:19:35] [Render thread/INFO] (Minecraft) [STDOUT]:    Mouse Y: 67 (entre 63 e 75)? true
[21:19:35] [Render thread/INFO] (Minecraft) [STDOUT]: 🟢 HOVER DETECTADO NO ÍCONE INFO!
[21:19:35] [Render thread/INFO] (Minecraft) [STDOUT]:    Mouse X: 233 (entre 227 e 239)? true
[21:19:35] [Render thread/INFO] (Minecraft) [STDOUT]:    Mouse Y: 67 (entre 63 e 75)? true
[21:19:35] [Render thread/INFO] (Minecraft) [STDOUT]: 🟢 HOVER DETECTADO NO ÍCONE INFO!
[21:19:35] [Render thread/INFO] (Minecraft) [STDOUT]:    Mouse X: 233 (entre 227 e 239)? true
[21:19:35] [Render thread/INFO] (Minecraft) [STDOUT]:    Mouse Y: 67 (entre 63 e 75)? true
[21:19:35] [Render thread/INFO] (Minecraft) [STDOUT]: 🟢 HOVER DETECTADO NO ÍCONE INFO!
[21:19:35] [Render thread/INFO] (Minecraft) [STDOUT]:    Mouse X: 233 (entre 227 e 239)? true
[21:19:35] [Render thread/INFO] (Minecraft) [STDOUT]:    Mouse Y: 67 (entre 63 e 75)? true
[21:19:35] [Render thread/INFO] (Minecraft) [STDOUT]: 🟢 HOVER DETECTADO NO ÍCONE INFO!
[21:19:35] [Render thread/INFO] (Minecraft) [STDOUT]:    Mouse X: 233 (entre 227 e 239)? true
[21:19:35] [Render thread/INFO] (Minecraft) [STDOUT]:    Mouse Y: 67 (entre 63 e 75)? true
[21:19:35] [Render thread/INFO] (Minecraft) [STDOUT]: 🟢 HOVER DETECTADO NO ÍCONE INFO!
[21:19:35] [Render thread/INFO] (Minecraft) [STDOUT]:    Mouse X: 233 (entre 227 e 239)? true
[21:19:35] [Render thread/INFO] (Minecraft) [STDOUT]:    Mouse Y: 67 (entre 63 e 75)? true
[21:19:35] [Render thread/INFO] (Minecraft) [STDOUT]: 🟢 HOVER DETECTADO NO ÍCONE INFO!
[21:19:35] [Render thread/INFO] (Minecraft) [STDOUT]:    Mouse X: 233 (entre 227 e 239)? true
[21:19:35] [Render thread/INFO] (Minecraft) [STDOUT]:    Mouse Y: 67 (entre 63 e 75)? true
[21:19:35] [Render thread/INFO] (Minecraft) [STDOUT]: 🟢 HOVER DETECTADO NO ÍCONE INFO!
[21:19:35] [Render thread/INFO] (Minecraft) [STDOUT]:    Mouse X: 233 (entre 227 e 239)? true
[21:19:35] [Render thread/INFO] (Minecraft) [STDOUT]:    Mouse Y: 67 (entre 63 e 75)? true
[21:19:35] [Render thread/INFO] (Minecraft) [STDOUT]: 🟢 HOVER DETECTADO NO ÍCONE INFO!
[21:19:35] [Render thread/INFO] (Minecraft) [STDOUT]:    Mouse X: 233 (entre 227 e 239)? true
[21:19:35] [Render thread/INFO] (Minecraft) [STDOUT]:    Mouse Y: 67 (entre 63 e 75)? true
[21:19:35] [Render thread/INFO] (Minecraft) [STDOUT]: 🟢 HOVER DETECTADO NO ÍCONE INFO!
[21:19:35] [Render thread/INFO] (Minecraft) [STDOUT]:    Mouse X: 233 (entre 227 e 239)? true
[21:19:35] [Render thread/INFO] (Minecraft) [STDOUT]:    Mouse Y: 67 (entre 63 e 75)? true
[21:19:35] [Render thread/INFO] (Minecraft) [STDOUT]: 🟢 HOVER DETECTADO NO ÍCONE INFO!
[21:19:35] [Render thread/INFO] (Minecraft) [STDOUT]:    Mouse X: 233 (entre 227 e 239)? true
[21:19:35] [Render thread/INFO] (Minecraft) [STDOUT]:    Mouse Y: 67 (entre 63 e 75)? true
[21:19:35] [Render thread/INFO] (Minecraft) [STDOUT]: 🟢 HOVER DETECTADO NO ÍCONE INFO!
[21:19:35] [Render thread/INFO] (Minecraft) [STDOUT]:    Mouse X: 233 (entre 227 e 239)? true
[21:19:35] [Render thread/INFO] (Minecraft) [STDOUT]:    Mouse Y: 67 (entre 63 e 75)? true
[21:19:35] [Render thread/INFO] (Minecraft) [STDOUT]: 🟢 HOVER DETECTADO NO ÍCONE INFO!
[21:19:35] [Render thread/INFO] (Minecraft) [STDOUT]:    Mouse X: 233 (entre 227 e 239)? true
[21:19:35] [Render thread/INFO] (Minecraft) [STDOUT]:    Mouse Y: 67 (entre 63 e 75)? true
[21:19:35] [Render thread/INFO] (Minecraft) [STDOUT]: 🟢 HOVER DETECTADO NO ÍCONE INFO!
[21:19:35] [Render thread/INFO] (Minecraft) [STDOUT]:    Mouse X: 233 (entre 227 e 239)? true
[21:19:35] [Render thread/INFO] (Minecraft) [STDOUT]:    Mouse Y: 67 (entre 63 e 75)? true
[21:19:35] [Render thread/INFO] (Minecraft) [STDOUT]: 🟢 HOVER DETECTADO NO ÍCONE INFO!
[21:19:35] [Render thread/INFO] (Minecraft) [STDOUT]:    Mouse X: 233 (entre 227 e 239)? true
[21:19:35] [Render thread/INFO] (Minecraft) [STDOUT]:    Mouse Y: 67 (entre 63 e 75)? true
[21:19:35] [Render thread/INFO] (Minecraft) [STDOUT]: 🟢 HOVER DETECTADO NO ÍCONE INFO!
[21:19:35] [Render thread/INFO] (Minecraft) [STDOUT]:    Mouse X: 233 (entre 227 e 239)? true
[21:19:35] [Render thread/INFO] (Minecraft) [STDOUT]:    Mouse Y: 67 (entre 63 e 75)? true
[21:19:35] [Render thread/INFO] (Minecraft) [STDOUT]: 🟢 HOVER DETECTADO NO ÍCONE INFO!
[21:19:35] [Render thread/INFO] (Minecraft) [STDOUT]:    Mouse X: 233 (entre 227 e 239)? true
[21:19:35] [Render thread/INFO] (Minecraft) [STDOUT]:    Mouse Y: 67 (entre 63 e 75)? true
[21:19:35] [Render thread/INFO] (Minecraft) [STDOUT]: 🟢 HOVER DETECTADO NO ÍCONE INFO!
[21:19:35] [Render thread/INFO] (Minecraft) [STDOUT]:    Mouse X: 233 (entre 227 e 239)? true
[21:19:35] [Render thread/INFO] (Minecraft) [STDOUT]:    Mouse Y: 67 (entre 63 e 75)? true
[21:19:35] [Render thread/INFO] (Minecraft) [STDOUT]: 🟢 HOVER DETECTADO NO ÍCONE INFO!
[21:19:35] [Render thread/INFO] (Minecraft) [STDOUT]:    Mouse X: 233 (entre 227 e 239)? true
[21:19:35] [Render thread/INFO] (Minecraft) [STDOUT]:    Mouse Y: 67 (entre 63 e 75)? true
[21:19:35] [Render thread/INFO] (Minecraft) [STDOUT]: 🟢 HOVER DETECTADO NO ÍCONE INFO!
[21:19:35] [Render thread/INFO] (Minecraft) [STDOUT]:    Mouse X: 233 (entre 227 e 239)? true
[21:19:35] [Render thread/INFO] (Minecraft) [STDOUT]:    Mouse Y: 67 (entre 63 e 75)? true
[21:19:35] [Render thread/INFO] (Minecraft) [STDOUT]: 🟢 HOVER DETECTADO NO ÍCONE INFO!
[21:19:35] [Render thread/INFO] (Minecraft) [STDOUT]:    Mouse X: 233 (entre 227 e 239)? true
[21:19:35] [Render thread/INFO] (Minecraft) [STDOUT]:    Mouse Y: 67 (entre 63 e 75)? true
[21:19:35] [Render thread/INFO] (Minecraft) [STDOUT]: 🟢 HOVER DETECTADO NO ÍCONE INFO!
[21:19:35] [Render thread/INFO] (Minecraft) [STDOUT]:    Mouse X: 233 (entre 227 e 239)? true
[21:19:35] [Render thread/INFO] (Minecraft) [STDOUT]:    Mouse Y: 67 (entre 63 e 75)? true
[21:19:35] [Render thread/INFO] (Minecraft) [STDOUT]: 🟢 HOVER DETECTADO NO ÍCONE INFO!
[21:19:35] [Render thread/INFO] (Minecraft) [STDOUT]:    Mouse X: 233 (entre 227 e 239)? true
[21:19:35] [Render thread/INFO] (Minecraft) [STDOUT]:    Mouse Y: 67 (entre 63 e 75)? true
[21:19:35] [Render thread/INFO] (Minecraft) [STDOUT]: 🟢 HOVER DETECTADO NO ÍCONE INFO!
[21:19:35] [Render thread/INFO] (Minecraft) [STDOUT]:    Mouse X: 233 (entre 227 e 239)? true
[21:19:35] [Render thread/INFO] (Minecraft) [STDOUT]:    Mouse Y: 67 (entre 63 e 75)? true
[21:19:35] [Render thread/INFO] (Minecraft) [STDOUT]: 🟢 HOVER DETECTADO NO ÍCONE INFO!
[21:19:35] [Render thread/INFO] (Minecraft) [STDOUT]:    Mouse X: 233 (entre 227 e 239)? true
[21:19:35] [Render thread/INFO] (Minecraft) [STDOUT]:    Mouse Y: 67 (entre 63 e 75)? true
[21:19:35] [Render thread/INFO] (Minecraft) [STDOUT]: 🟢 HOVER DETECTADO NO ÍCONE INFO!
[21:19:35] [Render thread/INFO] (Minecraft) [STDOUT]:    Mouse X: 233 (entre 227 e 239)? true
[21:19:35] [Render thread/INFO] (Minecraft) [STDOUT]:    Mouse Y: 67 (entre 63 e 75)? true
[21:19:35] [Render thread/INFO] (Minecraft) [STDOUT]: 🟢 HOVER DETECTADO NO ÍCONE INFO!
[21:19:35] [Render thread/INFO] (Minecraft) [STDOUT]:    Mouse X: 233 (entre 227 e 239)? true
[21:19:35] [Render thread/INFO] (Minecraft) [STDOUT]:    Mouse Y: 67 (entre 63 e 75)? true
[21:19:35] [Render thread/INFO] (Minecraft) [STDOUT]: 🟢 HOVER DETECTADO NO ÍCONE INFO!
[21:19:35] [Render thread/INFO] (Minecraft) [STDOUT]:    Mouse X: 233 (entre 227 e 239)? true
[21:19:35] [Render thread/INFO] (Minecraft) [STDOUT]:    Mouse Y: 67 (entre 63 e 75)? true
[21:19:35] [Render thread/INFO] (Minecraft) [STDOUT]: 🟢 HOVER DETECTADO NO ÍCONE INFO!
[21:19:35] [Render thread/INFO] (Minecraft) [STDOUT]:    Mouse X: 233 (entre 227 e 239)? true
[21:19:35] [Render thread/INFO] (Minecraft) [STDOUT]:    Mouse Y: 67 (entre 63 e 75)? true
[21:19:35] [Render thread/INFO] (Minecraft) [STDOUT]: 🟢 HOVER DETECTADO NO ÍCONE INFO!
[21:19:35] [Render thread/INFO] (Minecraft) [STDOUT]:    Mouse X: 233 (entre 227 e 239)? true
[21:19:35] [Render thread/INFO] (Minecraft) [STDOUT]:    Mouse Y: 67 (entre 63 e 75)? true
[21:19:35] [Render thread/INFO] (Minecraft) [STDOUT]: 🟢 HOVER DETECTADO NO ÍCONE INFO!
[21:19:35] [Render thread/INFO] (Minecraft) [STDOUT]:    Mouse X: 233 (entre 227 e 239)? true
[21:19:35] [Render thread/INFO] (Minecraft) [STDOUT]:    Mouse Y: 67 (entre 63 e 75)? true
[21:19:35] [Render thread/INFO] (Minecraft) [STDOUT]: 🟢 HOVER DETECTADO NO ÍCONE INFO!
[21:19:35] [Render thread/INFO] (Minecraft) [STDOUT]:    Mouse X: 233 (entre 227 e 239)? true
[21:19:35] [Render thread/INFO] (Minecraft) [STDOUT]:    Mouse Y: 67 (entre 63 e 75)? true
[21:19:35] [Render thread/INFO] (Minecraft) [STDOUT]: 🟢 HOVER DETECTADO NO ÍCONE INFO!
[21:19:35] [Render thread/INFO] (Minecraft) [STDOUT]:    Mouse X: 233 (entre 227 e 239)? true
[21:19:35] [Render thread/INFO] (Minecraft) [STDOUT]:    Mouse Y: 67 (entre 63 e 75)? true
[21:19:35] [Render thread/INFO] (Minecraft) [STDOUT]: 🟢 HOVER DETECTADO NO ÍCONE INFO!
[21:19:35] [Render thread/INFO] (Minecraft) [STDOUT]:    Mouse X: 233 (entre 227 e 239)? true
[21:19:35] [Render thread/INFO] (Minecraft) [STDOUT]:    Mouse Y: 67 (entre 63 e 75)? true
[21:19:35] [Render thread/INFO] (Minecraft) [STDOUT]: 🟢 HOVER DETECTADO NO ÍCONE INFO!
[21:19:35] [Render thread/INFO] (Minecraft) [STDOUT]:    Mouse X: 233 (entre 227 e 239)? true
[21:19:35] [Render thread/INFO] (Minecraft) [STDOUT]:    Mouse Y: 67 (entre 63 e 75)? true
[21:19:35] [Render thread/INFO] (Minecraft) [STDOUT]: 🟢 HOVER DETECTADO NO ÍCONE INFO!
[21:19:35] [Render thread/INFO] (Minecraft) [STDOUT]:    Mouse X: 233 (entre 227 e 239)? true
[21:19:35] [Render thread/INFO] (Minecraft) [STDOUT]:    Mouse Y: 67 (entre 63 e 75)? true
[21:19:35] [Render thread/INFO] (Minecraft) [STDOUT]: 🟢 HOVER DETECTADO NO ÍCONE INFO!
[21:19:35] [Render thread/INFO] (Minecraft) [STDOUT]:    Mouse X: 233 (entre 227 e 239)? true
[21:19:35] [Render thread/INFO] (Minecraft) [STDOUT]:    Mouse Y: 67 (entre 63 e 75)? true
[21:19:35] [Render thread/INFO] (Minecraft) [STDOUT]: 🟢 HOVER DETECTADO NO ÍCONE INFO!
[21:19:35] [Render thread/INFO] (Minecraft) [STDOUT]:    Mouse X: 233 (entre 227 e 239)? true
[21:19:35] [Render thread/INFO] (Minecraft) [STDOUT]:    Mouse Y: 67 (entre 63 e 75)? true
[21:19:35] [Render thread/INFO] (Minecraft) [STDOUT]: 🟢 HOVER DETECTADO NO ÍCONE INFO!
[21:19:35] [Render thread/INFO] (Minecraft) [STDOUT]:    Mouse X: 233 (entre 227 e 239)? true
[21:19:35] [Render thread/INFO] (Minecraft) [STDOUT]:    Mouse Y: 67 (entre 63 e 75)? true
[21:19:35] [Render thread/INFO] (Minecraft) [STDOUT]: 🟢 HOVER DETECTADO NO ÍCONE INFO!
[21:19:35] [Render thread/INFO] (Minecraft) [STDOUT]:    Mouse X: 233 (entre 227 e 239)? true
[21:19:35] [Render thread/INFO] (Minecraft) [STDOUT]:    Mouse Y: 67 (entre 63 e 75)? true
[21:19:35] [Render thread/INFO] (Minecraft) [STDOUT]: 🟢 HOVER DETECTADO NO ÍCONE INFO!
[21:19:35] [Render thread/INFO] (Minecraft) [STDOUT]:    Mouse X: 233 (entre 227 e 239)? true
[21:19:35] [Render thread/INFO] (Minecraft) [STDOUT]:    Mouse Y: 67 (entre 63 e 75)? true
[21:19:35] [Render thread/INFO] (Minecraft) [STDOUT]: 🟢 HOVER DETECTADO NO ÍCONE INFO!
[21:19:35] [Render thread/INFO] (Minecraft) [STDOUT]:    Mouse X: 233 (entre 227 e 239)? true
[21:19:35] [Render thread/INFO] (Minecraft) [STDOUT]:    Mouse Y: 67 (entre 63 e 75)? true
[21:19:35] [Render thread/INFO] (Minecraft) [STDOUT]: 🟢 HOVER DETECTADO NO ÍCONE INFO!
[21:19:35] [Render thread/INFO] (Minecraft) [STDOUT]:    Mouse X: 233 (entre 227 e 239)? true
[21:19:35] [Render thread/INFO] (Minecraft) [STDOUT]:    Mouse Y: 67 (entre 63 e 75)? true
[21:19:35] [Render thread/INFO] (Minecraft) [STDOUT]: 🟢 HOVER DETECTADO NO ÍCONE INFO!
[21:19:35] [Render thread/INFO] (Minecraft) [STDOUT]:    Mouse X: 233 (entre 227 e 239)? true
[21:19:35] [Render thread/INFO] (Minecraft) [STDOUT]:    Mouse Y: 67 (entre 63 e 75)? true
[21:19:35] [Render thread/INFO] (Minecraft) [STDOUT]: 🟢 HOVER DETECTADO NO ÍCONE INFO!
[21:19:35] [Render thread/INFO] (Minecraft) [STDOUT]:    Mouse X: 233 (entre 227 e 239)? true
[21:19:35] [Render thread/INFO] (Minecraft) [STDOUT]:    Mouse Y: 67 (entre 63 e 75)? true
[21:19:35] [Render thread/INFO] (Minecraft) [STDOUT]: 🟢 HOVER DETECTADO NO ÍCONE INFO!
[21:19:35] [Render thread/INFO] (Minecraft) [STDOUT]:    Mouse X: 233 (entre 227 e 239)? true
[21:19:35] [Render thread/INFO] (Minecraft) [STDOUT]:    Mouse Y: 67 (entre 63 e 75)? true
[21:19:35] [Render thread/INFO] (Minecraft) [STDOUT]: 🟢 HOVER DETECTADO NO ÍCONE INFO!
[21:19:35] [Render thread/INFO] (Minecraft) [STDOUT]:    Mouse X: 233 (entre 227 e 239)? true
[21:19:35] [Render thread/INFO] (Minecraft) [STDOUT]:    Mouse Y: 67 (entre 63 e 75)? true
[21:19:35] [Render thread/INFO] (Minecraft) [STDOUT]: 🟢 HOVER DETECTADO NO ÍCONE INFO!
[21:19:35] [Render thread/INFO] (Minecraft) [STDOUT]:    Mouse X: 233 (entre 227 e 239)? true
[21:19:35] [Render thread/INFO] (Minecraft) [STDOUT]:    Mouse Y: 67 (entre 63 e 75)? true
[21:19:35] [Render thread/INFO] (Minecraft) [STDOUT]: 🟢 HOVER DETECTADO NO ÍCONE INFO!
[21:19:35] [Render thread/INFO] (Minecraft) [STDOUT]:    Mouse X: 233 (entre 227 e 239)? true
[21:19:35] [Render thread/INFO] (Minecraft) [STDOUT]:    Mouse Y: 67 (entre 63 e 75)? true
[21:19:35] [Render thread/INFO] (Minecraft) [STDOUT]: 🟢 HOVER DETECTADO NO ÍCONE INFO!
[21:19:35] [Render thread/INFO] (Minecraft) [STDOUT]:    Mouse X: 233 (entre 227 e 239)? true
[21:19:35] [Render thread/INFO] (Minecraft) [STDOUT]:    Mouse Y: 67 (entre 63 e 75)? true
[21:19:35] [Render thread/INFO] (Minecraft) [STDOUT]: 🟢 HOVER DETECTADO NO ÍCONE INFO!
[21:19:35] [Render thread/INFO] (Minecraft) [STDOUT]:    Mouse X: 233 (entre 227 e 239)? true
[21:19:35] [Render thread/INFO] (Minecraft) [STDOUT]:    Mouse Y: 67 (entre 63 e 75)? true
[21:19:35] [Render thread/INFO] (Minecraft) [STDOUT]: 🟢 HOVER DETECTADO NO ÍCONE INFO!
[21:19:35] [Render thread/INFO] (Minecraft) [STDOUT]:    Mouse X: 233 (entre 227 e 239)? true
[21:19:35] [Render thread/INFO] (Minecraft) [STDOUT]:    Mouse Y: 67 (entre 63 e 75)? true
[21:19:35] [Render thread/INFO] (Minecraft) [STDOUT]: 🟢 HOVER DETECTADO NO ÍCONE INFO!
[21:19:35] [Render thread/INFO] (Minecraft) [STDOUT]:    Mouse X: 233 (entre 227 e 239)? true
[21:19:35] [Render thread/INFO] (Minecraft) [STDOUT]:    Mouse Y: 67 (entre 63 e 75)? true
[21:19:35] [Render thread/INFO] (Minecraft) [STDOUT]: 🟢 HOVER DETECTADO NO ÍCONE INFO!
[21:19:35] [Render thread/INFO] (Minecraft) [STDOUT]:    Mouse X: 233 (entre 227 e 239)? true
[21:19:35] [Render thread/INFO] (Minecraft) [STDOUT]:    Mouse Y: 67 (entre 63 e 75)? true
[21:19:35] [Render thread/INFO] (Minecraft) [STDOUT]: 🟢 HOVER DETECTADO NO ÍCONE INFO!
[21:19:35] [Render thread/INFO] (Minecraft) [STDOUT]:    Mouse X: 233 (entre 227 e 239)? true
[21:19:35] [Render thread/INFO] (Minecraft) [STDOUT]:    Mouse Y: 67 (entre 63 e 75)? true
[21:19:35] [Render thread/INFO] (Minecraft) [STDOUT]: 🟢 HOVER DETECTADO NO ÍCONE INFO!
[21:19:35] [Render thread/INFO] (Minecraft) [STDOUT]:    Mouse X: 233 (entre 227 e 239)? true
[21:19:35] [Render thread/INFO] (Minecraft) [STDOUT]:    Mouse Y: 67 (entre 63 e 75)? true
[21:19:35] [Render thread/INFO] (Minecraft) [STDOUT]: 🟢 HOVER DETECTADO NO ÍCONE INFO!
[21:19:35] [Render thread/INFO] (Minecraft) [STDOUT]:    Mouse X: 233 (entre 227 e 239)? true
[21:19:35] [Render thread/INFO] (Minecraft) [STDOUT]:    Mouse Y: 67 (entre 63 e 75)? true
[21:19:35] [Render thread/INFO] (Minecraft) [STDOUT]: 🟢 HOVER DETECTADO NO ÍCONE INFO!
[21:19:35] [Render thread/INFO] (Minecraft) [STDOUT]:    Mouse X: 233 (entre 227 e 239)? true
[21:19:35] [Render thread/INFO] (Minecraft) [STDOUT]:    Mouse Y: 67 (entre 63 e 75)? true
[21:19:35] [Render thread/INFO] (Minecraft) [STDOUT]: 🟢 HOVER DETECTADO NO ÍCONE INFO!
[21:19:35] [Render thread/INFO] (Minecraft) [STDOUT]:    Mouse X: 233 (entre 227 e 239)? true
[21:19:35] [Render thread/INFO] (Minecraft) [STDOUT]:    Mouse Y: 67 (entre 63 e 75)? true
[21:19:35] [Render thread/INFO] (Minecraft) [STDOUT]: 🟢 HOVER DETECTADO NO ÍCONE INFO!
[21:19:35] [Render thread/INFO] (Minecraft) [STDOUT]:    Mouse X: 233 (entre 227 e 239)? true
[21:19:35] [Render thread/INFO] (Minecraft) [STDOUT]:    Mouse Y: 67 (entre 63 e 75)? true
[21:19:35] [Render thread/INFO] (Minecraft) [STDOUT]: 🟢 HOVER DETECTADO NO ÍCONE INFO!
[21:19:35] [Render thread/INFO] (Minecraft) [STDOUT]:    Mouse X: 233 (entre 227 e 239)? true
[21:19:35] [Render thread/INFO] (Minecraft) [STDOUT]:    Mouse Y: 67 (entre 63 e 75)? true
[21:19:35] [Render thread/INFO] (Minecraft) [STDOUT]: 🟢 HOVER DETECTADO NO ÍCONE INFO!
[21:19:35] [Render thread/INFO] (Minecraft) [STDOUT]:    Mouse X: 233 (entre 227 e 239)? true
[21:19:35] [Render thread/INFO] (Minecraft) [STDOUT]:    Mouse Y: 67 (entre 63 e 75)? true
[21:19:35] [Render thread/INFO] (Minecraft) [STDOUT]: 🟢 HOVER DETECTADO NO ÍCONE INFO!
[21:19:35] [Render thread/INFO] (Minecraft) [STDOUT]:    Mouse X: 233 (entre 227 e 239)? true
[21:19:35] [Render thread/INFO] (Minecraft) [STDOUT]:    Mouse Y: 67 (entre 63 e 75)? true
[21:19:35] [Render thread/INFO] (Minecraft) [STDOUT]: 🟢 HOVER DETECTADO NO ÍCONE INFO!
[21:19:35] [Render thread/INFO] (Minecraft) [STDOUT]:    Mouse X: 233 (entre 227 e 239)? true
[21:19:35] [Render thread/INFO] (Minecraft) [STDOUT]:    Mouse Y: 67 (entre 63 e 75)? true
[21:19:35] [Render thread/INFO] (Minecraft) [STDOUT]: 🟢 HOVER DETECTADO NO ÍCONE INFO!
[21:19:35] [Render thread/INFO] (Minecraft) [STDOUT]:    Mouse X: 233 (entre 227 e 239)? true
[21:19:35] [Render thread/INFO] (Minecraft) [STDOUT]:    Mouse Y: 67 (entre 63 e 75)? true
[21:19:35] [Render thread/INFO] (Minecraft) [STDOUT]: 🟢 HOVER DETECTADO NO ÍCONE INFO!
[21:19:35] [Render thread/INFO] (Minecraft) [STDOUT]:    Mouse X: 233 (entre 227 e 239)? true
[21:19:35] [Render thread/INFO] (Minecraft) [STDOUT]:    Mouse Y: 67 (entre 63 e 75)? true
[21:19:35] [Render thread/INFO] (Minecraft) [STDOUT]: 🟢 HOVER DETECTADO NO ÍCONE INFO!
[21:19:35] [Render thread/INFO] (Minecraft) [STDOUT]:    Mouse X: 233 (entre 227 e 239)? true
[21:19:35] [Render thread/INFO] (Minecraft) [STDOUT]:    Mouse Y: 67 (entre 63 e 75)? true
[21:19:35] [Render thread/INFO] (Minecraft) [STDOUT]: 🟢 HOVER DETECTADO NO ÍCONE INFO!
[21:19:35] [Render thread/INFO] (Minecraft) [STDOUT]:    Mouse X: 233 (entre 227 e 239)? true
[21:19:35] [Render thread/INFO] (Minecraft) [STDOUT]:    Mouse Y: 67 (entre 63 e 75)? true
[21:19:35] [Render thread/INFO] (Minecraft) [STDOUT]: 🟢 HOVER DETECTADO NO ÍCONE INFO!
[21:19:35] [Render thread/INFO] (Minecraft) [STDOUT]:    Mouse X: 233 (entre 227 e 239)? true
[21:19:35] [Render thread/INFO] (Minecraft) [STDOUT]:    Mouse Y: 67 (entre 63 e 75)? true
[21:19:35] [Render thread/INFO] (Minecraft) [STDOUT]: 🟢 HOVER DETECTADO NO ÍCONE INFO!
[21:19:35] [Render thread/INFO] (Minecraft) [STDOUT]:    Mouse X: 233 (entre 227 e 239)? true
[21:19:35] [Render thread/INFO] (Minecraft) [STDOUT]:    Mouse Y: 67 (entre 63 e 75)? true
[21:19:35] [Render thread/INFO] (Minecraft) [STDOUT]: 🟢 HOVER DETECTADO NO ÍCONE INFO!
[21:19:35] [Render thread/INFO] (Minecraft) [STDOUT]:    Mouse X: 233 (entre 227 e 239)? true
[21:19:35] [Render thread/INFO] (Minecraft) [STDOUT]:    Mouse Y: 67 (entre 63 e 75)? true
[21:19:36] [Render thread/INFO] (Minecraft) [STDOUT]: 🟢 HOVER DETECTADO NO ÍCONE INFO!
[21:19:36] [Render thread/INFO] (Minecraft) [STDOUT]:    Mouse X: 233 (entre 227 e 239)? true
[21:19:36] [Render thread/INFO] (Minecraft) [STDOUT]:    Mouse Y: 67 (entre 63 e 75)? true
[21:19:36] [Render thread/INFO] (Minecraft) [STDOUT]: 🟢 HOVER DETECTADO NO ÍCONE INFO!
[21:19:36] [Render thread/INFO] (Minecraft) [STDOUT]:    Mouse X: 233 (entre 227 e 239)? true
[21:19:36] [Render thread/INFO] (Minecraft) [STDOUT]:    Mouse Y: 67 (entre 63 e 75)? true
[21:19:36] [Render thread/INFO] (Minecraft) [STDOUT]: 🟢 HOVER DETECTADO NO ÍCONE INFO!
[21:19:36] [Render thread/INFO] (Minecraft) [STDOUT]:    Mouse X: 233 (entre 227 e 239)? true
[21:19:36] [Render thread/INFO] (Minecraft) [STDOUT]:    Mouse Y: 67 (entre 63 e 75)? true
[21:19:36] [Render thread/INFO] (Minecraft) [STDOUT]: 🟢 HOVER DETECTADO NO ÍCONE INFO!
[21:19:36] [Render thread/INFO] (Minecraft) [STDOUT]:    Mouse X: 233 (entre 227 e 239)? true
[21:19:36] [Render thread/INFO] (Minecraft) [STDOUT]:    Mouse Y: 67 (entre 63 e 75)? true
[21:19:36] [Render thread/INFO] (Minecraft) [STDOUT]: 🟢 HOVER DETECTADO NO ÍCONE INFO!
[21:19:36] [Render thread/INFO] (Minecraft) [STDOUT]:    Mouse X: 233 (entre 227 e 239)? true
[21:19:36] [Render thread/INFO] (Minecraft) [STDOUT]:    Mouse Y: 67 (entre 63 e 75)? true
[21:19:36] [Render thread/INFO] (Minecraft) [STDOUT]: 🟢 HOVER DETECTADO NO ÍCONE INFO!
[21:19:36] [Render thread/INFO] (Minecraft) [STDOUT]:    Mouse X: 233 (entre 227 e 239)? true
[21:19:36] [Render thread/INFO] (Minecraft) [STDOUT]:    Mouse Y: 67 (entre 63 e 75)? true
[21:19:36] [Render thread/INFO] (Minecraft) [STDOUT]: 🟢 HOVER DETECTADO NO ÍCONE INFO!
[21:19:36] [Render thread/INFO] (Minecraft) [STDOUT]:    Mouse X: 233 (entre 227 e 239)? true
[21:19:36] [Render thread/INFO] (Minecraft) [STDOUT]:    Mouse Y: 67 (entre 63 e 75)? true
[21:19:36] [Render thread/INFO] (Minecraft) [STDOUT]: 🟢 HOVER DETECTADO NO ÍCONE INFO!
[21:19:36] [Render thread/INFO] (Minecraft) [STDOUT]:    Mouse X: 233 (entre 227 e 239)? true
[21:19:36] [Render thread/INFO] (Minecraft) [STDOUT]:    Mouse Y: 67 (entre 63 e 75)? true
[21:19:36] [Render thread/INFO] (Minecraft) [STDOUT]: 🟢 HOVER DETECTADO NO ÍCONE INFO!
[21:19:36] [Render thread/INFO] (Minecraft) [STDOUT]:    Mouse X: 233 (entre 227 e 239)? true
[21:19:36] [Render thread/INFO] (Minecraft) [STDOUT]:    Mouse Y: 67 (entre 63 e 75)? true
[21:19:36] [Render thread/INFO] (Minecraft) [STDOUT]: 🟢 HOVER DETECTADO NO ÍCONE INFO!
[21:19:36] [Render thread/INFO] (Minecraft) [STDOUT]:    Mouse X: 233 (entre 227 e 239)? true
[21:19:36] [Render thread/INFO] (Minecraft) [STDOUT]:    Mouse Y: 67 (entre 63 e 75)? true
[21:19:36] [Render thread/INFO] (Minecraft) [STDOUT]: 🟢 HOVER DETECTADO NO ÍCONE INFO!
[21:19:36] [Render thread/INFO] (Minecraft) [STDOUT]:    Mouse X: 233 (entre 227 e 239)? true
[21:19:36] [Render thread/INFO] (Minecraft) [STDOUT]:    Mouse Y: 67 (entre 63 e 75)? true
[21:19:36] [Render thread/INFO] (Minecraft) [STDOUT]: 🟢 HOVER DETECTADO NO ÍCONE INFO!
[21:19:36] [Render thread/INFO] (Minecraft) [STDOUT]:    Mouse X: 233 (entre 227 e 239)? true
[21:19:36] [Render thread/INFO] (Minecraft) [STDOUT]:    Mouse Y: 67 (entre 63 e 75)? true
[21:19:36] [Render thread/INFO] (Minecraft) [STDOUT]: 🟢 HOVER DETECTADO NO ÍCONE INFO!
[21:19:36] [Render thread/INFO] (Minecraft) [STDOUT]:    Mouse X: 233 (entre 227 e 239)? true
[21:19:36] [Render thread/INFO] (Minecraft) [STDOUT]:    Mouse Y: 67 (entre 63 e 75)? true
[21:19:36] [Render thread/INFO] (Minecraft) [STDOUT]: 🟢 HOVER DETECTADO NO ÍCONE INFO!
[21:19:36] [Render thread/INFO] (Minecraft) [STDOUT]:    Mouse X: 233 (entre 227 e 239)? true
[21:19:36] [Render thread/INFO] (Minecraft) [STDOUT]:    Mouse Y: 67 (entre 63 e 75)? true
[21:19:36] [Render thread/INFO] (Minecraft) [STDOUT]: 🟢 HOVER DETECTADO NO ÍCONE INFO!
[21:19:36] [Render thread/INFO] (Minecraft) [STDOUT]:    Mouse X: 233 (entre 227 e 239)? true
[21:19:36] [Render thread/INFO] (Minecraft) [STDOUT]:    Mouse Y: 67 (entre 63 e 75)? true
[21:19:36] [Render thread/INFO] (Minecraft) [STDOUT]: 🟢 HOVER DETECTADO NO ÍCONE INFO!
[21:19:36] [Render thread/INFO] (Minecraft) [STDOUT]:    Mouse X: 233 (entre 227 e 239)? true
[21:19:36] [Render thread/INFO] (Minecraft) [STDOUT]:    Mouse Y: 67 (entre 63 e 75)? true
[21:19:36] [Render thread/INFO] (Minecraft) [STDOUT]: 🟢 HOVER DETECTADO NO ÍCONE INFO!
[21:19:36] [Render thread/INFO] (Minecraft) [STDOUT]:    Mouse X: 233 (entre 227 e 239)? true
[21:19:36] [Render thread/INFO] (Minecraft) [STDOUT]:    Mouse Y: 67 (entre 63 e 75)? true
[21:19:36] [Render thread/INFO] (Minecraft) [STDOUT]: 🟢 HOVER DETECTADO NO ÍCONE INFO!
[21:19:36] [Render thread/INFO] (Minecraft) [STDOUT]:    Mouse X: 233 (entre 227 e 239)? true
[21:19:36] [Render thread/INFO] (Minecraft) [STDOUT]:    Mouse Y: 67 (entre 63 e 75)? true
[21:19:36] [Render thread/INFO] (Minecraft) [STDOUT]: 🟢 HOVER DETECTADO NO ÍCONE INFO!
[21:19:36] [Render thread/INFO] (Minecraft) [STDOUT]:    Mouse X: 233 (entre 227 e 239)? true
[21:19:36] [Render thread/INFO] (Minecraft) [STDOUT]:    Mouse Y: 67 (entre 63 e 75)? true
[21:19:36] [Render thread/INFO] (Minecraft) [STDOUT]: 🟢 HOVER DETECTADO NO ÍCONE INFO!
[21:19:36] [Render thread/INFO] (Minecraft) [STDOUT]:    Mouse X: 233 (entre 227 e 239)? true
[21:19:36] [Render thread/INFO] (Minecraft) [STDOUT]:    Mouse Y: 67 (entre 63 e 75)? true
[21:19:36] [Render thread/INFO] (Minecraft) [STDOUT]: 🟢 HOVER DETECTADO NO ÍCONE INFO!
[21:19:36] [Render thread/INFO] (Minecraft) [STDOUT]:    Mouse X: 233 (entre 227 e 239)? true
[21:19:36] [Render thread/INFO] (Minecraft) [STDOUT]:    Mouse Y: 67 (entre 63 e 75)? true
[21:19:36] [Render thread/INFO] (Minecraft) [STDOUT]: 🟢 HOVER DETECTADO NO ÍCONE INFO!
[21:19:36] [Render thread/INFO] (Minecraft) [STDOUT]:    Mouse X: 233 (entre 227 e 239)? true
[21:19:36] [Render thread/INFO] (Minecraft) [STDOUT]:    Mouse Y: 67 (entre 63 e 75)? true
[21:19:36] [Render thread/INFO] (Minecraft) [STDOUT]: 🟢 HOVER DETECTADO NO ÍCONE INFO!
[21:19:36] [Render thread/INFO] (Minecraft) [STDOUT]:    Mouse X: 233 (entre 227 e 239)? true
[21:19:36] [Render thread/INFO] (Minecraft) [STDOUT]:    Mouse Y: 67 (entre 63 e 75)? true
[21:19:36] [Render thread/INFO] (Minecraft) [STDOUT]: 🟢 HOVER DETECTADO NO ÍCONE INFO!
[21:19:36] [Render thread/INFO] (Minecraft) [STDOUT]:    Mouse X: 233 (entre 227 e 239)? true
[21:19:36] [Render thread/INFO] (Minecraft) [STDOUT]:    Mouse Y: 67 (entre 63 e 75)? true
[21:19:36] [Render thread/INFO] (Minecraft) [STDOUT]: 🟢 HOVER DETECTADO NO ÍCONE INFO!
[21:19:36] [Render thread/INFO] (Minecraft) [STDOUT]:    Mouse X: 233 (entre 227 e 239)? true
[21:19:36] [Render thread/INFO] (Minecraft) [STDOUT]:    Mouse Y: 67 (entre 63 e 75)? true
[21:19:36] [Render thread/INFO] (Minecraft) [STDOUT]: 🟢 HOVER DETECTADO NO ÍCONE INFO!
[21:19:36] [Render thread/INFO] (Minecraft) [STDOUT]:    Mouse X: 233 (entre 227 e 239)? true
[21:19:36] [Render thread/INFO] (Minecraft) [STDOUT]:    Mouse Y: 67 (entre 63 e 75)? true
[21:19:36] [Render thread/INFO] (Minecraft) [STDOUT]: 🟢 HOVER DETECTADO NO ÍCONE INFO!
[21:19:36] [Render thread/INFO] (Minecraft) [STDOUT]:    Mouse X: 233 (entre 227 e 239)? true
[21:19:36] [Render thread/INFO] (Minecraft) [STDOUT]:    Mouse Y: 67 (entre 63 e 75)? true
[21:19:36] [Render thread/INFO] (Minecraft) [STDOUT]: 🟢 HOVER DETECTADO NO ÍCONE INFO!
[21:19:36] [Render thread/INFO] (Minecraft) [STDOUT]:    Mouse X: 233 (entre 227 e 239)? true
[21:19:36] [Render thread/INFO] (Minecraft) [STDOUT]:    Mouse Y: 67 (entre 63 e 75)? true
[21:19:36] [Render thread/INFO] (Minecraft) [STDOUT]: 🟢 HOVER DETECTADO NO ÍCONE INFO!
[21:19:36] [Render thread/INFO] (Minecraft) [STDOUT]:    Mouse X: 233 (entre 227 e 239)? true
[21:19:36] [Render thread/INFO] (Minecraft) [STDOUT]:    Mouse Y: 67 (entre 63 e 75)? true
[21:19:36] [Render thread/INFO] (Minecraft) [STDOUT]: 🟢 HOVER DETECTADO NO ÍCONE INFO!
[21:19:36] [Render thread/INFO] (Minecraft) [STDOUT]:    Mouse X: 233 (entre 227 e 239)? true
[21:19:36] [Render thread/INFO] (Minecraft) [STDOUT]:    Mouse Y: 67 (entre 63 e 75)? true
[21:19:36] [Render thread/INFO] (Minecraft) [STDOUT]: 🟢 HOVER DETECTADO NO ÍCONE INFO!
[21:19:36] [Render thread/INFO] (Minecraft) [STDOUT]:    Mouse X: 233 (entre 227 e 239)? true
[21:19:36] [Render thread/INFO] (Minecraft) [STDOUT]:    Mouse Y: 67 (entre 63 e 75)? true
[21:19:36] [Render thread/INFO] (Minecraft) [STDOUT]: 🟢 HOVER DETECTADO NO ÍCONE INFO!
[21:19:36] [Render thread/INFO] (Minecraft) [STDOUT]:    Mouse X: 233 (entre 227 e 239)? true
[21:19:36] [Render thread/INFO] (Minecraft) [STDOUT]:    Mouse Y: 67 (entre 63 e 75)? true
[21:19:36] [Render thread/INFO] (Minecraft) [STDOUT]: 🟢 HOVER DETECTADO NO ÍCONE INFO!
[21:19:36] [Render thread/INFO] (Minecraft) [STDOUT]:    Mouse X: 233 (entre 227 e 239)? true
[21:19:36] [Render thread/INFO] (Minecraft) [STDOUT]:    Mouse Y: 67 (entre 63 e 75)? true
[21:19:36] [Render thread/INFO] (Minecraft) [STDOUT]: 🟢 HOVER DETECTADO NO ÍCONE INFO!
[21:19:36] [Render thread/INFO] (Minecraft) [STDOUT]:    Mouse X: 233 (entre 227 e 239)? true
[21:19:36] [Render thread/INFO] (Minecraft) [STDOUT]:    Mouse Y: 67 (entre 63 e 75)? true
[21:19:36] [Render thread/INFO] (Minecraft) [STDOUT]: 🟢 HOVER DETECTADO NO ÍCONE INFO!
[21:19:36] [Render thread/INFO] (Minecraft) [STDOUT]:    Mouse X: 233 (entre 227 e 239)? true
[21:19:36] [Render thread/INFO] (Minecraft) [STDOUT]:    Mouse Y: 67 (entre 63 e 75)? true
[21:19:36] [Render thread/INFO] (Minecraft) [STDOUT]: 🟢 HOVER DETECTADO NO ÍCONE INFO!
[21:19:36] [Render thread/INFO] (Minecraft) [STDOUT]:    Mouse X: 233 (entre 227 e 239)? true
[21:19:36] [Render thread/INFO] (Minecraft) [STDOUT]:    Mouse Y: 67 (entre 63 e 75)? true
[21:19:36] [Render thread/INFO] (Minecraft) [STDOUT]: 🟢 HOVER DETECTADO NO ÍCONE INFO!
[21:19:36] [Render thread/INFO] (Minecraft) [STDOUT]:    Mouse X: 233 (entre 227 e 239)? true
[21:19:36] [Render thread/INFO] (Minecraft) [STDOUT]:    Mouse Y: 67 (entre 63 e 75)? true
[21:19:36] [Render thread/INFO] (Minecraft) [STDOUT]: 🟢 HOVER DETECTADO NO ÍCONE INFO!
[21:19:36] [Render thread/INFO] (Minecraft) [STDOUT]:    Mouse X: 233 (entre 227 e 239)? true
[21:19:36] [Render thread/INFO] (Minecraft) [STDOUT]:    Mouse Y: 67 (entre 63 e 75)? true
[21:19:36] [Render thread/INFO] (Minecraft) [STDOUT]: 🟢 HOVER DETECTADO NO ÍCONE INFO!
[21:19:36] [Render thread/INFO] (Minecraft) [STDOUT]:    Mouse X: 233 (entre 227 e 239)? true
[21:19:36] [Render thread/INFO] (Minecraft) [STDOUT]:    Mouse Y: 67 (entre 63 e 75)? true
[21:19:36] [Render thread/INFO] (Minecraft) [STDOUT]: 🟢 HOVER DETECTADO NO ÍCONE INFO!
[21:19:36] [Render thread/INFO] (Minecraft) [STDOUT]:    Mouse X: 233 (entre 227 e 239)? true
[21:19:36] [Render thread/INFO] (Minecraft) [STDOUT]:    Mouse Y: 67 (entre 63 e 75)? true
[21:19:36] [Render thread/INFO] (Minecraft) [STDOUT]: 🟢 HOVER DETECTADO NO ÍCONE INFO!
[21:19:36] [Render thread/INFO] (Minecraft) [STDOUT]:    Mouse X: 233 (entre 227 e 239)? true
[21:19:36] [Render thread/INFO] (Minecraft) [STDOUT]:    Mouse Y: 67 (entre 63 e 75)? true
[21:19:36] [Render thread/INFO] (Minecraft) [STDOUT]: 🟢 HOVER DETECTADO NO ÍCONE INFO!
[21:19:36] [Render thread/INFO] (Minecraft) [STDOUT]:    Mouse X: 233 (entre 227 e 239)? true
[21:19:36] [Render thread/INFO] (Minecraft) [STDOUT]:    Mouse Y: 67 (entre 63 e 75)? true
[21:19:36] [Render thread/INFO] (Minecraft) [STDOUT]: 🟢 HOVER DETECTADO NO ÍCONE INFO!
[21:19:36] [Render thread/INFO] (Minecraft) [STDOUT]:    Mouse X: 233 (entre 227 e 239)? true
[21:19:36] [Render thread/INFO] (Minecraft) [STDOUT]:    Mouse Y: 67 (entre 63 e 75)? true
[21:19:36] [Render thread/INFO] (Minecraft) [STDOUT]: 🟢 HOVER DETECTADO NO ÍCONE INFO!
[21:19:36] [Render thread/INFO] (Minecraft) [STDOUT]:    Mouse X: 233 (entre 227 e 239)? true
[21:19:36] [Render thread/INFO] (Minecraft) [STDOUT]:    Mouse Y: 67 (entre 63 e 75)? true
[21:19:36] [Render thread/INFO] (Minecraft) [STDOUT]: 🟢 HOVER DETECTADO NO ÍCONE INFO!
[21:19:36] [Render thread/INFO] (Minecraft) [STDOUT]:    Mouse X: 233 (entre 227 e 239)? true
[21:19:36] [Render thread/INFO] (Minecraft) [STDOUT]:    Mouse Y: 67 (entre 63 e 75)? true
[21:19:36] [Render thread/INFO] (Minecraft) [STDOUT]: 🟢 HOVER DETECTADO NO ÍCONE INFO!
[21:19:36] [Render thread/INFO] (Minecraft) [STDOUT]:    Mouse X: 233 (entre 227 e 239)? true
[21:19:36] [Render thread/INFO] (Minecraft) [STDOUT]:    Mouse Y: 67 (entre 63 e 75)? true
[21:19:36] [Render thread/INFO] (Minecraft) [STDOUT]: 🟢 HOVER DETECTADO NO ÍCONE INFO!
[21:19:36] [Render thread/INFO] (Minecraft) [STDOUT]:    Mouse X: 233 (entre 227 e 239)? true
[21:19:36] [Render thread/INFO] (Minecraft) [STDOUT]:    Mouse Y: 67 (entre 63 e 75)? true
[21:19:36] [Render thread/INFO] (Minecraft) [STDOUT]: 🟢 HOVER DETECTADO NO ÍCONE INFO!
[21:19:36] [Render thread/INFO] (Minecraft) [STDOUT]:    Mouse X: 233 (entre 227 e 239)? true
[21:19:36] [Render thread/INFO] (Minecraft) [STDOUT]:    Mouse Y: 67 (entre 63 e 75)? true
[21:19:36] [Render thread/INFO] (Minecraft) [STDOUT]: 🟢 HOVER DETECTADO NO ÍCONE INFO!
[21:19:36] [Render thread/INFO] (Minecraft) [STDOUT]:    Mouse X: 233 (entre 227 e 239)? true
[21:19:36] [Render thread/INFO] (Minecraft) [STDOUT]:    Mouse Y: 67 (entre 63 e 75)? true
[21:19:36] [Render thread/INFO] (Minecraft) [STDOUT]: 🟢 HOVER DETECTADO NO ÍCONE INFO!
[21:19:36] [Render thread/INFO] (Minecraft) [STDOUT]:    Mouse X: 233 (entre 227 e 239)? true
[21:19:36] [Render thread/INFO] (Minecraft) [STDOUT]:    Mouse Y: 67 (entre 63 e 75)? true
[21:19:36] [Render thread/INFO] (Minecraft) [STDOUT]: 🟢 HOVER DETECTADO NO ÍCONE INFO!
[21:19:36] [Render thread/INFO] (Minecraft) [STDOUT]:    Mouse X: 233 (entre 227 e 239)? true
[21:19:36] [Render thread/INFO] (Minecraft) [STDOUT]:    Mouse Y: 67 (entre 63 e 75)? true
[21:19:36] [Render thread/INFO] (Minecraft) [STDOUT]: 🟢 HOVER DETECTADO NO ÍCONE INFO!
[21:19:36] [Render thread/INFO] (Minecraft) [STDOUT]:    Mouse X: 233 (entre 227 e 239)? true
[21:19:36] [Render thread/INFO] (Minecraft) [STDOUT]:    Mouse Y: 67 (entre 63 e 75)? true
[21:19:36] [Render thread/INFO] (Minecraft) [STDOUT]: 🟢 HOVER DETECTADO NO ÍCONE INFO!
[21:19:36] [Render thread/INFO] (Minecraft) [STDOUT]:    Mouse X: 233 (entre 227 e 239)? true
[21:19:36] [Render thread/INFO] (Minecraft) [STDOUT]:    Mouse Y: 67 (entre 63 e 75)? true
[21:19:36] [Render thread/INFO] (Minecraft) [STDOUT]: 🟢 HOVER DETECTADO NO ÍCONE INFO!
[21:19:36] [Render thread/INFO] (Minecraft) [STDOUT]:    Mouse X: 233 (entre 227 e 239)? true
[21:19:36] [Render thread/INFO] (Minecraft) [STDOUT]:    Mouse Y: 67 (entre 63 e 75)? true
[21:19:36] [Render thread/INFO] (Minecraft) [STDOUT]: 🟢 HOVER DETECTADO NO ÍCONE INFO!
[21:19:36] [Render thread/INFO] (Minecraft) [STDOUT]:    Mouse X: 233 (entre 227 e 239)? true
[21:19:36] [Render thread/INFO] (Minecraft) [STDOUT]:    Mouse Y: 67 (entre 63 e 75)? true
[21:19:36] [Render thread/INFO] (Minecraft) [STDOUT]: 🟢 HOVER DETECTADO NO ÍCONE INFO!
[21:19:36] [Render thread/INFO] (Minecraft) [STDOUT]:    Mouse X: 233 (entre 227 e 239)? true
[21:19:36] [Render thread/INFO] (Minecraft) [STDOUT]:    Mouse Y: 67 (entre 63 e 75)? true
[21:19:36] [Render thread/INFO] (Minecraft) [STDOUT]: 🟢 HOVER DETECTADO NO ÍCONE INFO!
[21:19:36] [Render thread/INFO] (Minecraft) [STDOUT]:    Mouse X: 233 (entre 227 e 239)? true
[21:19:36] [Render thread/INFO] (Minecraft) [STDOUT]:    Mouse Y: 67 (entre 63 e 75)? true
[21:19:36] [Render thread/INFO] (Minecraft) [STDOUT]: 🟢 HOVER DETECTADO NO ÍCONE INFO!
[21:19:36] [Render thread/INFO] (Minecraft) [STDOUT]:    Mouse X: 233 (entre 227 e 239)? true
[21:19:36] [Render thread/INFO] (Minecraft) [STDOUT]:    Mouse Y: 67 (entre 63 e 75)? true
[21:19:36] [Render thread/INFO] (Minecraft) [STDOUT]: 🟢 HOVER DETECTADO NO ÍCONE INFO!
[21:19:36] [Render thread/INFO] (Minecraft) [STDOUT]:    Mouse X: 233 (entre 227 e 239)? true
[21:19:36] [Render thread/INFO] (Minecraft) [STDOUT]:    Mouse Y: 67 (entre 63 e 75)? true
[21:19:36] [Render thread/INFO] (Minecraft) [STDOUT]: 🟢 HOVER DETECTADO NO ÍCONE INFO!
[21:19:36] [Render thread/INFO] (Minecraft) [STDOUT]:    Mouse X: 233 (entre 227 e 239)? true
[21:19:36] [Render thread/INFO] (Minecraft) [STDOUT]:    Mouse Y: 67 (entre 63 e 75)? true
[21:19:36] [Render thread/INFO] (Minecraft) [STDOUT]: 🟢 HOVER DETECTADO NO ÍCONE INFO!
[21:19:36] [Render thread/INFO] (Minecraft) [STDOUT]:    Mouse X: 233 (entre 227 e 239)? true
[21:19:36] [Render thread/INFO] (Minecraft) [STDOUT]:    Mouse Y: 67 (entre 63 e 75)? true
[21:19:36] [Render thread/INFO] (Minecraft) [STDOUT]: 🟢 HOVER DETECTADO NO ÍCONE INFO!
[21:19:36] [Render thread/INFO] (Minecraft) [STDOUT]:    Mouse X: 233 (entre 227 e 239)? true
[21:19:36] [Render thread/INFO] (Minecraft) [STDOUT]:    Mouse Y: 67 (entre 63 e 75)? true
[21:19:36] [Render thread/INFO] (Minecraft) [STDOUT]: 🟢 HOVER DETECTADO NO ÍCONE INFO!
[21:19:36] [Render thread/INFO] (Minecraft) [STDOUT]:    Mouse X: 233 (entre 227 e 239)? true
[21:19:36] [Render thread/INFO] (Minecraft) [STDOUT]:    Mouse Y: 67 (entre 63 e 75)? true
[21:19:36] [Render thread/INFO] (Minecraft) [STDOUT]: 🟢 HOVER DETECTADO NO ÍCONE INFO!
[21:19:36] [Render thread/INFO] (Minecraft) [STDOUT]:    Mouse X: 233 (entre 227 e 239)? true
[21:19:36] [Render thread/INFO] (Minecraft) [STDOUT]:    Mouse Y: 67 (entre 63 e 75)? true
[21:19:36] [Render thread/INFO] (Minecraft) [STDOUT]: 🟢 HOVER DETECTADO NO ÍCONE INFO!
[21:19:36] [Render thread/INFO] (Minecraft) [STDOUT]:    Mouse X: 233 (entre 227 e 239)? true
[21:19:36] [Render thread/INFO] (Minecraft) [STDOUT]:    Mouse Y: 67 (entre 63 e 75)? true
[21:19:36] [Render thread/INFO] (Minecraft) [STDOUT]: 🟢 HOVER DETECTADO NO ÍCONE INFO!
[21:19:36] [Render thread/INFO] (Minecraft) [STDOUT]:    Mouse X: 233 (entre 227 e 239)? true
[21:19:36] [Render thread/INFO] (Minecraft) [STDOUT]:    Mouse Y: 67 (entre 63 e 75)? true
[21:19:36] [Render thread/INFO] (Minecraft) [STDOUT]: 🟢 HOVER DETECTADO NO ÍCONE INFO!
[21:19:36] [Render thread/INFO] (Minecraft) [STDOUT]:    Mouse X: 233 (entre 227 e 239)? true
[21:19:36] [Render thread/INFO] (Minecraft) [STDOUT]:    Mouse Y: 67 (entre 63 e 75)? true
[21:19:36] [Render thread/INFO] (Minecraft) [STDOUT]: 🟢 HOVER DETECTADO NO ÍCONE INFO!
[21:19:36] [Render thread/INFO] (Minecraft) [STDOUT]:    Mouse X: 233 (entre 227 e 239)? true
[21:19:36] [Render thread/INFO] (Minecraft) [STDOUT]:    Mouse Y: 67 (entre 63 e 75)? true
[21:19:36] [Render thread/INFO] (Minecraft) [STDOUT]: 🟢 HOVER DETECTADO NO ÍCONE INFO!
[21:19:36] [Render thread/INFO] (Minecraft) [STDOUT]:    Mouse X: 233 (entre 227 e 239)? true
[21:19:36] [Render thread/INFO] (Minecraft) [STDOUT]:    Mouse Y: 67 (entre 63 e 75)? true
[21:19:36] [Render thread/INFO] (Minecraft) [STDOUT]: 🟢 HOVER DETECTADO NO ÍCONE INFO!
[21:19:36] [Render thread/INFO] (Minecraft) [STDOUT]:    Mouse X: 233 (entre 227 e 239)? true
[21:19:36] [Render thread/INFO] (Minecraft) [STDOUT]:    Mouse Y: 67 (entre 63 e 75)? true
[21:19:36] [Render thread/INFO] (Minecraft) [STDOUT]: 🟢 HOVER DETECTADO NO ÍCONE INFO!
[21:19:36] [Render thread/INFO] (Minecraft) [STDOUT]:    Mouse X: 233 (entre 227 e 239)? true
[21:19:36] [Render thread/INFO] (Minecraft) [STDOUT]:    Mouse Y: 67 (entre 63 e 75)? true
[21:19:36] [Render thread/INFO] (Minecraft) [STDOUT]: 🟢 HOVER DETECTADO NO ÍCONE INFO!
[21:19:36] [Render thread/INFO] (Minecraft) [STDOUT]:    Mouse X: 233 (entre 227 e 239)? true
[21:19:36] [Render thread/INFO] (Minecraft) [STDOUT]:    Mouse Y: 67 (entre 63 e 75)? true
[21:19:36] [Render thread/INFO] (Minecraft) [STDOUT]: 🟢 HOVER DETECTADO NO ÍCONE INFO!
[21:19:36] [Render thread/INFO] (Minecraft) [STDOUT]:    Mouse X: 233 (entre 227 e 239)? true
[21:19:36] [Render thread/INFO] (Minecraft) [STDOUT]:    Mouse Y: 67 (entre 63 e 75)? true
[21:19:36] [Render thread/INFO] (Minecraft) [STDOUT]: 🟢 HOVER DETECTADO NO ÍCONE INFO!
[21:19:36] [Render thread/INFO] (Minecraft) [STDOUT]:    Mouse X: 233 (entre 227 e 239)? true
[21:19:36] [Render thread/INFO] (Minecraft) [STDOUT]:    Mouse Y: 67 (entre 63 e 75)? true
[21:19:36] [Render thread/INFO] (Minecraft) [STDOUT]: 🟢 HOVER DETECTADO NO ÍCONE INFO!
[21:19:36] [Render thread/INFO] (Minecraft) [STDOUT]:    Mouse X: 233 (entre 227 e 239)? true
[21:19:36] [Render thread/INFO] (Minecraft) [STDOUT]:    Mouse Y: 67 (entre 63 e 75)? true
[21:19:36] [Render thread/INFO] (Minecraft) [STDOUT]: 🟢 HOVER DETECTADO NO ÍCONE INFO!
[21:19:36] [Render thread/INFO] (Minecraft) [STDOUT]:    Mouse X: 233 (entre 227 e 239)? true
[21:19:36] [Render thread/INFO] (Minecraft) [STDOUT]:    Mouse Y: 67 (entre 63 e 75)? true
[21:19:36] [Render thread/INFO] (Minecraft) [STDOUT]: 🟢 HOVER DETECTADO NO ÍCONE INFO!
[21:19:36] [Render thread/INFO] (Minecraft) [STDOUT]:    Mouse X: 233 (entre 227 e 239)? true
[21:19:36] [Render thread/INFO] (Minecraft) [STDOUT]:    Mouse Y: 67 (entre 63 e 75)? true
[21:19:36] [Render thread/INFO] (Minecraft) [STDOUT]: 🟢 HOVER DETECTADO NO ÍCONE INFO!
[21:19:36] [Render thread/INFO] (Minecraft) [STDOUT]:    Mouse X: 233 (entre 227 e 239)? true
[21:19:36] [Render thread/INFO] (Minecraft) [STDOUT]:    Mouse Y: 67 (entre 63 e 75)? true
[21:19:36] [Render thread/INFO] (Minecraft) [STDOUT]: 🟢 HOVER DETECTADO NO ÍCONE INFO!
[21:19:36] [Render thread/INFO] (Minecraft) [STDOUT]:    Mouse X: 233 (entre 227 e 239)? true
[21:19:36] [Render thread/INFO] (Minecraft) [STDOUT]:    Mouse Y: 67 (entre 63 e 75)? true
[21:19:36] [Render thread/INFO] (Minecraft) [STDOUT]: 🟢 HOVER DETECTADO NO ÍCONE INFO!
[21:19:36] [Render thread/INFO] (Minecraft) [STDOUT]:    Mouse X: 233 (entre 227 e 239)? true
[21:19:36] [Render thread/INFO] (Minecraft) [STDOUT]:    Mouse Y: 67 (entre 63 e 75)? true
[21:19:36] [Render thread/INFO] (Minecraft) [STDOUT]: 🟢 HOVER DETECTADO NO ÍCONE INFO!
[21:19:36] [Render thread/INFO] (Minecraft) [STDOUT]:    Mouse X: 233 (entre 227 e 239)? true
[21:19:36] [Render thread/INFO] (Minecraft) [STDOUT]:    Mouse Y: 67 (entre 63 e 75)? true
[21:19:36] [Render thread/INFO] (Minecraft) [STDOUT]: 🟢 HOVER DETECTADO NO ÍCONE INFO!
[21:19:36] [Render thread/INFO] (Minecraft) [STDOUT]:    Mouse X: 233 (entre 227 e 239)? true
[21:19:36] [Render thread/INFO] (Minecraft) [STDOUT]:    Mouse Y: 67 (entre 63 e 75)? true
[21:19:36] [Render thread/INFO] (Minecraft) [STDOUT]: 🟢 HOVER DETECTADO NO ÍCONE INFO!
[21:19:36] [Render thread/INFO] (Minecraft) [STDOUT]:    Mouse X: 233 (entre 227 e 239)? true
[21:19:36] [Render thread/INFO] (Minecraft) [STDOUT]:    Mouse Y: 67 (entre 63 e 75)? true
[21:19:36] [Render thread/INFO] (Minecraft) [STDOUT]: 🟢 HOVER DETECTADO NO ÍCONE INFO!
[21:19:36] [Render thread/INFO] (Minecraft) [STDOUT]:    Mouse X: 233 (entre 227 e 239)? true
[21:19:36] [Render thread/INFO] (Minecraft) [STDOUT]:    Mouse Y: 67 (entre 63 e 75)? true
[21:19:36] [Render thread/INFO] (Minecraft) [STDOUT]: 🟢 HOVER DETECTADO NO ÍCONE INFO!
[21:19:36] [Render thread/INFO] (Minecraft) [STDOUT]:    Mouse X: 233 (entre 227 e 239)? true
[21:19:36] [Render thread/INFO] (Minecraft) [STDOUT]:    Mouse Y: 67 (entre 63 e 75)? true
[21:19:36] [Render thread/INFO] (Minecraft) [STDOUT]: 🟢 HOVER DETECTADO NO ÍCONE INFO!
[21:19:36] [Render thread/INFO] (Minecraft) [STDOUT]:    Mouse X: 233 (entre 227 e 239)? true
[21:19:36] [Render thread/INFO] (Minecraft) [STDOUT]:    Mouse Y: 67 (entre 63 e 75)? true
[21:19:36] [Render thread/INFO] (Minecraft) [STDOUT]: 🟢 HOVER DETECTADO NO ÍCONE INFO!
[21:19:36] [Render thread/INFO] (Minecraft) [STDOUT]:    Mouse X: 233 (entre 227 e 239)? true
[21:19:36] [Render thread/INFO] (Minecraft) [STDOUT]:    Mouse Y: 67 (entre 63 e 75)? true
[21:19:36] [Render thread/INFO] (Minecraft) [STDOUT]: 🟢 HOVER DETECTADO NO ÍCONE INFO!
[21:19:36] [Render thread/INFO] (Minecraft) [STDOUT]:    Mouse X: 233 (entre 227 e 239)? true
[21:19:36] [Render thread/INFO] (Minecraft) [STDOUT]:    Mouse Y: 67 (entre 63 e 75)? true
[21:19:36] [Render thread/INFO] (Minecraft) [STDOUT]: 🟢 HOVER DETECTADO NO ÍCONE INFO!
[21:19:36] [Render thread/INFO] (Minecraft) [STDOUT]:    Mouse X: 233 (entre 227 e 239)? true
[21:19:36] [Render thread/INFO] (Minecraft) [STDOUT]:    Mouse Y: 67 (entre 63 e 75)? true
[21:19:36] [Render thread/INFO] (Minecraft) [STDOUT]: 🟢 HOVER DETECTADO NO ÍCONE INFO!
[21:19:36] [Render thread/INFO] (Minecraft) [STDOUT]:    Mouse X: 233 (entre 227 e 239)? true
[21:19:36] [Render thread/INFO] (Minecraft) [STDOUT]:    Mouse Y: 67 (entre 63 e 75)? true
[21:19:36] [Render thread/INFO] (Minecraft) [STDOUT]: 🟢 HOVER DETECTADO NO ÍCONE INFO!
[21:19:36] [Render thread/INFO] (Minecraft) [STDOUT]:    Mouse X: 233 (entre 227 e 239)? true
[21:19:36] [Render thread/INFO] (Minecraft) [STDOUT]:    Mouse Y: 67 (entre 63 e 75)? true
[21:19:36] [Render thread/INFO] (Minecraft) [STDOUT]: 🟢 HOVER DETECTADO NO ÍCONE INFO!
[21:19:36] [Render thread/INFO] (Minecraft) [STDOUT]:    Mouse X: 233 (entre 227 e 239)? true
[21:19:36] [Render thread/INFO] (Minecraft) [STDOUT]:    Mouse Y: 67 (entre 63 e 75)? true
[21:19:36] [Render thread/INFO] (Minecraft) [STDOUT]: 🟢 HOVER DETECTADO NO ÍCONE INFO!
[21:19:36] [Render thread/INFO] (Minecraft) [STDOUT]:    Mouse X: 233 (entre 227 e 239)? true
[21:19:36] [Render thread/INFO] (Minecraft) [STDOUT]:    Mouse Y: 67 (entre 63 e 75)? true
[21:19:36] [Render thread/INFO] (Minecraft) [STDOUT]: 🟢 HOVER DETECTADO NO ÍCONE INFO!
[21:19:36] [Render thread/INFO] (Minecraft) [STDOUT]:    Mouse X: 233 (entre 227 e 239)? true
[21:19:36] [Render thread/INFO] (Minecraft) [STDOUT]:    Mouse Y: 67 (entre 63 e 75)? true
[21:19:36] [Render thread/INFO] (Minecraft) [STDOUT]: 🟢 HOVER DETECTADO NO ÍCONE INFO!
[21:19:36] [Render thread/INFO] (Minecraft) [STDOUT]:    Mouse X: 233 (entre 227 e 239)? true
[21:19:36] [Render thread/INFO] (Minecraft) [STDOUT]:    Mouse Y: 67 (entre 63 e 75)? true
[21:19:36] [Render thread/INFO] (Minecraft) [STDOUT]: 🟢 HOVER DETECTADO NO ÍCONE INFO!
[21:19:36] [Render thread/INFO] (Minecraft) [STDOUT]:    Mouse X: 233 (entre 227 e 239)? true
[21:19:36] [Render thread/INFO] (Minecraft) [STDOUT]:    Mouse Y: 67 (entre 63 e 75)? true
[21:19:36] [Render thread/INFO] (Minecraft) [STDOUT]: 🟢 HOVER DETECTADO NO ÍCONE INFO!
[21:19:36] [Render thread/INFO] (Minecraft) [STDOUT]:    Mouse X: 233 (entre 227 e 239)? true
[21:19:36] [Render thread/INFO] (Minecraft) [STDOUT]:    Mouse Y: 67 (entre 63 e 75)? true
[21:19:36] [Render thread/INFO] (Minecraft) [STDOUT]: 🟢 HOVER DETECTADO NO ÍCONE INFO!
[21:19:36] [Render thread/INFO] (Minecraft) [STDOUT]:    Mouse X: 233 (entre 227 e 239)? true
[21:19:36] [Render thread/INFO] (Minecraft) [STDOUT]:    Mouse Y: 67 (entre 63 e 75)? true
[21:19:36] [Render thread/INFO] (Minecraft) [STDOUT]: 🟢 HOVER DETECTADO NO ÍCONE INFO!
[21:19:36] [Render thread/INFO] (Minecraft) [STDOUT]:    Mouse X: 233 (entre 227 e 239)? true
[21:19:36] [Render thread/INFO] (Minecraft) [STDOUT]:    Mouse Y: 67 (entre 63 e 75)? true
[21:19:36] [Render thread/INFO] (Minecraft) [STDOUT]: 🟢 HOVER DETECTADO NO ÍCONE INFO!
[21:19:36] [Render thread/INFO] (Minecraft) [STDOUT]:    Mouse X: 233 (entre 227 e 239)? true
[21:19:36] [Render thread/INFO] (Minecraft) [STDOUT]:    Mouse Y: 67 (entre 63 e 75)? true
[21:19:36] [Render thread/INFO] (Minecraft) [STDOUT]: 🟢 HOVER DETECTADO NO ÍCONE INFO!
[21:19:36] [Render thread/INFO] (Minecraft) [STDOUT]:    Mouse X: 233 (entre 227 e 239)? true
[21:19:36] [Render thread/INFO] (Minecraft) [STDOUT]:    Mouse Y: 67 (entre 63 e 75)? true
[21:19:36] [Render thread/INFO] (Minecraft) [STDOUT]: 🟢 HOVER DETECTADO NO ÍCONE INFO!
[21:19:36] [Render thread/INFO] (Minecraft) [STDOUT]:    Mouse X: 233 (entre 227 e 239)? true
[21:19:36] [Render thread/INFO] (Minecraft) [STDOUT]:    Mouse Y: 67 (entre 63 e 75)? true
[21:19:36] [Render thread/INFO] (Minecraft) [STDOUT]: 🟢 HOVER DETECTADO NO ÍCONE INFO!
[21:19:36] [Render thread/INFO] (Minecraft) [STDOUT]:    Mouse X: 233 (entre 227 e 239)? true
[21:19:36] [Render thread/INFO] (Minecraft) [STDOUT]:    Mouse Y: 67 (entre 63 e 75)? true
[21:19:36] [Render thread/INFO] (Minecraft) [STDOUT]: 🟢 HOVER DETECTADO NO ÍCONE INFO!
[21:19:36] [Render thread/INFO] (Minecraft) [STDOUT]:    Mouse X: 233 (entre 227 e 239)? true
[21:19:36] [Render thread/INFO] (Minecraft) [STDOUT]:    Mouse Y: 67 (entre 63 e 75)? true
[21:19:36] [Render thread/INFO] (Minecraft) [STDOUT]: 🟢 HOVER DETECTADO NO ÍCONE INFO!
[21:19:36] [Render thread/INFO] (Minecraft) [STDOUT]:    Mouse X: 233 (entre 227 e 239)? true
[21:19:36] [Render thread/INFO] (Minecraft) [STDOUT]:    Mouse Y: 67 (entre 63 e 75)? true
[21:19:36] [Render thread/INFO] (Minecraft) [STDOUT]: 🟢 HOVER DETECTADO NO ÍCONE INFO!
[21:19:36] [Render thread/INFO] (Minecraft) [STDOUT]:    Mouse X: 233 (entre 227 e 239)? true
[21:19:36] [Render thread/INFO] (Minecraft) [STDOUT]:    Mouse Y: 67 (entre 63 e 75)? true
[21:19:36] [Render thread/INFO] (Minecraft) [STDOUT]: 🟢 HOVER DETECTADO NO ÍCONE INFO!
[21:19:36] [Render thread/INFO] (Minecraft) [STDOUT]:    Mouse X: 233 (entre 227 e 239)? true
[21:19:36] [Render thread/INFO] (Minecraft) [STDOUT]:    Mouse Y: 67 (entre 63 e 75)? true
[21:19:36] [Render thread/INFO] (Minecraft) [STDOUT]: 🟢 HOVER DETECTADO NO ÍCONE INFO!
[21:19:36] [Render thread/INFO] (Minecraft) [STDOUT]:    Mouse X: 233 (entre 227 e 239)? true
[21:19:36] [Render thread/INFO] (Minecraft) [STDOUT]:    Mouse Y: 67 (entre 63 e 75)? true
[21:19:36] [Render thread/INFO] (Minecraft) [STDOUT]: 🟢 HOVER DETECTADO NO ÍCONE INFO!
[21:19:36] [Render thread/INFO] (Minecraft) [STDOUT]:    Mouse X: 233 (entre 227 e 239)? true
[21:19:36] [Render thread/INFO] (Minecraft) [STDOUT]:    Mouse Y: 67 (entre 63 e 75)? true
[21:19:36] [Render thread/INFO] (Minecraft) [STDOUT]: 🟢 HOVER DETECTADO NO ÍCONE INFO!
[21:19:36] [Render thread/INFO] (Minecraft) [STDOUT]:    Mouse X: 233 (entre 227 e 239)? true
[21:19:36] [Render thread/INFO] (Minecraft) [STDOUT]:    Mouse Y: 67 (entre 63 e 75)? true
[21:19:36] [Render thread/INFO] (Minecraft) [STDOUT]: 🟢 HOVER DETECTADO NO ÍCONE INFO!
[21:19:36] [Render thread/INFO] (Minecraft) [STDOUT]:    Mouse X: 233 (entre 227 e 239)? true
[21:19:36] [Render thread/INFO] (Minecraft) [STDOUT]:    Mouse Y: 67 (entre 63 e 75)? true
[21:19:36] [Render thread/INFO] (Minecraft) [STDOUT]: 🟢 HOVER DETECTADO NO ÍCONE INFO!
[21:19:36] [Render thread/INFO] (Minecraft) [STDOUT]:    Mouse X: 233 (entre 227 e 239)? true
[21:19:36] [Render thread/INFO] (Minecraft) [STDOUT]:    Mouse Y: 67 (entre 63 e 75)? true
[21:19:36] [Render thread/INFO] (Minecraft) [STDOUT]: 🟢 HOVER DETECTADO NO ÍCONE INFO!
[21:19:36] [Render thread/INFO] (Minecraft) [STDOUT]:    Mouse X: 233 (entre 227 e 239)? true
[21:19:36] [Render thread/INFO] (Minecraft) [STDOUT]:    Mouse Y: 67 (entre 63 e 75)? true
[21:19:36] [Render thread/INFO] (Minecraft) [STDOUT]: 🟢 HOVER DETECTADO NO ÍCONE INFO!
[21:19:36] [Render thread/INFO] (Minecraft) [STDOUT]:    Mouse X: 233 (entre 227 e 239)? true
[21:19:36] [Render thread/INFO] (Minecraft) [STDOUT]:    Mouse Y: 67 (entre 63 e 75)? true
[21:19:36] [Render thread/INFO] (Minecraft) [STDOUT]: 🟢 HOVER DETECTADO NO ÍCONE INFO!
[21:19:36] [Render thread/INFO] (Minecraft) [STDOUT]:    Mouse X: 233 (entre 227 e 239)? true
[21:19:36] [Render thread/INFO] (Minecraft) [STDOUT]:    Mouse Y: 67 (entre 63 e 75)? true
[21:19:36] [Render thread/INFO] (Minecraft) [STDOUT]: 🟢 HOVER DETECTADO NO ÍCONE INFO!
[21:19:36] [Render thread/INFO] (Minecraft) [STDOUT]:    Mouse X: 233 (entre 227 e 239)? true
[21:19:36] [Render thread/INFO] (Minecraft) [STDOUT]:    Mouse Y: 67 (entre 63 e 75)? true
[21:19:37] [Render thread/INFO] (Minecraft) [STDOUT]: 🟢 HOVER DETECTADO NO ÍCONE INFO!
[21:19:37] [Render thread/INFO] (Minecraft) [STDOUT]:    Mouse X: 233 (entre 227 e 239)? true
[21:19:37] [Render thread/INFO] (Minecraft) [STDOUT]:    Mouse Y: 67 (entre 63 e 75)? true
[21:19:37] [Render thread/INFO] (Minecraft) [STDOUT]: 🟢 HOVER DETECTADO NO ÍCONE INFO!
[21:19:37] [Render thread/INFO] (Minecraft) [STDOUT]:    Mouse X: 233 (entre 227 e 239)? true
[21:19:37] [Render thread/INFO] (Minecraft) [STDOUT]:    Mouse Y: 67 (entre 63 e 75)? true
[21:19:37] [Render thread/INFO] (Minecraft) [STDOUT]: 🟢 HOVER DETECTADO NO ÍCONE INFO!
[21:19:37] [Render thread/INFO] (Minecraft) [STDOUT]:    Mouse X: 233 (entre 227 e 239)? true
[21:19:37] [Render thread/INFO] (Minecraft) [STDOUT]:    Mouse Y: 67 (entre 63 e 75)? true
[21:19:37] [Render thread/INFO] (Minecraft) [STDOUT]: 🟢 HOVER DETECTADO NO ÍCONE INFO!
[21:19:37] [Render thread/INFO] (Minecraft) [STDOUT]:    Mouse X: 233 (entre 227 e 239)? true
[21:19:37] [Render thread/INFO] (Minecraft) [STDOUT]:    Mouse Y: 67 (entre 63 e 75)? true
[21:19:37] [Render thread/INFO] (Minecraft) [STDOUT]: 🟢 HOVER DETECTADO NO ÍCONE INFO!
[21:19:37] [Render thread/INFO] (Minecraft) [STDOUT]:    Mouse X: 233 (entre 227 e 239)? true
[21:19:37] [Render thread/INFO] (Minecraft) [STDOUT]:    Mouse Y: 67 (entre 63 e 75)? true
[21:19:37] [Render thread/INFO] (Minecraft) [STDOUT]: 🟢 HOVER DETECTADO NO ÍCONE INFO!
[21:19:37] [Render thread/INFO] (Minecraft) [STDOUT]:    Mouse X: 233 (entre 227 e 239)? true
[21:19:37] [Render thread/INFO] (Minecraft) [STDOUT]:    Mouse Y: 67 (entre 63 e 75)? true
[21:19:37] [Render thread/INFO] (Minecraft) [STDOUT]: 🟢 HOVER DETECTADO NO ÍCONE INFO!
[21:19:37] [Render thread/INFO] (Minecraft) [STDOUT]:    Mouse X: 233 (entre 227 e 239)? true
[21:19:37] [Render thread/INFO] (Minecraft) [STDOUT]:    Mouse Y: 67 (entre 63 e 75)? true
[21:19:37] [Render thread/INFO] (Minecraft) [STDOUT]: 🟢 HOVER DETECTADO NO ÍCONE INFO!
[21:19:37] [Render thread/INFO] (Minecraft) [STDOUT]:    Mouse X: 233 (entre 227 e 239)? true
[21:19:37] [Render thread/INFO] (Minecraft) [STDOUT]:    Mouse Y: 67 (entre 63 e 75)? true
[21:19:37] [Render thread/INFO] (Minecraft) [STDOUT]: 🟢 HOVER DETECTADO NO ÍCONE INFO!
[21:19:37] [Render thread/INFO] (Minecraft) [STDOUT]:    Mouse X: 233 (entre 227 e 239)? true
[21:19:37] [Render thread/INFO] (Minecraft) [STDOUT]:    Mouse Y: 67 (entre 63 e 75)? true
[21:19:37] [Render thread/INFO] (Minecraft) [STDOUT]: 🟢 HOVER DETECTADO NO ÍCONE INFO!
[21:19:37] [Render thread/INFO] (Minecraft) [STDOUT]:    Mouse X: 233 (entre 227 e 239)? true
[21:19:37] [Render thread/INFO] (Minecraft) [STDOUT]:    Mouse Y: 67 (entre 63 e 75)? true
[21:19:37] [Render thread/INFO] (Minecraft) [STDOUT]: 🟢 HOVER DETECTADO NO ÍCONE INFO!
[21:19:37] [Render thread/INFO] (Minecraft) [STDOUT]:    Mouse X: 233 (entre 227 e 239)? true
[21:19:37] [Render thread/INFO] (Minecraft) [STDOUT]:    Mouse Y: 67 (entre 63 e 75)? true
[21:19:37] [Render thread/INFO] (Minecraft) [STDOUT]: 🟢 HOVER DETECTADO NO ÍCONE INFO!
[21:19:37] [Render thread/INFO] (Minecraft) [STDOUT]:    Mouse X: 233 (entre 227 e 239)? true
[21:19:37] [Render thread/INFO] (Minecraft) [STDOUT]:    Mouse Y: 67 (entre 63 e 75)? true
[21:19:37] [Render thread/INFO] (Minecraft) [STDOUT]: 🟢 HOVER DETECTADO NO ÍCONE INFO!
[21:19:37] [Render thread/INFO] (Minecraft) [STDOUT]:    Mouse X: 233 (entre 227 e 239)? true
[21:19:37] [Render thread/INFO] (Minecraft) [STDOUT]:    Mouse Y: 67 (entre 63 e 75)? true
[21:19:37] [Render thread/INFO] (Minecraft) [STDOUT]: 🟢 HOVER DETECTADO NO ÍCONE INFO!
[21:19:37] [Render thread/INFO] (Minecraft) [STDOUT]:    Mouse X: 233 (entre 227 e 239)? true
[21:19:37] [Render thread/INFO] (Minecraft) [STDOUT]:    Mouse Y: 67 (entre 63 e 75)? true
[21:19:37] [Render thread/INFO] (Minecraft) [STDOUT]: 🟢 HOVER DETECTADO NO ÍCONE INFO!
[21:19:37] [Render thread/INFO] (Minecraft) [STDOUT]:    Mouse X: 233 (entre 227 e 239)? true
[21:19:37] [Render thread/INFO] (Minecraft) [STDOUT]:    Mouse Y: 67 (entre 63 e 75)? true
[21:19:37] [Render thread/INFO] (Minecraft) [STDOUT]: 🟢 HOVER DETECTADO NO ÍCONE INFO!
[21:19:37] [Render thread/INFO] (Minecraft) [STDOUT]:    Mouse X: 233 (entre 227 e 239)? true
[21:19:37] [Render thread/INFO] (Minecraft) [STDOUT]:    Mouse Y: 67 (entre 63 e 75)? true
[21:19:37] [Render thread/INFO] (Minecraft) [STDOUT]: 🟢 HOVER DETECTADO NO ÍCONE INFO!
[21:19:37] [Render thread/INFO] (Minecraft) [STDOUT]:    Mouse X: 233 (entre 227 e 239)? true
[21:19:37] [Render thread/INFO] (Minecraft) [STDOUT]:    Mouse Y: 67 (entre 63 e 75)? true
[21:19:37] [Render thread/INFO] (Minecraft) [STDOUT]: 🟢 HOVER DETECTADO NO ÍCONE INFO!
[21:19:37] [Render thread/INFO] (Minecraft) [STDOUT]:    Mouse X: 233 (entre 227 e 239)? true
[21:19:37] [Render thread/INFO] (Minecraft) [STDOUT]:    Mouse Y: 67 (entre 63 e 75)? true
[21:19:37] [Render thread/INFO] (Minecraft) [STDOUT]: 🟢 HOVER DETECTADO NO ÍCONE INFO!
[21:19:37] [Render thread/INFO] (Minecraft) [STDOUT]:    Mouse X: 233 (entre 227 e 239)? true
[21:19:37] [Render thread/INFO] (Minecraft) [STDOUT]:    Mouse Y: 67 (entre 63 e 75)? true
[21:19:37] [Render thread/INFO] (Minecraft) [STDOUT]: 🟢 HOVER DETECTADO NO ÍCONE INFO!
[21:19:37] [Render thread/INFO] (Minecraft) [STDOUT]:    Mouse X: 233 (entre 227 e 239)? true
[21:19:37] [Render thread/INFO] (Minecraft) [STDOUT]:    Mouse Y: 67 (entre 63 e 75)? true
[21:19:37] [Render thread/INFO] (Minecraft) [STDOUT]: 🟢 HOVER DETECTADO NO ÍCONE INFO!
[21:19:37] [Render thread/INFO] (Minecraft) [STDOUT]:    Mouse X: 233 (entre 227 e 239)? true
[21:19:37] [Render thread/INFO] (Minecraft) [STDOUT]:    Mouse Y: 67 (entre 63 e 75)? true
[21:19:37] [Render thread/INFO] (Minecraft) [STDOUT]: 🟢 HOVER DETECTADO NO ÍCONE INFO!
[21:19:37] [Render thread/INFO] (Minecraft) [STDOUT]:    Mouse X: 233 (entre 227 e 239)? true
[21:19:37] [Render thread/INFO] (Minecraft) [STDOUT]:    Mouse Y: 67 (entre 63 e 75)? true
[21:19:37] [Render thread/INFO] (Minecraft) [STDOUT]: 🟢 HOVER DETECTADO NO ÍCONE INFO!
[21:19:37] [Render thread/INFO] (Minecraft) [STDOUT]:    Mouse X: 233 (entre 227 e 239)? true
[21:19:37] [Render thread/INFO] (Minecraft) [STDOUT]:    Mouse Y: 67 (entre 63 e 75)? true
[21:19:37] [Render thread/INFO] (Minecraft) [STDOUT]: 🟢 HOVER DETECTADO NO ÍCONE INFO!
[21:19:37] [Render thread/INFO] (Minecraft) [STDOUT]:    Mouse X: 233 (entre 227 e 239)? true
[21:19:37] [Render thread/INFO] (Minecraft) [STDOUT]:    Mouse Y: 67 (entre 63 e 75)? true
[21:19:37] [Render thread/INFO] (Minecraft) [STDOUT]: 🟢 HOVER DETECTADO NO ÍCONE INFO!
[21:19:37] [Render thread/INFO] (Minecraft) [STDOUT]:    Mouse X: 233 (entre 227 e 239)? true
[21:19:37] [Render thread/INFO] (Minecraft) [STDOUT]:    Mouse Y: 67 (entre 63 e 75)? true
[21:19:37] [Render thread/INFO] (Minecraft) [STDOUT]: 🟢 HOVER DETECTADO NO ÍCONE INFO!
[21:19:37] [Render thread/INFO] (Minecraft) [STDOUT]:    Mouse X: 233 (entre 227 e 239)? true
[21:19:37] [Render thread/INFO] (Minecraft) [STDOUT]:    Mouse Y: 67 (entre 63 e 75)? true
[21:19:37] [Render thread/INFO] (Minecraft) [STDOUT]: 🟢 HOVER DETECTADO NO ÍCONE INFO!
[21:19:37] [Render thread/INFO] (Minecraft) [STDOUT]:    Mouse X: 233 (entre 227 e 239)? true
[21:19:37] [Render thread/INFO] (Minecraft) [STDOUT]:    Mouse Y: 67 (entre 63 e 75)? true
[21:19:37] [Render thread/INFO] (Minecraft) [STDOUT]: 🟢 HOVER DETECTADO NO ÍCONE INFO!
[21:19:37] [Render thread/INFO] (Minecraft) [STDOUT]:    Mouse X: 233 (entre 227 e 239)? true
[21:19:37] [Render thread/INFO] (Minecraft) [STDOUT]:    Mouse Y: 67 (entre 63 e 75)? true
[21:19:37] [Render thread/INFO] (Minecraft) [STDOUT]: 🟢 HOVER DETECTADO NO ÍCONE INFO!
[21:19:37] [Render thread/INFO] (Minecraft) [STDOUT]:    Mouse X: 233 (entre 227 e 239)? true
[21:19:37] [Render thread/INFO] (Minecraft) [STDOUT]:    Mouse Y: 67 (entre 63 e 75)? true
[21:19:37] [Render thread/INFO] (Minecraft) [STDOUT]: 🟢 HOVER DETECTADO NO ÍCONE INFO!
[21:19:37] [Render thread/INFO] (Minecraft) [STDOUT]:    Mouse X: 233 (entre 227 e 239)? true
[21:19:37] [Render thread/INFO] (Minecraft) [STDOUT]:    Mouse Y: 67 (entre 63 e 75)? true
[21:19:37] [Render thread/INFO] (Minecraft) [STDOUT]: 🟢 HOVER DETECTADO NO ÍCONE INFO!
[21:19:37] [Render thread/INFO] (Minecraft) [STDOUT]:    Mouse X: 233 (entre 227 e 239)? true
[21:19:37] [Render thread/INFO] (Minecraft) [STDOUT]:    Mouse Y: 67 (entre 63 e 75)? true
[21:19:37] [Render thread/INFO] (Minecraft) [STDOUT]: 🟢 HOVER DETECTADO NO ÍCONE INFO!
[21:19:37] [Render thread/INFO] (Minecraft) [STDOUT]:    Mouse X: 233 (entre 227 e 239)? true
[21:19:37] [Render thread/INFO] (Minecraft) [STDOUT]:    Mouse Y: 67 (entre 63 e 75)? true
[21:19:37] [Render thread/INFO] (Minecraft) [STDOUT]: 🟢 HOVER DETECTADO NO ÍCONE INFO!
[21:19:37] [Render thread/INFO] (Minecraft) [STDOUT]:    Mouse X: 233 (entre 227 e 239)? true
[21:19:37] [Render thread/INFO] (Minecraft) [STDOUT]:    Mouse Y: 67 (entre 63 e 75)? true
[21:19:37] [Render thread/INFO] (Minecraft) [STDOUT]: 🟢 HOVER DETECTADO NO ÍCONE INFO!
[21:19:37] [Render thread/INFO] (Minecraft) [STDOUT]:    Mouse X: 233 (entre 227 e 239)? true
[21:19:37] [Render thread/INFO] (Minecraft) [STDOUT]:    Mouse Y: 67 (entre 63 e 75)? true
[21:19:37] [Render thread/INFO] (Minecraft) [STDOUT]: 🟢 HOVER DETECTADO NO ÍCONE INFO!
[21:19:37] [Render thread/INFO] (Minecraft) [STDOUT]:    Mouse X: 233 (entre 227 e 239)? true
[21:19:37] [Render thread/INFO] (Minecraft) [STDOUT]:    Mouse Y: 67 (entre 63 e 75)? true
[21:19:37] [Render thread/INFO] (Minecraft) [STDOUT]: 🟢 HOVER DETECTADO NO ÍCONE INFO!
[21:19:37] [Render thread/INFO] (Minecraft) [STDOUT]:    Mouse X: 233 (entre 227 e 239)? true
[21:19:37] [Render thread/INFO] (Minecraft) [STDOUT]:    Mouse Y: 67 (entre 63 e 75)? true
[21:19:37] [Render thread/INFO] (Minecraft) [STDOUT]: 🟢 HOVER DETECTADO NO ÍCONE INFO!
[21:19:37] [Render thread/INFO] (Minecraft) [STDOUT]:    Mouse X: 233 (entre 227 e 239)? true
[21:19:37] [Render thread/INFO] (Minecraft) [STDOUT]:    Mouse Y: 67 (entre 63 e 75)? true
[21:19:37] [Render thread/INFO] (Minecraft) [STDOUT]: 🟢 HOVER DETECTADO NO ÍCONE INFO!
[21:19:37] [Render thread/INFO] (Minecraft) [STDOUT]:    Mouse X: 233 (entre 227 e 239)? true
[21:19:37] [Render thread/INFO] (Minecraft) [STDOUT]:    Mouse Y: 67 (entre 63 e 75)? true
[21:19:37] [Render thread/INFO] (Minecraft) [STDOUT]: 🟢 HOVER DETECTADO NO ÍCONE INFO!
[21:19:37] [Render thread/INFO] (Minecraft) [STDOUT]:    Mouse X: 233 (entre 227 e 239)? true
[21:19:37] [Render thread/INFO] (Minecraft) [STDOUT]:    Mouse Y: 67 (entre 63 e 75)? true
[21:19:37] [Render thread/INFO] (Minecraft) [STDOUT]: 🟢 HOVER DETECTADO NO ÍCONE INFO!
[21:19:37] [Render thread/INFO] (Minecraft) [STDOUT]:    Mouse X: 233 (entre 227 e 239)? true
[21:19:37] [Render thread/INFO] (Minecraft) [STDOUT]:    Mouse Y: 67 (entre 63 e 75)? true
[21:19:37] [Render thread/INFO] (Minecraft) [STDOUT]: 🟢 HOVER DETECTADO NO ÍCONE INFO!
[21:19:37] [Render thread/INFO] (Minecraft) [STDOUT]:    Mouse X: 233 (entre 227 e 239)? true
[21:19:37] [Render thread/INFO] (Minecraft) [STDOUT]:    Mouse Y: 67 (entre 63 e 75)? true
[21:19:37] [Render thread/INFO] (Minecraft) [STDOUT]: 🟢 HOVER DETECTADO NO ÍCONE INFO!
[21:19:37] [Render thread/INFO] (Minecraft) [STDOUT]:    Mouse X: 233 (entre 227 e 239)? true
[21:19:37] [Render thread/INFO] (Minecraft) [STDOUT]:    Mouse Y: 67 (entre 63 e 75)? true
[21:19:37] [Render thread/INFO] (Minecraft) [STDOUT]: 🟢 HOVER DETECTADO NO ÍCONE INFO!
[21:19:37] [Render thread/INFO] (Minecraft) [STDOUT]:    Mouse X: 233 (entre 227 e 239)? true
[21:19:37] [Render thread/INFO] (Minecraft) [STDOUT]:    Mouse Y: 67 (entre 63 e 75)? true
[21:19:37] [Render thread/INFO] (Minecraft) [STDOUT]: 🟢 HOVER DETECTADO NO ÍCONE INFO!
[21:19:37] [Render thread/INFO] (Minecraft) [STDOUT]:    Mouse X: 233 (entre 227 e 239)? true
[21:19:37] [Render thread/INFO] (Minecraft) [STDOUT]:    Mouse Y: 67 (entre 63 e 75)? true
[21:19:37] [Render thread/INFO] (Minecraft) [STDOUT]: 🟢 HOVER DETECTADO NO ÍCONE INFO!
[21:19:37] [Render thread/INFO] (Minecraft) [STDOUT]:    Mouse X: 233 (entre 227 e 239)? true
[21:19:37] [Render thread/INFO] (Minecraft) [STDOUT]:    Mouse Y: 67 (entre 63 e 75)? true
[21:19:37] [Render thread/INFO] (Minecraft) [STDOUT]: 🟢 HOVER DETECTADO NO ÍCONE INFO!
[21:19:37] [Render thread/INFO] (Minecraft) [STDOUT]:    Mouse X: 233 (entre 227 e 239)? true
[21:19:37] [Render thread/INFO] (Minecraft) [STDOUT]:    Mouse Y: 67 (entre 63 e 75)? true
[21:19:37] [Render thread/INFO] (Minecraft) [STDOUT]: 🟢 HOVER DETECTADO NO ÍCONE INFO!
[21:19:37] [Render thread/INFO] (Minecraft) [STDOUT]:    Mouse X: 233 (entre 227 e 239)? true
[21:19:37] [Render thread/INFO] (Minecraft) [STDOUT]:    Mouse Y: 67 (entre 63 e 75)? true
[21:19:37] [Render thread/INFO] (Minecraft) [STDOUT]: 🟢 HOVER DETECTADO NO ÍCONE INFO!
[21:19:37] [Render thread/INFO] (Minecraft) [STDOUT]:    Mouse X: 233 (entre 227 e 239)? true
[21:19:37] [Render thread/INFO] (Minecraft) [STDOUT]:    Mouse Y: 67 (entre 63 e 75)? true
[21:19:37] [Render thread/INFO] (Minecraft) [STDOUT]: 🟢 HOVER DETECTADO NO ÍCONE INFO!
[21:19:37] [Render thread/INFO] (Minecraft) [STDOUT]:    Mouse X: 233 (entre 227 e 239)? true
[21:19:37] [Render thread/INFO] (Minecraft) [STDOUT]:    Mouse Y: 67 (entre 63 e 75)? true
[21:19:37] [Render thread/INFO] (Minecraft) [STDOUT]: 🟢 HOVER DETECTADO NO ÍCONE INFO!
[21:19:37] [Render thread/INFO] (Minecraft) [STDOUT]:    Mouse X: 233 (entre 227 e 239)? true
[21:19:37] [Render thread/INFO] (Minecraft) [STDOUT]:    Mouse Y: 67 (entre 63 e 75)? true
[21:19:37] [Render thread/INFO] (Minecraft) [STDOUT]: 🟢 HOVER DETECTADO NO ÍCONE INFO!
[21:19:37] [Render thread/INFO] (Minecraft) [STDOUT]:    Mouse X: 233 (entre 227 e 239)? true
[21:19:37] [Render thread/INFO] (Minecraft) [STDOUT]:    Mouse Y: 67 (entre 63 e 75)? true
[21:19:37] [Render thread/INFO] (Minecraft) [STDOUT]: 🟢 HOVER DETECTADO NO ÍCONE INFO!
[21:19:37] [Render thread/INFO] (Minecraft) [STDOUT]:    Mouse X: 233 (entre 227 e 239)? true
[21:19:37] [Render thread/INFO] (Minecraft) [STDOUT]:    Mouse Y: 67 (entre 63 e 75)? true
[21:19:37] [Render thread/INFO] (Minecraft) [STDOUT]: 🟢 HOVER DETECTADO NO ÍCONE INFO!
[21:19:37] [Render thread/INFO] (Minecraft) [STDOUT]:    Mouse X: 233 (entre 227 e 239)? true
[21:19:37] [Render thread/INFO] (Minecraft) [STDOUT]:    Mouse Y: 67 (entre 63 e 75)? true
[21:19:37] [Render thread/INFO] (Minecraft) [STDOUT]: 🟢 HOVER DETECTADO NO ÍCONE INFO!
[21:19:37] [Render thread/INFO] (Minecraft) [STDOUT]:    Mouse X: 233 (entre 227 e 239)? true
[21:19:37] [Render thread/INFO] (Minecraft) [STDOUT]:    Mouse Y: 67 (entre 63 e 75)? true
[21:19:37] [Render thread/INFO] (Minecraft) [STDOUT]: 🟢 HOVER DETECTADO NO ÍCONE INFO!
[21:19:37] [Render thread/INFO] (Minecraft) [STDOUT]:    Mouse X: 233 (entre 227 e 239)? true
[21:19:37] [Render thread/INFO] (Minecraft) [STDOUT]:    Mouse Y: 67 (entre 63 e 75)? true
[21:19:37] [Render thread/INFO] (Minecraft) [STDOUT]: 🟢 HOVER DETECTADO NO ÍCONE INFO!
[21:19:37] [Render thread/INFO] (Minecraft) [STDOUT]:    Mouse X: 233 (entre 227 e 239)? true
[21:19:37] [Render thread/INFO] (Minecraft) [STDOUT]:    Mouse Y: 67 (entre 63 e 75)? true
[21:19:37] [Render thread/INFO] (Minecraft) [STDOUT]: 🟢 HOVER DETECTADO NO ÍCONE INFO!
[21:19:37] [Render thread/INFO] (Minecraft) [STDOUT]:    Mouse X: 233 (entre 227 e 239)? true
[21:19:37] [Render thread/INFO] (Minecraft) [STDOUT]:    Mouse Y: 67 (entre 63 e 75)? true
[21:19:37] [Render thread/INFO] (Minecraft) [STDOUT]: 🟢 HOVER DETECTADO NO ÍCONE INFO!
[21:19:37] [Render thread/INFO] (Minecraft) [STDOUT]:    Mouse X: 233 (entre 227 e 239)? true
[21:19:37] [Render thread/INFO] (Minecraft) [STDOUT]:    Mouse Y: 67 (entre 63 e 75)? true
[21:19:37] [Render thread/INFO] (Minecraft) [STDOUT]: 🟢 HOVER DETECTADO NO ÍCONE INFO!
[21:19:37] [Render thread/INFO] (Minecraft) [STDOUT]:    Mouse X: 233 (entre 227 e 239)? true
[21:19:37] [Render thread/INFO] (Minecraft) [STDOUT]:    Mouse Y: 67 (entre 63 e 75)? true
[21:19:37] [Render thread/INFO] (Minecraft) [STDOUT]: 🟢 HOVER DETECTADO NO ÍCONE INFO!
[21:19:37] [Render thread/INFO] (Minecraft) [STDOUT]:    Mouse X: 233 (entre 227 e 239)? true
[21:19:37] [Render thread/INFO] (Minecraft) [STDOUT]:    Mouse Y: 67 (entre 63 e 75)? true
[21:19:37] [Render thread/INFO] (Minecraft) [STDOUT]: 🟢 HOVER DETECTADO NO ÍCONE INFO!
[21:19:37] [Render thread/INFO] (Minecraft) [STDOUT]:    Mouse X: 233 (entre 227 e 239)? true
[21:19:37] [Render thread/INFO] (Minecraft) [STDOUT]:    Mouse Y: 67 (entre 63 e 75)? true
[21:19:37] [Render thread/INFO] (Minecraft) [STDOUT]: 🟢 HOVER DETECTADO NO ÍCONE INFO!
[21:19:37] [Render thread/INFO] (Minecraft) [STDOUT]:    Mouse X: 233 (entre 227 e 239)? true
[21:19:37] [Render thread/INFO] (Minecraft) [STDOUT]:    Mouse Y: 67 (entre 63 e 75)? true
[21:19:37] [Render thread/INFO] (Minecraft) [STDOUT]: 🟢 HOVER DETECTADO NO ÍCONE INFO!
[21:19:37] [Render thread/INFO] (Minecraft) [STDOUT]:    Mouse X: 233 (entre 227 e 239)? true
[21:19:37] [Render thread/INFO] (Minecraft) [STDOUT]:    Mouse Y: 67 (entre 63 e 75)? true
[21:19:37] [Render thread/INFO] (Minecraft) [STDOUT]: 🟢 HOVER DETECTADO NO ÍCONE INFO!
[21:19:37] [Render thread/INFO] (Minecraft) [STDOUT]:    Mouse X: 233 (entre 227 e 239)? true
[21:19:37] [Render thread/INFO] (Minecraft) [STDOUT]:    Mouse Y: 67 (entre 63 e 75)? true
[21:19:37] [Render thread/INFO] (Minecraft) [STDOUT]: 🟢 HOVER DETECTADO NO ÍCONE INFO!
[21:19:37] [Render thread/INFO] (Minecraft) [STDOUT]:    Mouse X: 233 (entre 227 e 239)? true
[21:19:37] [Render thread/INFO] (Minecraft) [STDOUT]:    Mouse Y: 67 (entre 63 e 75)? true
[21:19:37] [Render thread/INFO] (Minecraft) [STDOUT]: 🟢 HOVER DETECTADO NO ÍCONE INFO!
[21:19:37] [Render thread/INFO] (Minecraft) [STDOUT]:    Mouse X: 233 (entre 227 e 239)? true
[21:19:37] [Render thread/INFO] (Minecraft) [STDOUT]:    Mouse Y: 67 (entre 63 e 75)? true
[21:19:37] [Render thread/INFO] (Minecraft) [STDOUT]: 🟢 HOVER DETECTADO NO ÍCONE INFO!
[21:19:37] [Render thread/INFO] (Minecraft) [STDOUT]:    Mouse X: 233 (entre 227 e 239)? true
[21:19:37] [Render thread/INFO] (Minecraft) [STDOUT]:    Mouse Y: 67 (entre 63 e 75)? true
[21:19:37] [Render thread/INFO] (Minecraft) [STDOUT]: 🟢 HOVER DETECTADO NO ÍCONE INFO!
[21:19:37] [Render thread/INFO] (Minecraft) [STDOUT]:    Mouse X: 233 (entre 227 e 239)? true
[21:19:37] [Render thread/INFO] (Minecraft) [STDOUT]:    Mouse Y: 67 (entre 63 e 75)? true
[21:19:37] [Render thread/INFO] (Minecraft) [STDOUT]: 🟢 HOVER DETECTADO NO ÍCONE INFO!
[21:19:37] [Render thread/INFO] (Minecraft) [STDOUT]:    Mouse X: 233 (entre 227 e 239)? true
[21:19:37] [Render thread/INFO] (Minecraft) [STDOUT]:    Mouse Y: 67 (entre 63 e 75)? true
[21:19:37] [Render thread/INFO] (Minecraft) [STDOUT]: 🟢 HOVER DETECTADO NO ÍCONE INFO!
[21:19:37] [Render thread/INFO] (Minecraft) [STDOUT]:    Mouse X: 233 (entre 227 e 239)? true
[21:19:37] [Render thread/INFO] (Minecraft) [STDOUT]:    Mouse Y: 67 (entre 63 e 75)? true
[21:19:37] [Render thread/INFO] (Minecraft) [STDOUT]: 🟢 HOVER DETECTADO NO ÍCONE INFO!
[21:19:37] [Render thread/INFO] (Minecraft) [STDOUT]:    Mouse X: 233 (entre 227 e 239)? true
[21:19:37] [Render thread/INFO] (Minecraft) [STDOUT]:    Mouse Y: 67 (entre 63 e 75)? true
[21:19:37] [Render thread/INFO] (Minecraft) [STDOUT]: 🟢 HOVER DETECTADO NO ÍCONE INFO!
[21:19:37] [Render thread/INFO] (Minecraft) [STDOUT]:    Mouse X: 233 (entre 227 e 239)? true
[21:19:37] [Render thread/INFO] (Minecraft) [STDOUT]:    Mouse Y: 67 (entre 63 e 75)? true
[21:19:37] [Render thread/INFO] (Minecraft) [STDOUT]: 🟢 HOVER DETECTADO NO ÍCONE INFO!
[21:19:37] [Render thread/INFO] (Minecraft) [STDOUT]:    Mouse X: 233 (entre 227 e 239)? true
[21:19:37] [Render thread/INFO] (Minecraft) [STDOUT]:    Mouse Y: 67 (entre 63 e 75)? true
[21:19:37] [Render thread/INFO] (Minecraft) [STDOUT]: 🟢 HOVER DETECTADO NO ÍCONE INFO!
[21:19:37] [Render thread/INFO] (Minecraft) [STDOUT]:    Mouse X: 233 (entre 227 e 239)? true
[21:19:37] [Render thread/INFO] (Minecraft) [STDOUT]:    Mouse Y: 67 (entre 63 e 75)? true
[21:19:37] [Render thread/INFO] (Minecraft) [STDOUT]: 🟢 HOVER DETECTADO NO ÍCONE INFO!
[21:19:37] [Render thread/INFO] (Minecraft) [STDOUT]:    Mouse X: 233 (entre 227 e 239)? true
[21:19:37] [Render thread/INFO] (Minecraft) [STDOUT]:    Mouse Y: 67 (entre 63 e 75)? true
[21:19:37] [Render thread/INFO] (Minecraft) [STDOUT]: 🟢 HOVER DETECTADO NO ÍCONE INFO!
[21:19:37] [Render thread/INFO] (Minecraft) [STDOUT]:    Mouse X: 233 (entre 227 e 239)? true
[21:19:37] [Render thread/INFO] (Minecraft) [STDOUT]:    Mouse Y: 67 (entre 63 e 75)? true
[21:19:37] [Render thread/INFO] (Minecraft) [STDOUT]: 🟢 HOVER DETECTADO NO ÍCONE INFO!
[21:19:37] [Render thread/INFO] (Minecraft) [STDOUT]:    Mouse X: 233 (entre 227 e 239)? true
[21:19:37] [Render thread/INFO] (Minecraft) [STDOUT]:    Mouse Y: 67 (entre 63 e 75)? true
[21:19:37] [Render thread/INFO] (Minecraft) [STDOUT]: 🟢 HOVER DETECTADO NO ÍCONE INFO!
[21:19:37] [Render thread/INFO] (Minecraft) [STDOUT]:    Mouse X: 233 (entre 227 e 239)? true
[21:19:37] [Render thread/INFO] (Minecraft) [STDOUT]:    Mouse Y: 67 (entre 63 e 75)? true
[21:19:37] [Render thread/INFO] (Minecraft) [STDOUT]: 🟢 HOVER DETECTADO NO ÍCONE INFO!
[21:19:37] [Render thread/INFO] (Minecraft) [STDOUT]:    Mouse X: 233 (entre 227 e 239)? true
[21:19:37] [Render thread/INFO] (Minecraft) [STDOUT]:    Mouse Y: 67 (entre 63 e 75)? true
[21:19:37] [Render thread/INFO] (Minecraft) [STDOUT]: 🟢 HOVER DETECTADO NO ÍCONE INFO!
[21:19:37] [Render thread/INFO] (Minecraft) [STDOUT]:    Mouse X: 233 (entre 227 e 239)? true
[21:19:37] [Render thread/INFO] (Minecraft) [STDOUT]:    Mouse Y: 67 (entre 63 e 75)? true
[21:19:37] [Render thread/INFO] (Minecraft) [STDOUT]: 🟢 HOVER DETECTADO NO ÍCONE INFO!
[21:19:37] [Render thread/INFO] (Minecraft) [STDOUT]:    Mouse X: 233 (entre 227 e 239)? true
[21:19:37] [Render thread/INFO] (Minecraft) [STDOUT]:    Mouse Y: 67 (entre 63 e 75)? true
[21:19:37] [Render thread/INFO] (Minecraft) [STDOUT]: 🟢 HOVER DETECTADO NO ÍCONE INFO!
[21:19:37] [Render thread/INFO] (Minecraft) [STDOUT]:    Mouse X: 233 (entre 227 e 239)? true
[21:19:37] [Render thread/INFO] (Minecraft) [STDOUT]:    Mouse Y: 67 (entre 63 e 75)? true
[21:19:37] [Render thread/INFO] (Minecraft) [STDOUT]: 🟢 HOVER DETECTADO NO ÍCONE INFO!
[21:19:37] [Render thread/INFO] (Minecraft) [STDOUT]:    Mouse X: 233 (entre 227 e 239)? true
[21:19:37] [Render thread/INFO] (Minecraft) [STDOUT]:    Mouse Y: 67 (entre 63 e 75)? true
[21:19:37] [Render thread/INFO] (Minecraft) [STDOUT]: 🟢 HOVER DETECTADO NO ÍCONE INFO!
[21:19:37] [Render thread/INFO] (Minecraft) [STDOUT]:    Mouse X: 233 (entre 227 e 239)? true
[21:19:37] [Render thread/INFO] (Minecraft) [STDOUT]:    Mouse Y: 67 (entre 63 e 75)? true
[21:19:37] [Render thread/INFO] (Minecraft) [STDOUT]: 🟢 HOVER DETECTADO NO ÍCONE INFO!
[21:19:37] [Render thread/INFO] (Minecraft) [STDOUT]:    Mouse X: 233 (entre 227 e 239)? true
[21:19:37] [Render thread/INFO] (Minecraft) [STDOUT]:    Mouse Y: 67 (entre 63 e 75)? true
[21:19:37] [Render thread/INFO] (Minecraft) [STDOUT]: 🟢 HOVER DETECTADO NO ÍCONE INFO!
[21:19:37] [Render thread/INFO] (Minecraft) [STDOUT]:    Mouse X: 233 (entre 227 e 239)? true
[21:19:37] [Render thread/INFO] (Minecraft) [STDOUT]:    Mouse Y: 67 (entre 63 e 75)? true
[21:19:37] [Render thread/INFO] (Minecraft) [STDOUT]: 🟢 HOVER DETECTADO NO ÍCONE INFO!
[21:19:37] [Render thread/INFO] (Minecraft) [STDOUT]:    Mouse X: 233 (entre 227 e 239)? true
[21:19:37] [Render thread/INFO] (Minecraft) [STDOUT]:    Mouse Y: 67 (entre 63 e 75)? true
[21:19:37] [Render thread/INFO] (Minecraft) [STDOUT]: 🟢 HOVER DETECTADO NO ÍCONE INFO!
[21:19:37] [Render thread/INFO] (Minecraft) [STDOUT]:    Mouse X: 233 (entre 227 e 239)? true
[21:19:37] [Render thread/INFO] (Minecraft) [STDOUT]:    Mouse Y: 67 (entre 63 e 75)? true
[21:19:37] [Render thread/INFO] (Minecraft) [STDOUT]: 🟢 HOVER DETECTADO NO ÍCONE INFO!
[21:19:37] [Render thread/INFO] (Minecraft) [STDOUT]:    Mouse X: 233 (entre 227 e 239)? true
[21:19:37] [Render thread/INFO] (Minecraft) [STDOUT]:    Mouse Y: 67 (entre 63 e 75)? true
[21:19:37] [Render thread/INFO] (Minecraft) [STDOUT]: 🟢 HOVER DETECTADO NO ÍCONE INFO!
[21:19:37] [Render thread/INFO] (Minecraft) [STDOUT]:    Mouse X: 233 (entre 227 e 239)? true
[21:19:37] [Render thread/INFO] (Minecraft) [STDOUT]:    Mouse Y: 67 (entre 63 e 75)? true
[21:19:37] [Render thread/INFO] (Minecraft) [STDOUT]: 🟢 HOVER DETECTADO NO ÍCONE INFO!
[21:19:37] [Render thread/INFO] (Minecraft) [STDOUT]:    Mouse X: 233 (entre 227 e 239)? true
[21:19:37] [Render thread/INFO] (Minecraft) [STDOUT]:    Mouse Y: 67 (entre 63 e 75)? true
[21:19:37] [Render thread/INFO] (Minecraft) [STDOUT]: 🟢 HOVER DETECTADO NO ÍCONE INFO!
[21:19:37] [Render thread/INFO] (Minecraft) [STDOUT]:    Mouse X: 233 (entre 227 e 239)? true
[21:19:37] [Render thread/INFO] (Minecraft) [STDOUT]:    Mouse Y: 67 (entre 63 e 75)? true
[21:19:37] [Render thread/INFO] (Minecraft) [STDOUT]: 🟢 HOVER DETECTADO NO ÍCONE INFO!
[21:19:37] [Render thread/INFO] (Minecraft) [STDOUT]:    Mouse X: 233 (entre 227 e 239)? true
[21:19:37] [Render thread/INFO] (Minecraft) [STDOUT]:    Mouse Y: 67 (entre 63 e 75)? true
[21:19:37] [Render thread/INFO] (Minecraft) [STDOUT]: 🟢 HOVER DETECTADO NO ÍCONE INFO!
[21:19:37] [Render thread/INFO] (Minecraft) [STDOUT]:    Mouse X: 233 (entre 227 e 239)? true
[21:19:37] [Render thread/INFO] (Minecraft) [STDOUT]:    Mouse Y: 67 (entre 63 e 75)? true
[21:19:37] [Render thread/INFO] (Minecraft) [STDOUT]: 🟢 HOVER DETECTADO NO ÍCONE INFO!
[21:19:37] [Render thread/INFO] (Minecraft) [STDOUT]:    Mouse X: 233 (entre 227 e 239)? true
[21:19:37] [Render thread/INFO] (Minecraft) [STDOUT]:    Mouse Y: 67 (entre 63 e 75)? true
[21:19:37] [Render thread/INFO] (Minecraft) [STDOUT]: 🟢 HOVER DETECTADO NO ÍCONE INFO!
[21:19:37] [Render thread/INFO] (Minecraft) [STDOUT]:    Mouse X: 233 (entre 227 e 239)? true
[21:19:37] [Render thread/INFO] (Minecraft) [STDOUT]:    Mouse Y: 67 (entre 63 e 75)? true
[21:19:37] [Render thread/INFO] (Minecraft) [STDOUT]: 🟢 HOVER DETECTADO NO ÍCONE INFO!
[21:19:37] [Render thread/INFO] (Minecraft) [STDOUT]:    Mouse X: 233 (entre 227 e 239)? true
[21:19:37] [Render thread/INFO] (Minecraft) [STDOUT]:    Mouse Y: 67 (entre 63 e 75)? true
[21:19:37] [Render thread/INFO] (Minecraft) [STDOUT]: 🟢 HOVER DETECTADO NO ÍCONE INFO!
[21:19:37] [Render thread/INFO] (Minecraft) [STDOUT]:    Mouse X: 233 (entre 227 e 239)? true
[21:19:37] [Render thread/INFO] (Minecraft) [STDOUT]:    Mouse Y: 67 (entre 63 e 75)? true
[21:19:37] [Render thread/INFO] (Minecraft) [STDOUT]: 🟢 HOVER DETECTADO NO ÍCONE INFO!
[21:19:37] [Render thread/INFO] (Minecraft) [STDOUT]:    Mouse X: 233 (entre 227 e 239)? true
[21:19:37] [Render thread/INFO] (Minecraft) [STDOUT]:    Mouse Y: 67 (entre 63 e 75)? true
[21:19:37] [Render thread/INFO] (Minecraft) [STDOUT]: 🟢 HOVER DETECTADO NO ÍCONE INFO!
[21:19:37] [Render thread/INFO] (Minecraft) [STDOUT]:    Mouse X: 233 (entre 227 e 239)? true
[21:19:37] [Render thread/INFO] (Minecraft) [STDOUT]:    Mouse Y: 67 (entre 63 e 75)? true
[21:19:37] [Render thread/INFO] (Minecraft) [STDOUT]: 🟢 HOVER DETECTADO NO ÍCONE INFO!
[21:19:37] [Render thread/INFO] (Minecraft) [STDOUT]:    Mouse X: 233 (entre 227 e 239)? true
[21:19:37] [Render thread/INFO] (Minecraft) [STDOUT]:    Mouse Y: 67 (entre 63 e 75)? true
[21:19:37] [Render thread/INFO] (Minecraft) [STDOUT]: 🟢 HOVER DETECTADO NO ÍCONE INFO!
[21:19:37] [Render thread/INFO] (Minecraft) [STDOUT]:    Mouse X: 233 (entre 227 e 239)? true
[21:19:37] [Render thread/INFO] (Minecraft) [STDOUT]:    Mouse Y: 67 (entre 63 e 75)? true
[21:19:37] [Render thread/INFO] (Minecraft) [STDOUT]: 🟢 HOVER DETECTADO NO ÍCONE INFO!
[21:19:37] [Render thread/INFO] (Minecraft) [STDOUT]:    Mouse X: 233 (entre 227 e 239)? true
[21:19:37] [Render thread/INFO] (Minecraft) [STDOUT]:    Mouse Y: 67 (entre 63 e 75)? true
[21:19:37] [Render thread/INFO] (Minecraft) [STDOUT]: 🟢 HOVER DETECTADO NO ÍCONE INFO!
[21:19:37] [Render thread/INFO] (Minecraft) [STDOUT]:    Mouse X: 233 (entre 227 e 239)? true
[21:19:37] [Render thread/INFO] (Minecraft) [STDOUT]:    Mouse Y: 67 (entre 63 e 75)? true
[21:19:37] [Render thread/INFO] (Minecraft) [STDOUT]: 🟢 HOVER DETECTADO NO ÍCONE INFO!
[21:19:37] [Render thread/INFO] (Minecraft) [STDOUT]:    Mouse X: 233 (entre 227 e 239)? true
[21:19:37] [Render thread/INFO] (Minecraft) [STDOUT]:    Mouse Y: 67 (entre 63 e 75)? true
[21:19:37] [Render thread/INFO] (Minecraft) [STDOUT]: 🟢 HOVER DETECTADO NO ÍCONE INFO!
[21:19:37] [Render thread/INFO] (Minecraft) [STDOUT]:    Mouse X: 233 (entre 227 e 239)? true
[21:19:37] [Render thread/INFO] (Minecraft) [STDOUT]:    Mouse Y: 67 (entre 63 e 75)? true
[21:19:37] [Render thread/INFO] (Minecraft) [STDOUT]: 🟢 HOVER DETECTADO NO ÍCONE INFO!
[21:19:37] [Render thread/INFO] (Minecraft) [STDOUT]:    Mouse X: 233 (entre 227 e 239)? true
[21:19:37] [Render thread/INFO] (Minecraft) [STDOUT]:    Mouse Y: 67 (entre 63 e 75)? true
[21:19:37] [Render thread/INFO] (Minecraft) [STDOUT]: 🟢 HOVER DETECTADO NO ÍCONE INFO!
[21:19:37] [Render thread/INFO] (Minecraft) [STDOUT]:    Mouse X: 233 (entre 227 e 239)? true
[21:19:37] [Render thread/INFO] (Minecraft) [STDOUT]:    Mouse Y: 67 (entre 63 e 75)? true
[21:19:37] [Render thread/INFO] (Minecraft) [STDOUT]: 🟢 HOVER DETECTADO NO ÍCONE INFO!
[21:19:37] [Render thread/INFO] (Minecraft) [STDOUT]:    Mouse X: 233 (entre 227 e 239)? true
[21:19:37] [Render thread/INFO] (Minecraft) [STDOUT]:    Mouse Y: 67 (entre 63 e 75)? true
[21:19:37] [Render thread/INFO] (Minecraft) [STDOUT]: 🟢 HOVER DETECTADO NO ÍCONE INFO!
[21:19:37] [Render thread/INFO] (Minecraft) [STDOUT]:    Mouse X: 233 (entre 227 e 239)? true
[21:19:37] [Render thread/INFO] (Minecraft) [STDOUT]:    Mouse Y: 67 (entre 63 e 75)? true
[21:19:37] [Render thread/INFO] (Minecraft) [STDOUT]: 🟢 HOVER DETECTADO NO ÍCONE INFO!
[21:19:37] [Render thread/INFO] (Minecraft) [STDOUT]:    Mouse X: 233 (entre 227 e 239)? true
[21:19:37] [Render thread/INFO] (Minecraft) [STDOUT]:    Mouse Y: 67 (entre 63 e 75)? true
[21:19:37] [Render thread/INFO] (Minecraft) [STDOUT]: 🟢 HOVER DETECTADO NO ÍCONE INFO!
[21:19:37] [Render thread/INFO] (Minecraft) [STDOUT]:    Mouse X: 233 (entre 227 e 239)? true
[21:19:37] [Render thread/INFO] (Minecraft) [STDOUT]:    Mouse Y: 67 (entre 63 e 75)? true
[21:19:37] [Render thread/INFO] (Minecraft) [STDOUT]: 🟢 HOVER DETECTADO NO ÍCONE INFO!
[21:19:37] [Render thread/INFO] (Minecraft) [STDOUT]:    Mouse X: 233 (entre 227 e 239)? true
[21:19:37] [Render thread/INFO] (Minecraft) [STDOUT]:    Mouse Y: 67 (entre 63 e 75)? true
[21:19:37] [Render thread/INFO] (Minecraft) [STDOUT]: 🟢 HOVER DETECTADO NO ÍCONE INFO!
[21:19:37] [Render thread/INFO] (Minecraft) [STDOUT]:    Mouse X: 233 (entre 227 e 239)? true
[21:19:37] [Render thread/INFO] (Minecraft) [STDOUT]:    Mouse Y: 67 (entre 63 e 75)? true
[21:19:37] [Render thread/INFO] (Minecraft) [STDOUT]: 🟢 HOVER DETECTADO NO ÍCONE INFO!
[21:19:37] [Render thread/INFO] (Minecraft) [STDOUT]:    Mouse X: 233 (entre 227 e 239)? true
[21:19:37] [Render thread/INFO] (Minecraft) [STDOUT]:    Mouse Y: 67 (entre 63 e 75)? true
[21:19:37] [Render thread/INFO] (Minecraft) [STDOUT]: 🟢 HOVER DETECTADO NO ÍCONE INFO!
[21:19:37] [Render thread/INFO] (Minecraft) [STDOUT]:    Mouse X: 233 (entre 227 e 239)? true
[21:19:37] [Render thread/INFO] (Minecraft) [STDOUT]:    Mouse Y: 67 (entre 63 e 75)? true
[21:19:37] [Render thread/INFO] (Minecraft) [STDOUT]: 🟢 HOVER DETECTADO NO ÍCONE INFO!
[21:19:37] [Render thread/INFO] (Minecraft) [STDOUT]:    Mouse X: 233 (entre 227 e 239)? true
[21:19:37] [Render thread/INFO] (Minecraft) [STDOUT]:    Mouse Y: 67 (entre 63 e 75)? true
[21:19:38] [Render thread/INFO] (Minecraft) [STDOUT]: 🟢 HOVER DETECTADO NO ÍCONE INFO!
[21:19:38] [Render thread/INFO] (Minecraft) [STDOUT]:    Mouse X: 233 (entre 227 e 239)? true
[21:19:38] [Render thread/INFO] (Minecraft) [STDOUT]:    Mouse Y: 67 (entre 63 e 75)? true
[21:19:38] [Render thread/INFO] (Minecraft) [STDOUT]: 🟢 HOVER DETECTADO NO ÍCONE INFO!
[21:19:38] [Render thread/INFO] (Minecraft) [STDOUT]:    Mouse X: 233 (entre 227 e 239)? true
[21:19:38] [Render thread/INFO] (Minecraft) [STDOUT]:    Mouse Y: 67 (entre 63 e 75)? true
[21:19:38] [Render thread/INFO] (Minecraft) [STDOUT]: 🟢 HOVER DETECTADO NO ÍCONE INFO!
[21:19:38] [Render thread/INFO] (Minecraft) [STDOUT]:    Mouse X: 233 (entre 227 e 239)? true
[21:19:38] [Render thread/INFO] (Minecraft) [STDOUT]:    Mouse Y: 67 (entre 63 e 75)? true
[21:19:38] [Render thread/INFO] (Minecraft) [STDOUT]: 🟢 HOVER DETECTADO NO ÍCONE INFO!
[21:19:38] [Render thread/INFO] (Minecraft) [STDOUT]:    Mouse X: 233 (entre 227 e 239)? true
[21:19:38] [Render thread/INFO] (Minecraft) [STDOUT]:    Mouse Y: 67 (entre 63 e 75)? true
[21:19:38] [Render thread/INFO] (Minecraft) [STDOUT]: 🟢 HOVER DETECTADO NO ÍCONE INFO!
[21:19:38] [Render thread/INFO] (Minecraft) [STDOUT]:    Mouse X: 233 (entre 227 e 239)? true
[21:19:38] [Render thread/INFO] (Minecraft) [STDOUT]:    Mouse Y: 67 (entre 63 e 75)? true
[21:19:38] [Render thread/INFO] (Minecraft) [STDOUT]: 🟢 HOVER DETECTADO NO ÍCONE INFO!
[21:19:38] [Render thread/INFO] (Minecraft) [STDOUT]:    Mouse X: 233 (entre 227 e 239)? true
[21:19:38] [Render thread/INFO] (Minecraft) [STDOUT]:    Mouse Y: 67 (entre 63 e 75)? true
[21:19:38] [Render thread/INFO] (Minecraft) [STDOUT]: 🟢 HOVER DETECTADO NO ÍCONE INFO!
[21:19:38] [Render thread/INFO] (Minecraft) [STDOUT]:    Mouse X: 233 (entre 227 e 239)? true
[21:19:38] [Render thread/INFO] (Minecraft) [STDOUT]:    Mouse Y: 67 (entre 63 e 75)? true
[21:19:38] [Render thread/INFO] (Minecraft) [STDOUT]: 🟢 HOVER DETECTADO NO ÍCONE INFO!
[21:19:38] [Render thread/INFO] (Minecraft) [STDOUT]:    Mouse X: 233 (entre 227 e 239)? true
[21:19:38] [Render thread/INFO] (Minecraft) [STDOUT]:    Mouse Y: 67 (entre 63 e 75)? true
[21:19:38] [Render thread/INFO] (Minecraft) [STDOUT]: 🟢 HOVER DETECTADO NO ÍCONE INFO!
[21:19:38] [Render thread/INFO] (Minecraft) [STDOUT]:    Mouse X: 233 (entre 227 e 239)? true
[21:19:38] [Render thread/INFO] (Minecraft) [STDOUT]:    Mouse Y: 67 (entre 63 e 75)? true
[21:19:38] [Render thread/INFO] (Minecraft) [STDOUT]: 🟢 HOVER DETECTADO NO ÍCONE INFO!
[21:19:38] [Render thread/INFO] (Minecraft) [STDOUT]:    Mouse X: 233 (entre 227 e 239)? true
[21:19:38] [Render thread/INFO] (Minecraft) [STDOUT]:    Mouse Y: 67 (entre 63 e 75)? true
[21:19:38] [Render thread/INFO] (Minecraft) [STDOUT]: 🟢 HOVER DETECTADO NO ÍCONE INFO!
[21:19:38] [Render thread/INFO] (Minecraft) [STDOUT]:    Mouse X: 233 (entre 227 e 239)? true
[21:19:38] [Render thread/INFO] (Minecraft) [STDOUT]:    Mouse Y: 67 (entre 63 e 75)? true
[21:19:38] [Render thread/INFO] (Minecraft) [STDOUT]: 🟢 HOVER DETECTADO NO ÍCONE INFO!
[21:19:38] [Render thread/INFO] (Minecraft) [STDOUT]:    Mouse X: 233 (entre 227 e 239)? true
[21:19:38] [Render thread/INFO] (Minecraft) [STDOUT]:    Mouse Y: 67 (entre 63 e 75)? true
[21:19:38] [Render thread/INFO] (Minecraft) [STDOUT]: 🟢 HOVER DETECTADO NO ÍCONE INFO!
[21:19:38] [Render thread/INFO] (Minecraft) [STDOUT]:    Mouse X: 233 (entre 227 e 239)? true
[21:19:38] [Render thread/INFO] (Minecraft) [STDOUT]:    Mouse Y: 67 (entre 63 e 75)? true
[21:19:38] [Render thread/INFO] (Minecraft) [STDOUT]: 🟢 HOVER DETECTADO NO ÍCONE INFO!
[21:19:38] [Render thread/INFO] (Minecraft) [STDOUT]:    Mouse X: 233 (entre 227 e 239)? true
[21:19:38] [Render thread/INFO] (Minecraft) [STDOUT]:    Mouse Y: 67 (entre 63 e 75)? true
[21:19:38] [Render thread/INFO] (Minecraft) [STDOUT]: 🟢 HOVER DETECTADO NO ÍCONE INFO!
[21:19:38] [Render thread/INFO] (Minecraft) [STDOUT]:    Mouse X: 233 (entre 227 e 239)? true
[21:19:38] [Render thread/INFO] (Minecraft) [STDOUT]:    Mouse Y: 67 (entre 63 e 75)? true
[21:19:38] [Render thread/INFO] (Minecraft) [STDOUT]: 🟢 HOVER DETECTADO NO ÍCONE INFO!
[21:19:38] [Render thread/INFO] (Minecraft) [STDOUT]:    Mouse X: 233 (entre 227 e 239)? true
[21:19:38] [Render thread/INFO] (Minecraft) [STDOUT]:    Mouse Y: 67 (entre 63 e 75)? true
[21:19:38] [Render thread/INFO] (Minecraft) [STDOUT]: 🟢 HOVER DETECTADO NO ÍCONE INFO!
[21:19:38] [Render thread/INFO] (Minecraft) [STDOUT]:    Mouse X: 233 (entre 227 e 239)? true
[21:19:38] [Render thread/INFO] (Minecraft) [STDOUT]:    Mouse Y: 67 (entre 63 e 75)? true
[21:19:38] [Render thread/INFO] (Minecraft) [STDOUT]: 🟢 HOVER DETECTADO NO ÍCONE INFO!
[21:19:38] [Render thread/INFO] (Minecraft) [STDOUT]:    Mouse X: 233 (entre 227 e 239)? true
[21:19:38] [Render thread/INFO] (Minecraft) [STDOUT]:    Mouse Y: 67 (entre 63 e 75)? true
[21:19:38] [Render thread/INFO] (Minecraft) [STDOUT]: 🟢 HOVER DETECTADO NO ÍCONE INFO!
[21:19:38] [Render thread/INFO] (Minecraft) [STDOUT]:    Mouse X: 233 (entre 227 e 239)? true
[21:19:38] [Render thread/INFO] (Minecraft) [STDOUT]:    Mouse Y: 67 (entre 63 e 75)? true
[21:19:38] [Render thread/INFO] (Minecraft) [STDOUT]: 🟢 HOVER DETECTADO NO ÍCONE INFO!
[21:19:38] [Render thread/INFO] (Minecraft) [STDOUT]:    Mouse X: 233 (entre 227 e 239)? true
[21:19:38] [Render thread/INFO] (Minecraft) [STDOUT]:    Mouse Y: 67 (entre 63 e 75)? true
[21:19:38] [Render thread/INFO] (Minecraft) [STDOUT]: 🟢 HOVER DETECTADO NO ÍCONE INFO!
[21:19:38] [Render thread/INFO] (Minecraft) [STDOUT]:    Mouse X: 233 (entre 227 e 239)? true
[21:19:38] [Render thread/INFO] (Minecraft) [STDOUT]:    Mouse Y: 67 (entre 63 e 75)? true
[21:19:38] [Render thread/INFO] (Minecraft) [STDOUT]: 🟢 HOVER DETECTADO NO ÍCONE INFO!
[21:19:38] [Render thread/INFO] (Minecraft) [STDOUT]:    Mouse X: 233 (entre 227 e 239)? true
[21:19:38] [Render thread/INFO] (Minecraft) [STDOUT]:    Mouse Y: 67 (entre 63 e 75)? true
[21:19:38] [Render thread/INFO] (Minecraft) [STDOUT]: 🟢 HOVER DETECTADO NO ÍCONE INFO!
[21:19:38] [Render thread/INFO] (Minecraft) [STDOUT]:    Mouse X: 233 (entre 227 e 239)? true
[21:19:38] [Render thread/INFO] (Minecraft) [STDOUT]:    Mouse Y: 67 (entre 63 e 75)? true
[21:19:38] [Render thread/INFO] (Minecraft) [STDOUT]: 🟢 HOVER DETECTADO NO ÍCONE INFO!
[21:19:38] [Render thread/INFO] (Minecraft) [STDOUT]:    Mouse X: 233 (entre 227 e 239)? true
[21:19:38] [Render thread/INFO] (Minecraft) [STDOUT]:    Mouse Y: 67 (entre 63 e 75)? true
[21:19:38] [Render thread/INFO] (Minecraft) [STDOUT]: 🟢 HOVER DETECTADO NO ÍCONE INFO!
[21:19:38] [Render thread/INFO] (Minecraft) [STDOUT]:    Mouse X: 233 (entre 227 e 239)? true
[21:19:38] [Render thread/INFO] (Minecraft) [STDOUT]:    Mouse Y: 67 (entre 63 e 75)? true
[21:19:38] [Render thread/INFO] (Minecraft) [STDOUT]: 🟢 HOVER DETECTADO NO ÍCONE INFO!
[21:19:38] [Render thread/INFO] (Minecraft) [STDOUT]:    Mouse X: 233 (entre 227 e 239)? true
[21:19:38] [Render thread/INFO] (Minecraft) [STDOUT]:    Mouse Y: 67 (entre 63 e 75)? true
[21:19:38] [Render thread/INFO] (Minecraft) [STDOUT]: 🟢 HOVER DETECTADO NO ÍCONE INFO!
[21:19:38] [Render thread/INFO] (Minecraft) [STDOUT]:    Mouse X: 233 (entre 227 e 239)? true
[21:19:38] [Render thread/INFO] (Minecraft) [STDOUT]:    Mouse Y: 67 (entre 63 e 75)? true
[21:19:38] [Render thread/INFO] (Minecraft) [STDOUT]: 🟢 HOVER DETECTADO NO ÍCONE INFO!
[21:19:38] [Render thread/INFO] (Minecraft) [STDOUT]:    Mouse X: 233 (entre 227 e 239)? true
[21:19:38] [Render thread/INFO] (Minecraft) [STDOUT]:    Mouse Y: 67 (entre 63 e 75)? true
[21:19:38] [Render thread/INFO] (Minecraft) [STDOUT]: 🟢 HOVER DETECTADO NO ÍCONE INFO!
[21:19:38] [Render thread/INFO] (Minecraft) [STDOUT]:    Mouse X: 233 (entre 227 e 239)? true
[21:19:38] [Render thread/INFO] (Minecraft) [STDOUT]:    Mouse Y: 67 (entre 63 e 75)? true
[21:19:38] [Render thread/INFO] (Minecraft) [STDOUT]: 🟢 HOVER DETECTADO NO ÍCONE INFO!
[21:19:38] [Render thread/INFO] (Minecraft) [STDOUT]:    Mouse X: 233 (entre 227 e 239)? true
[21:19:38] [Render thread/INFO] (Minecraft) [STDOUT]:    Mouse Y: 67 (entre 63 e 75)? true
[21:19:38] [Render thread/INFO] (Minecraft) [STDOUT]: 🟢 HOVER DETECTADO NO ÍCONE INFO!
[21:19:38] [Render thread/INFO] (Minecraft) [STDOUT]:    Mouse X: 233 (entre 227 e 239)? true
[21:19:38] [Render thread/INFO] (Minecraft) [STDOUT]:    Mouse Y: 67 (entre 63 e 75)? true
[21:19:38] [Render thread/INFO] (Minecraft) [STDOUT]: 🟢 HOVER DETECTADO NO ÍCONE INFO!
[21:19:38] [Render thread/INFO] (Minecraft) [STDOUT]:    Mouse X: 233 (entre 227 e 239)? true
[21:19:38] [Render thread/INFO] (Minecraft) [STDOUT]:    Mouse Y: 67 (entre 63 e 75)? true
[21:19:38] [Render thread/INFO] (Minecraft) [STDOUT]: 🟢 HOVER DETECTADO NO ÍCONE INFO!
[21:19:38] [Render thread/INFO] (Minecraft) [STDOUT]:    Mouse X: 233 (entre 227 e 239)? true
[21:19:38] [Render thread/INFO] (Minecraft) [STDOUT]:    Mouse Y: 67 (entre 63 e 75)? true
[21:19:38] [Render thread/INFO] (Minecraft) [STDOUT]: 🟢 HOVER DETECTADO NO ÍCONE INFO!
[21:19:38] [Render thread/INFO] (Minecraft) [STDOUT]:    Mouse X: 233 (entre 227 e 239)? true
[21:19:38] [Render thread/INFO] (Minecraft) [STDOUT]:    Mouse Y: 67 (entre 63 e 75)? true
[21:19:38] [Render thread/INFO] (Minecraft) [STDOUT]: 🟢 HOVER DETECTADO NO ÍCONE INFO!
[21:19:38] [Render thread/INFO] (Minecraft) [STDOUT]:    Mouse X: 233 (entre 227 e 239)? true
[21:19:38] [Render thread/INFO] (Minecraft) [STDOUT]:    Mouse Y: 67 (entre 63 e 75)? true
[21:19:38] [Render thread/INFO] (Minecraft) [STDOUT]: 🟢 HOVER DETECTADO NO ÍCONE INFO!
[21:19:38] [Render thread/INFO] (Minecraft) [STDOUT]:    Mouse X: 233 (entre 227 e 239)? true
[21:19:38] [Render thread/INFO] (Minecraft) [STDOUT]:    Mouse Y: 67 (entre 63 e 75)? true
[21:19:38] [Render thread/INFO] (Minecraft) [STDOUT]: 🟢 HOVER DETECTADO NO ÍCONE INFO!
[21:19:38] [Render thread/INFO] (Minecraft) [STDOUT]:    Mouse X: 233 (entre 227 e 239)? true
[21:19:38] [Render thread/INFO] (Minecraft) [STDOUT]:    Mouse Y: 67 (entre 63 e 75)? true
[21:19:38] [Render thread/INFO] (Minecraft) [STDOUT]: 🟢 HOVER DETECTADO NO ÍCONE INFO!
[21:19:38] [Render thread/INFO] (Minecraft) [STDOUT]:    Mouse X: 233 (entre 227 e 239)? true
[21:19:38] [Render thread/INFO] (Minecraft) [STDOUT]:    Mouse Y: 67 (entre 63 e 75)? true
[21:19:38] [Render thread/INFO] (Minecraft) [STDOUT]: 🟢 HOVER DETECTADO NO ÍCONE INFO!
[21:19:38] [Render thread/INFO] (Minecraft) [STDOUT]:    Mouse X: 233 (entre 227 e 239)? true
[21:19:38] [Render thread/INFO] (Minecraft) [STDOUT]:    Mouse Y: 67 (entre 63 e 75)? true
[21:19:38] [Render thread/INFO] (Minecraft) [STDOUT]: 🟢 HOVER DETECTADO NO ÍCONE INFO!
[21:19:38] [Render thread/INFO] (Minecraft) [STDOUT]:    Mouse X: 233 (entre 227 e 239)? true
[21:19:38] [Render thread/INFO] (Minecraft) [STDOUT]:    Mouse Y: 67 (entre 63 e 75)? true
[21:19:38] [Render thread/INFO] (Minecraft) [STDOUT]: 🟢 HOVER DETECTADO NO ÍCONE INFO!
[21:19:38] [Render thread/INFO] (Minecraft) [STDOUT]:    Mouse X: 233 (entre 227 e 239)? true
[21:19:38] [Render thread/INFO] (Minecraft) [STDOUT]:    Mouse Y: 67 (entre 63 e 75)? true
[21:19:38] [Render thread/INFO] (Minecraft) [STDOUT]: 🟢 HOVER DETECTADO NO ÍCONE INFO!
[21:19:38] [Render thread/INFO] (Minecraft) [STDOUT]:    Mouse X: 233 (entre 227 e 239)? true
[21:19:38] [Render thread/INFO] (Minecraft) [STDOUT]:    Mouse Y: 67 (entre 63 e 75)? true
[21:19:38] [Render thread/INFO] (Minecraft) [STDOUT]: 🟢 HOVER DETECTADO NO ÍCONE INFO!
[21:19:38] [Render thread/INFO] (Minecraft) [STDOUT]:    Mouse X: 233 (entre 227 e 239)? true
[21:19:38] [Render thread/INFO] (Minecraft) [STDOUT]:    Mouse Y: 67 (entre 63 e 75)? true
[21:19:38] [Render thread/INFO] (Minecraft) [STDOUT]: 🟢 HOVER DETECTADO NO ÍCONE INFO!
[21:19:38] [Render thread/INFO] (Minecraft) [STDOUT]:    Mouse X: 233 (entre 227 e 239)? true
[21:19:38] [Render thread/INFO] (Minecraft) [STDOUT]:    Mouse Y: 67 (entre 63 e 75)? true
[21:19:38] [Render thread/INFO] (Minecraft) [STDOUT]: 🟢 HOVER DETECTADO NO ÍCONE INFO!
[21:19:38] [Render thread/INFO] (Minecraft) [STDOUT]:    Mouse X: 233 (entre 227 e 239)? true
[21:19:38] [Render thread/INFO] (Minecraft) [STDOUT]:    Mouse Y: 67 (entre 63 e 75)? true
[21:19:38] [Render thread/INFO] (Minecraft) [STDOUT]: 🟢 HOVER DETECTADO NO ÍCONE INFO!
[21:19:38] [Render thread/INFO] (Minecraft) [STDOUT]:    Mouse X: 233 (entre 227 e 239)? true
[21:19:38] [Render thread/INFO] (Minecraft) [STDOUT]:    Mouse Y: 67 (entre 63 e 75)? true
[21:19:38] [Render thread/INFO] (Minecraft) [STDOUT]: 🟢 HOVER DETECTADO NO ÍCONE INFO!
[21:19:38] [Render thread/INFO] (Minecraft) [STDOUT]:    Mouse X: 233 (entre 227 e 239)? true
[21:19:38] [Render thread/INFO] (Minecraft) [STDOUT]:    Mouse Y: 67 (entre 63 e 75)? true
[21:19:38] [Render thread/INFO] (Minecraft) [STDOUT]: 🟢 HOVER DETECTADO NO ÍCONE INFO!
[21:19:38] [Render thread/INFO] (Minecraft) [STDOUT]:    Mouse X: 233 (entre 227 e 239)? true
[21:19:38] [Render thread/INFO] (Minecraft) [STDOUT]:    Mouse Y: 67 (entre 63 e 75)? true
[21:19:38] [Render thread/INFO] (Minecraft) [STDOUT]: 🟢 HOVER DETECTADO NO ÍCONE INFO!
[21:19:38] [Render thread/INFO] (Minecraft) [STDOUT]:    Mouse X: 233 (entre 227 e 239)? true
[21:19:38] [Render thread/INFO] (Minecraft) [STDOUT]:    Mouse Y: 67 (entre 63 e 75)? true
[21:19:38] [Render thread/INFO] (Minecraft) [STDOUT]: 🟢 HOVER DETECTADO NO ÍCONE INFO!
[21:19:38] [Render thread/INFO] (Minecraft) [STDOUT]:    Mouse X: 233 (entre 227 e 239)? true
[21:19:38] [Render thread/INFO] (Minecraft) [STDOUT]:    Mouse Y: 67 (entre 63 e 75)? true
[21:19:38] [Render thread/INFO] (Minecraft) [STDOUT]: 🟢 HOVER DETECTADO NO ÍCONE INFO!
[21:19:38] [Render thread/INFO] (Minecraft) [STDOUT]:    Mouse X: 233 (entre 227 e 239)? true
[21:19:38] [Render thread/INFO] (Minecraft) [STDOUT]:    Mouse Y: 67 (entre 63 e 75)? true
[21:19:38] [Render thread/INFO] (Minecraft) [STDOUT]: 🟢 HOVER DETECTADO NO ÍCONE INFO!
[21:19:38] [Render thread/INFO] (Minecraft) [STDOUT]:    Mouse X: 233 (entre 227 e 239)? true
[21:19:38] [Render thread/INFO] (Minecraft) [STDOUT]:    Mouse Y: 67 (entre 63 e 75)? true
[21:19:38] [Render thread/INFO] (Minecraft) [STDOUT]: 🟢 HOVER DETECTADO NO ÍCONE INFO!
[21:19:38] [Render thread/INFO] (Minecraft) [STDOUT]:    Mouse X: 233 (entre 227 e 239)? true
[21:19:38] [Render thread/INFO] (Minecraft) [STDOUT]:    Mouse Y: 67 (entre 63 e 75)? true
[21:19:38] [Render thread/INFO] (Minecraft) [STDOUT]: 🟢 HOVER DETECTADO NO ÍCONE INFO!
[21:19:38] [Render thread/INFO] (Minecraft) [STDOUT]:    Mouse X: 233 (entre 227 e 239)? true
[21:19:38] [Render thread/INFO] (Minecraft) [STDOUT]:    Mouse Y: 67 (entre 63 e 75)? true
[21:19:38] [Render thread/INFO] (Minecraft) [STDOUT]: 🟢 HOVER DETECTADO NO ÍCONE INFO!
[21:19:38] [Render thread/INFO] (Minecraft) [STDOUT]:    Mouse X: 233 (entre 227 e 239)? true
[21:19:38] [Render thread/INFO] (Minecraft) [STDOUT]:    Mouse Y: 67 (entre 63 e 75)? true
[21:19:38] [Render thread/INFO] (Minecraft) [STDOUT]: 🟢 HOVER DETECTADO NO ÍCONE INFO!
[21:19:38] [Render thread/INFO] (Minecraft) [STDOUT]:    Mouse X: 233 (entre 227 e 239)? true
[21:19:38] [Render thread/INFO] (Minecraft) [STDOUT]:    Mouse Y: 67 (entre 63 e 75)? true
[21:19:38] [Render thread/INFO] (Minecraft) [STDOUT]: 🟢 HOVER DETECTADO NO ÍCONE INFO!
[21:19:38] [Render thread/INFO] (Minecraft) [STDOUT]:    Mouse X: 233 (entre 227 e 239)? true
[21:19:38] [Render thread/INFO] (Minecraft) [STDOUT]:    Mouse Y: 67 (entre 63 e 75)? true
[21:19:38] [Render thread/INFO] (Minecraft) [STDOUT]: 🟢 HOVER DETECTADO NO ÍCONE INFO!
[21:19:38] [Render thread/INFO] (Minecraft) [STDOUT]:    Mouse X: 233 (entre 227 e 239)? true
[21:19:38] [Render thread/INFO] (Minecraft) [STDOUT]:    Mouse Y: 67 (entre 63 e 75)? true
[21:19:38] [Render thread/INFO] (Minecraft) [STDOUT]: 🟢 HOVER DETECTADO NO ÍCONE INFO!
[21:19:38] [Render thread/INFO] (Minecraft) [STDOUT]:    Mouse X: 233 (entre 227 e 239)? true
[21:19:38] [Render thread/INFO] (Minecraft) [STDOUT]:    Mouse Y: 67 (entre 63 e 75)? true
[21:19:38] [Render thread/INFO] (Minecraft) [STDOUT]: 🟢 HOVER DETECTADO NO ÍCONE INFO!
[21:19:38] [Render thread/INFO] (Minecraft) [STDOUT]:    Mouse X: 233 (entre 227 e 239)? true
[21:19:38] [Render thread/INFO] (Minecraft) [STDOUT]:    Mouse Y: 67 (entre 63 e 75)? true
[21:19:38] [Render thread/INFO] (Minecraft) [STDOUT]: 🟢 HOVER DETECTADO NO ÍCONE INFO!
[21:19:38] [Render thread/INFO] (Minecraft) [STDOUT]:    Mouse X: 233 (entre 227 e 239)? true
[21:19:38] [Render thread/INFO] (Minecraft) [STDOUT]:    Mouse Y: 67 (entre 63 e 75)? true
[21:19:38] [Render thread/INFO] (Minecraft) [STDOUT]: 🟢 HOVER DETECTADO NO ÍCONE INFO!
[21:19:38] [Render thread/INFO] (Minecraft) [STDOUT]:    Mouse X: 233 (entre 227 e 239)? true
[21:19:38] [Render thread/INFO] (Minecraft) [STDOUT]:    Mouse Y: 67 (entre 63 e 75)? true
[21:19:38] [Render thread/INFO] (Minecraft) [STDOUT]: 🟢 HOVER DETECTADO NO ÍCONE INFO!
[21:19:38] [Render thread/INFO] (Minecraft) [STDOUT]:    Mouse X: 233 (entre 227 e 239)? true
[21:19:38] [Render thread/INFO] (Minecraft) [STDOUT]:    Mouse Y: 67 (entre 63 e 75)? true
[21:19:38] [Render thread/INFO] (Minecraft) [STDOUT]: 🟢 HOVER DETECTADO NO ÍCONE INFO!
[21:19:38] [Render thread/INFO] (Minecraft) [STDOUT]:    Mouse X: 233 (entre 227 e 239)? true
[21:19:38] [Render thread/INFO] (Minecraft) [STDOUT]:    Mouse Y: 67 (entre 63 e 75)? true
[21:19:38] [Render thread/INFO] (Minecraft) [STDOUT]: 🟢 HOVER DETECTADO NO ÍCONE INFO!
[21:19:38] [Render thread/INFO] (Minecraft) [STDOUT]:    Mouse X: 233 (entre 227 e 239)? true
[21:19:38] [Render thread/INFO] (Minecraft) [STDOUT]:    Mouse Y: 67 (entre 63 e 75)? true
[21:19:38] [Render thread/INFO] (Minecraft) [STDOUT]: 🟢 HOVER DETECTADO NO ÍCONE INFO!
[21:19:38] [Render thread/INFO] (Minecraft) [STDOUT]:    Mouse X: 233 (entre 227 e 239)? true
[21:19:38] [Render thread/INFO] (Minecraft) [STDOUT]:    Mouse Y: 67 (entre 63 e 75)? true
[21:19:38] [Render thread/INFO] (Minecraft) [STDOUT]: 🟢 HOVER DETECTADO NO ÍCONE INFO!
[21:19:38] [Render thread/INFO] (Minecraft) [STDOUT]:    Mouse X: 233 (entre 227 e 239)? true
[21:19:38] [Render thread/INFO] (Minecraft) [STDOUT]:    Mouse Y: 67 (entre 63 e 75)? true
[21:19:38] [Render thread/INFO] (Minecraft) [STDOUT]: 🟢 HOVER DETECTADO NO ÍCONE INFO!
[21:19:38] [Render thread/INFO] (Minecraft) [STDOUT]:    Mouse X: 233 (entre 227 e 239)? true
[21:19:38] [Render thread/INFO] (Minecraft) [STDOUT]:    Mouse Y: 67 (entre 63 e 75)? true
[21:19:38] [Render thread/INFO] (Minecraft) [STDOUT]: 🟢 HOVER DETECTADO NO ÍCONE INFO!
[21:19:38] [Render thread/INFO] (Minecraft) [STDOUT]:    Mouse X: 233 (entre 227 e 239)? true
[21:19:38] [Render thread/INFO] (Minecraft) [STDOUT]:    Mouse Y: 67 (entre 63 e 75)? true
[21:19:38] [Render thread/INFO] (Minecraft) [STDOUT]: 🟢 HOVER DETECTADO NO ÍCONE INFO!
[21:19:38] [Render thread/INFO] (Minecraft) [STDOUT]:    Mouse X: 233 (entre 227 e 239)? true
[21:19:38] [Render thread/INFO] (Minecraft) [STDOUT]:    Mouse Y: 67 (entre 63 e 75)? true
[21:19:38] [Render thread/INFO] (Minecraft) [STDOUT]: 🟢 HOVER DETECTADO NO ÍCONE INFO!
[21:19:38] [Render thread/INFO] (Minecraft) [STDOUT]:    Mouse X: 233 (entre 227 e 239)? true
[21:19:38] [Render thread/INFO] (Minecraft) [STDOUT]:    Mouse Y: 67 (entre 63 e 75)? true
[21:19:38] [Render thread/INFO] (Minecraft) [STDOUT]: 🟢 HOVER DETECTADO NO ÍCONE INFO!
[21:19:38] [Render thread/INFO] (Minecraft) [STDOUT]:    Mouse X: 233 (entre 227 e 239)? true
[21:19:38] [Render thread/INFO] (Minecraft) [STDOUT]:    Mouse Y: 67 (entre 63 e 75)? true
[21:19:38] [Render thread/INFO] (Minecraft) [STDOUT]: 🟢 HOVER DETECTADO NO ÍCONE INFO!
[21:19:38] [Render thread/INFO] (Minecraft) [STDOUT]:    Mouse X: 233 (entre 227 e 239)? true
[21:19:38] [Render thread/INFO] (Minecraft) [STDOUT]:    Mouse Y: 67 (entre 63 e 75)? true
[21:19:38] [Render thread/INFO] (Minecraft) [STDOUT]: 🟢 HOVER DETECTADO NO ÍCONE INFO!
[21:19:38] [Render thread/INFO] (Minecraft) [STDOUT]:    Mouse X: 233 (entre 227 e 239)? true
[21:19:38] [Render thread/INFO] (Minecraft) [STDOUT]:    Mouse Y: 67 (entre 63 e 75)? true
[21:19:38] [Render thread/INFO] (Minecraft) [STDOUT]: 🟢 HOVER DETECTADO NO ÍCONE INFO!
[21:19:38] [Render thread/INFO] (Minecraft) [STDOUT]:    Mouse X: 233 (entre 227 e 239)? true
[21:19:38] [Render thread/INFO] (Minecraft) [STDOUT]:    Mouse Y: 67 (entre 63 e 75)? true
[21:19:38] [Render thread/INFO] (Minecraft) [STDOUT]: 🟢 HOVER DETECTADO NO ÍCONE INFO!
[21:19:38] [Render thread/INFO] (Minecraft) [STDOUT]:    Mouse X: 233 (entre 227 e 239)? true
[21:19:38] [Render thread/INFO] (Minecraft) [STDOUT]:    Mouse Y: 67 (entre 63 e 75)? true
[21:19:38] [Render thread/INFO] (Minecraft) [STDOUT]: 🟢 HOVER DETECTADO NO ÍCONE INFO!
[21:19:38] [Render thread/INFO] (Minecraft) [STDOUT]:    Mouse X: 233 (entre 227 e 239)? true
[21:19:38] [Render thread/INFO] (Minecraft) [STDOUT]:    Mouse Y: 67 (entre 63 e 75)? true
[21:19:38] [Render thread/INFO] (Minecraft) [STDOUT]: 🟢 HOVER DETECTADO NO ÍCONE INFO!
[21:19:38] [Render thread/INFO] (Minecraft) [STDOUT]:    Mouse X: 233 (entre 227 e 239)? true
[21:19:38] [Render thread/INFO] (Minecraft) [STDOUT]:    Mouse Y: 67 (entre 63 e 75)? true
[21:19:38] [Render thread/INFO] (Minecraft) [STDOUT]: 🟢 HOVER DETECTADO NO ÍCONE INFO!
[21:19:38] [Render thread/INFO] (Minecraft) [STDOUT]:    Mouse X: 233 (entre 227 e 239)? true
[21:19:38] [Render thread/INFO] (Minecraft) [STDOUT]:    Mouse Y: 67 (entre 63 e 75)? true
[21:19:38] [Render thread/INFO] (Minecraft) [STDOUT]: 🟢 HOVER DETECTADO NO ÍCONE INFO!
[21:19:38] [Render thread/INFO] (Minecraft) [STDOUT]:    Mouse X: 233 (entre 227 e 239)? true
[21:19:38] [Render thread/INFO] (Minecraft) [STDOUT]:    Mouse Y: 67 (entre 63 e 75)? true
[21:19:38] [Render thread/INFO] (Minecraft) [STDOUT]: 🟢 HOVER DETECTADO NO ÍCONE INFO!
[21:19:38] [Render thread/INFO] (Minecraft) [STDOUT]:    Mouse X: 233 (entre 227 e 239)? true
[21:19:38] [Render thread/INFO] (Minecraft) [STDOUT]:    Mouse Y: 67 (entre 63 e 75)? true
[21:19:38] [Render thread/INFO] (Minecraft) [STDOUT]: 🟢 HOVER DETECTADO NO ÍCONE INFO!
[21:19:38] [Render thread/INFO] (Minecraft) [STDOUT]:    Mouse X: 233 (entre 227 e 239)? true
[21:19:38] [Render thread/INFO] (Minecraft) [STDOUT]:    Mouse Y: 67 (entre 63 e 75)? true
[21:19:38] [Render thread/INFO] (Minecraft) [STDOUT]: 🟢 HOVER DETECTADO NO ÍCONE INFO!
[21:19:38] [Render thread/INFO] (Minecraft) [STDOUT]:    Mouse X: 233 (entre 227 e 239)? true
[21:19:38] [Render thread/INFO] (Minecraft) [STDOUT]:    Mouse Y: 67 (entre 63 e 75)? true
[21:19:38] [Render thread/INFO] (Minecraft) [STDOUT]: 🟢 HOVER DETECTADO NO ÍCONE INFO!
[21:19:38] [Render thread/INFO] (Minecraft) [STDOUT]:    Mouse X: 233 (entre 227 e 239)? true
[21:19:38] [Render thread/INFO] (Minecraft) [STDOUT]:    Mouse Y: 67 (entre 63 e 75)? true
[21:19:38] [Render thread/INFO] (Minecraft) [STDOUT]: 🟢 HOVER DETECTADO NO ÍCONE INFO!
[21:19:38] [Render thread/INFO] (Minecraft) [STDOUT]:    Mouse X: 233 (entre 227 e 239)? true
[21:19:38] [Render thread/INFO] (Minecraft) [STDOUT]:    Mouse Y: 67 (entre 63 e 75)? true
[21:19:38] [Render thread/INFO] (Minecraft) [STDOUT]: 🟢 HOVER DETECTADO NO ÍCONE INFO!
[21:19:38] [Render thread/INFO] (Minecraft) [STDOUT]:    Mouse X: 233 (entre 227 e 239)? true
[21:19:38] [Render thread/INFO] (Minecraft) [STDOUT]:    Mouse Y: 67 (entre 63 e 75)? true
[21:19:38] [Render thread/INFO] (Minecraft) [STDOUT]: 🟢 HOVER DETECTADO NO ÍCONE INFO!
[21:19:38] [Render thread/INFO] (Minecraft) [STDOUT]:    Mouse X: 233 (entre 227 e 239)? true
[21:19:38] [Render thread/INFO] (Minecraft) [STDOUT]:    Mouse Y: 67 (entre 63 e 75)? true
[21:19:38] [Render thread/INFO] (Minecraft) [STDOUT]: 🟢 HOVER DETECTADO NO ÍCONE INFO!
[21:19:38] [Render thread/INFO] (Minecraft) [STDOUT]:    Mouse X: 233 (entre 227 e 239)? true
[21:19:38] [Render thread/INFO] (Minecraft) [STDOUT]:    Mouse Y: 67 (entre 63 e 75)? true
[21:19:38] [Render thread/INFO] (Minecraft) [STDOUT]: 🟢 HOVER DETECTADO NO ÍCONE INFO!
[21:19:38] [Render thread/INFO] (Minecraft) [STDOUT]:    Mouse X: 233 (entre 227 e 239)? true
[21:19:38] [Render thread/INFO] (Minecraft) [STDOUT]:    Mouse Y: 67 (entre 63 e 75)? true
[21:19:44] [Render thread/INFO] (Minecraft) [STDOUT]: 🟢 HOVER DETECTADO NO ÍCONE INFO!
[21:19:44] [Render thread/INFO] (Minecraft) [STDOUT]:    Mouse X: 231 (entre 227 e 239)? true
[21:19:44] [Render thread/INFO] (Minecraft) [STDOUT]:    Mouse Y: 75 (entre 63 e 75)? true
[21:19:44] [Render thread/INFO] (Minecraft) [STDOUT]: 🟢 HOVER DETECTADO NO ÍCONE INFO!
[21:19:44] [Render thread/INFO] (Minecraft) [STDOUT]:    Mouse X: 231 (entre 227 e 239)? true
[21:19:44] [Render thread/INFO] (Minecraft) [STDOUT]:    Mouse Y: 75 (entre 63 e 75)? true
[21:19:44] [Render thread/INFO] (Minecraft) [STDOUT]: 🟢 HOVER DETECTADO NO ÍCONE INFO!
[21:19:44] [Render thread/INFO] (Minecraft) [STDOUT]:    Mouse X: 231 (entre 227 e 239)? true
[21:19:44] [Render thread/INFO] (Minecraft) [STDOUT]:    Mouse Y: 75 (entre 63 e 75)? true
[21:19:44] [Render thread/INFO] (Minecraft) [STDOUT]: 🟢 HOVER DETECTADO NO ÍCONE INFO!
[21:19:44] [Render thread/INFO] (Minecraft) [STDOUT]:    Mouse X: 231 (entre 227 e 239)? true
[21:19:44] [Render thread/INFO] (Minecraft) [STDOUT]:    Mouse Y: 75 (entre 63 e 75)? true
[21:19:44] [Render thread/INFO] (Minecraft) [STDOUT]: 🟢 HOVER DETECTADO NO ÍCONE INFO!
[21:19:44] [Render thread/INFO] (Minecraft) [STDOUT]:    Mouse X: 231 (entre 227 e 239)? true
[21:19:44] [Render thread/INFO] (Minecraft) [STDOUT]:    Mouse Y: 74 (entre 63 e 75)? true
[21:19:44] [Render thread/INFO] (Minecraft) [STDOUT]: 🟢 HOVER DETECTADO NO ÍCONE INFO!
[21:19:44] [Render thread/INFO] (Minecraft) [STDOUT]:    Mouse X: 231 (entre 227 e 239)? true
[21:19:44] [Render thread/INFO] (Minecraft) [STDOUT]:    Mouse Y: 74 (entre 63 e 75)? true
[21:19:44] [Render thread/INFO] (Minecraft) [STDOUT]: 🟢 HOVER DETECTADO NO ÍCONE INFO!
[21:19:44] [Render thread/INFO] (Minecraft) [STDOUT]:    Mouse X: 231 (entre 227 e 239)? true
[21:19:44] [Render thread/INFO] (Minecraft) [STDOUT]:    Mouse Y: 73 (entre 63 e 75)? true
[21:19:44] [Render thread/INFO] (Minecraft) [STDOUT]: 🟢 HOVER DETECTADO NO ÍCONE INFO!
[21:19:44] [Render thread/INFO] (Minecraft) [STDOUT]:    Mouse X: 231 (entre 227 e 239)? true
[21:19:44] [Render thread/INFO] (Minecraft) [STDOUT]:    Mouse Y: 73 (entre 63 e 75)? true
[21:19:44] [Render thread/INFO] (Minecraft) [STDOUT]: 🟢 HOVER DETECTADO NO ÍCONE INFO!
[21:19:44] [Render thread/INFO] (Minecraft) [STDOUT]:    Mouse X: 231 (entre 227 e 239)? true
[21:19:44] [Render thread/INFO] (Minecraft) [STDOUT]:    Mouse Y: 72 (entre 63 e 75)? true
[21:19:44] [Render thread/INFO] (Minecraft) [STDOUT]: 🟢 HOVER DETECTADO NO ÍCONE INFO!
[21:19:44] [Render thread/INFO] (Minecraft) [STDOUT]:    Mouse X: 231 (entre 227 e 239)? true
[21:19:44] [Render thread/INFO] (Minecraft) [STDOUT]:    Mouse Y: 72 (entre 63 e 75)? true
[21:19:44] [Render thread/INFO] (Minecraft) [STDOUT]: 🟢 HOVER DETECTADO NO ÍCONE INFO!
[21:19:44] [Render thread/INFO] (Minecraft) [STDOUT]:    Mouse X: 231 (entre 227 e 239)? true
[21:19:44] [Render thread/INFO] (Minecraft) [STDOUT]:    Mouse Y: 72 (entre 63 e 75)? true
[21:19:44] [Render thread/INFO] (Minecraft) [STDOUT]: 🟢 HOVER DETECTADO NO ÍCONE INFO!
[21:19:44] [Render thread/INFO] (Minecraft) [STDOUT]:    Mouse X: 232 (entre 227 e 239)? true
[21:19:44] [Render thread/INFO] (Minecraft) [STDOUT]:    Mouse Y: 72 (entre 63 e 75)? true
[21:19:44] [Render thread/INFO] (Minecraft) [STDOUT]: 🟢 HOVER DETECTADO NO ÍCONE INFO!
[21:19:44] [Render thread/INFO] (Minecraft) [STDOUT]:    Mouse X: 232 (entre 227 e 239)? true
[21:19:44] [Render thread/INFO] (Minecraft) [STDOUT]:    Mouse Y: 72 (entre 63 e 75)? true
[21:19:44] [Render thread/INFO] (Minecraft) [STDOUT]: 🟢 HOVER DETECTADO NO ÍCONE INFO!
[21:19:44] [Render thread/INFO] (Minecraft) [STDOUT]:    Mouse X: 232 (entre 227 e 239)? true
[21:19:44] [Render thread/INFO] (Minecraft) [STDOUT]:    Mouse Y: 72 (entre 63 e 75)? true
[21:19:44] [Render thread/INFO] (Minecraft) [STDOUT]: 🟢 HOVER DETECTADO NO ÍCONE INFO!
[21:19:44] [Render thread/INFO] (Minecraft) [STDOUT]:    Mouse X: 232 (entre 227 e 239)? true
[21:19:44] [Render thread/INFO] (Minecraft) [STDOUT]:    Mouse Y: 72 (entre 63 e 75)? true
[21:19:44] [Render thread/INFO] (Minecraft) [STDOUT]: 🟢 HOVER DETECTADO NO ÍCONE INFO!
[21:19:44] [Render thread/INFO] (Minecraft) [STDOUT]:    Mouse X: 232 (entre 227 e 239)? true
[21:19:44] [Render thread/INFO] (Minecraft) [STDOUT]:    Mouse Y: 72 (entre 63 e 75)? true
[21:19:44] [Render thread/INFO] (Minecraft) [STDOUT]: 🟢 HOVER DETECTADO NO ÍCONE INFO!
[21:19:44] [Render thread/INFO] (Minecraft) [STDOUT]:    Mouse X: 232 (entre 227 e 239)? true
[21:19:44] [Render thread/INFO] (Minecraft) [STDOUT]:    Mouse Y: 72 (entre 63 e 75)? true
[21:19:44] [Render thread/INFO] (Minecraft) [STDOUT]: 🟢 HOVER DETECTADO NO ÍCONE INFO!
[21:19:44] [Render thread/INFO] (Minecraft) [STDOUT]:    Mouse X: 232 (entre 227 e 239)? true
[21:19:44] [Render thread/INFO] (Minecraft) [STDOUT]:    Mouse Y: 72 (entre 63 e 75)? true
[21:19:44] [Render thread/INFO] (Minecraft) [STDOUT]: 🟢 HOVER DETECTADO NO ÍCONE INFO!
[21:19:44] [Render thread/INFO] (Minecraft) [STDOUT]:    Mouse X: 232 (entre 227 e 239)? true
[21:19:44] [Render thread/INFO] (Minecraft) [STDOUT]:    Mouse Y: 72 (entre 63 e 75)? true
[21:19:44] [Render thread/INFO] (Minecraft) [STDOUT]: 🟢 HOVER DETECTADO NO ÍCONE INFO!
[21:19:44] [Render thread/INFO] (Minecraft) [STDOUT]:    Mouse X: 232 (entre 227 e 239)? true
[21:19:44] [Render thread/INFO] (Minecraft) [STDOUT]:    Mouse Y: 72 (entre 63 e 75)? true
[21:19:44] [Render thread/INFO] (Minecraft) [STDOUT]: 🟢 HOVER DETECTADO NO ÍCONE INFO!
[21:19:44] [Render thread/INFO] (Minecraft) [STDOUT]:    Mouse X: 232 (entre 227 e 239)? true
[21:19:44] [Render thread/INFO] (Minecraft) [STDOUT]:    Mouse Y: 72 (entre 63 e 75)? true
[21:19:44] [Render thread/INFO] (Minecraft) [STDOUT]: 🟢 HOVER DETECTADO NO ÍCONE INFO!
[21:19:44] [Render thread/INFO] (Minecraft) [STDOUT]:    Mouse X: 232 (entre 227 e 239)? true
[21:19:44] [Render thread/INFO] (Minecraft) [STDOUT]:    Mouse Y: 72 (entre 63 e 75)? true
[21:19:44] [Render thread/INFO] (Minecraft) [STDOUT]: 🟢 HOVER DETECTADO NO ÍCONE INFO!
[21:19:44] [Render thread/INFO] (Minecraft) [STDOUT]:    Mouse X: 232 (entre 227 e 239)? true
[21:19:44] [Render thread/INFO] (Minecraft) [STDOUT]:    Mouse Y: 72 (entre 63 e 75)? true
[21:19:44] [Render thread/INFO] (Minecraft) [STDOUT]: 🟢 HOVER DETECTADO NO ÍCONE INFO!
[21:19:44] [Render thread/INFO] (Minecraft) [STDOUT]:    Mouse X: 232 (entre 227 e 239)? true
[21:19:44] [Render thread/INFO] (Minecraft) [STDOUT]:    Mouse Y: 72 (entre 63 e 75)? true
[21:19:44] [Render thread/INFO] (Minecraft) [STDOUT]: 🟢 HOVER DETECTADO NO ÍCONE INFO!
[21:19:44] [Render thread/INFO] (Minecraft) [STDOUT]:    Mouse X: 232 (entre 227 e 239)? true
[21:19:44] [Render thread/INFO] (Minecraft) [STDOUT]:    Mouse Y: 72 (entre 63 e 75)? true
[21:19:44] [Render thread/INFO] (Minecraft) [STDOUT]: 🟢 HOVER DETECTADO NO ÍCONE INFO!
[21:19:44] [Render thread/INFO] (Minecraft) [STDOUT]:    Mouse X: 232 (entre 227 e 239)? true
[21:19:44] [Render thread/INFO] (Minecraft) [STDOUT]:    Mouse Y: 72 (entre 63 e 75)? true
[21:19:44] [Render thread/INFO] (Minecraft) [STDOUT]: 🟢 HOVER DETECTADO NO ÍCONE INFO!
[21:19:44] [Render thread/INFO] (Minecraft) [STDOUT]:    Mouse X: 232 (entre 227 e 239)? true
[21:19:44] [Render thread/INFO] (Minecraft) [STDOUT]:    Mouse Y: 72 (entre 63 e 75)? true
[21:19:44] [Render thread/INFO] (Minecraft) [STDOUT]: 🟢 HOVER DETECTADO NO ÍCONE INFO!
[21:19:44] [Render thread/INFO] (Minecraft) [STDOUT]:    Mouse X: 232 (entre 227 e 239)? true
[21:19:44] [Render thread/INFO] (Minecraft) [STDOUT]:    Mouse Y: 72 (entre 63 e 75)? true
[21:19:44] [Render thread/INFO] (Minecraft) [STDOUT]: 🟢 HOVER DETECTADO NO ÍCONE INFO!
[21:19:44] [Render thread/INFO] (Minecraft) [STDOUT]:    Mouse X: 232 (entre 227 e 239)? true
[21:19:44] [Render thread/INFO] (Minecraft) [STDOUT]:    Mouse Y: 73 (entre 63 e 75)? true
[21:19:45] [Render thread/INFO] (Minecraft) [STDOUT]: 🟢 HOVER DETECTADO NO ÍCONE INFO!
[21:19:45] [Render thread/INFO] (Minecraft) [STDOUT]:    Mouse X: 232 (entre 227 e 239)? true
[21:19:45] [Render thread/INFO] (Minecraft) [STDOUT]:    Mouse Y: 73 (entre 63 e 75)? true
[21:19:45] [Render thread/INFO] (Minecraft) [STDOUT]: 🟢 HOVER DETECTADO NO ÍCONE INFO!
[21:19:45] [Render thread/INFO] (Minecraft) [STDOUT]:    Mouse X: 233 (entre 227 e 239)? true
[21:19:45] [Render thread/INFO] (Minecraft) [STDOUT]:    Mouse Y: 75 (entre 63 e 75)? true
[21:19:46] [Render thread/INFO] (Minecraft) [STDOUT]: ━━━━━━━━━━━━━━━━━━━━━━━━━━━━
[21:19:46] [Render thread/INFO] (Minecraft) [STDOUT]: 🖱️ mouseClicked no Compact
[21:19:46] [Render thread/INFO] (Minecraft) [STDOUT]:    Mouse: (297.2, 41.630387143900656)
[21:19:46] [Render thread/INFO] (Minecraft) [STDOUT]:    Button: 0
[21:19:46] [Render thread/INFO] (Minecraft) [STDOUT]:    🔍 Verificando scrollbar...
[21:19:46] [Render thread/INFO] (Minecraft) [STDOUT]:       g.visible: true
[21:19:46] [Render thread/INFO] (Minecraft) [STDOUT]:       Scrollbar geometry:
[21:19:46] [Render thread/INFO] (Minecraft) [STDOUT]:          x: 242.7 (left: 242, right: 246)
[21:19:46] [Render thread/INFO] (Minecraft) [STDOUT]:          y: 66, height: 140
[21:19:46] [Render thread/INFO] (Minecraft) [STDOUT]:          knobY: 66, knobH: 44
[21:19:46] [Render thread/INFO] (Minecraft) [STDOUT]:          w: 3.15
[21:19:46] [Render thread/INFO] (Minecraft) [STDOUT]:       Mouse X in bounds: false (297.2 entre 242 e 246)
[21:19:46] [Render thread/INFO] (Minecraft) [STDOUT]:       Mouse Y in bounds: false (41.630387143900656 entre 66 e 206)
[21:19:46] [Render thread/INFO] (Minecraft) [STDOUT]:       ❌ Mouse NÃO está na área da scrollbar
[21:19:46] [Render thread/INFO] (Minecraft) [STDOUT]: ━━━━━━━━━━━━━━━━━━━━━━━━━━━━
[21:19:57] [Server thread/INFO] (Minecraft) [Player76: Set the time to 1000]
[21:19:57] [Render thread/INFO] (Minecraft) [System] [CHAT] Set the time to 1000
[21:20:00] [Server thread/INFO] (Minecraft) Saving and pausing game...
[21:20:00] [Server thread/INFO] (Minecraft) Saving chunks for level 'ServerLevel[Testes]'/minecraft:overworld
[21:20:00] [Server thread/INFO] (Minecraft) Saving chunks for level 'ServerLevel[Testes]'/minecraft:the_end
[21:20:00] [Server thread/INFO] (Minecraft) Saving chunks for level 'ServerLevel[Testes]'/minecraft:the_nether
[21:20:02] [Render thread/INFO] (Minecraft) Stopping!
[21:20:02] [Server thread/INFO] (Minecraft) Player76 lost connection: Disconnected
[21:20:02] [Server thread/INFO] (Minecraft) Player76 left the game
[21:20:02] [Server thread/INFO] (Minecraft) Stopping singleplayer server as player logged out
[21:20:02] [Server thread/INFO] (Minecraft) Stopping server
[21:20:02] [Server thread/INFO] (Minecraft) Saving players
[21:20:02] [Server thread/INFO] (Minecraft) Saving worlds
[21:20:02] [Server thread/INFO] (Minecraft) Saving chunks for level 'ServerLevel[Testes]'/minecraft:overworld
[21:20:02] [Server thread/INFO] (Minecraft) Saving chunks for level 'ServerLevel[Testes]'/minecraft:the_end
[21:20:02] [Server thread/INFO] (Minecraft) Saving chunks for level 'ServerLevel[Testes]'/minecraft:the_nether
[21:20:02] [Server thread/INFO] (Minecraft) ThreadedAnvilChunkStorage (New World): All chunks are saved
[21:20:02] [Server thread/INFO] (Minecraft) ThreadedAnvilChunkStorage (DIM1): All chunks are saved
[21:20:02] [Server thread/INFO] (Minecraft) ThreadedAnvilChunkStorage (DIM-1): All chunks are saved
[21:20:02] [Server thread/INFO] (Minecraft) ThreadedAnvilChunkStorage: All dimensions are saved
