[10:06:23] [main/INFO] (FabricLoader/GameProvider) Loading Minecraft 1.21.11 with Fabric Loader 0.18.4
[10:06:23] [main/DEBUG] (FabricLoader/GamePatch) Found game constructor: net.minecraft.client.main.Main -> net.minecraft.client.MinecraftClient
[10:06:23] [main/DEBUG] (FabricLoader/GamePatch) Patching game constructor <init>(Lnet/minecraft/client/RunArgs;)V
[10:06:23] [main/DEBUG] (FabricLoader/GamePatch) Run directory field is thought to be net/minecraft/client/MinecraftClient/runDirectory
[10:06:23] [main/DEBUG] (FabricLoader/GamePatch) Applying brand name hook to net/minecraft/client/ClientBrandRetriever::getClientModName
[10:06:23] [main/DEBUG] (FabricLoader/GamePatch) Applying brand name hook to net/minecraft/server/MinecraftServer::getServerModName
[10:06:23] [main/DEBUG] (FabricLoader/GamePatch) Patched 3 classs
[10:06:23] [main/DEBUG] (FabricLoader/Discovery) Mod discovery time: 19,5 ms
[10:06:23] [main/DEBUG] (FabricLoader/Resolution) Mod resolution time: 55,2 ms
[10:06:23] [main/INFO] (FabricLoader) Loading 55 mods:
	- cloth-basic-math 0.6.1
	- cloth-config 21.11.153
	- fabric-api 0.141.3+1.21.11
	- fabric-api-base 1.0.5+4ebb5c083e
	- fabric-api-lookup-api-v1 1.6.114+20dc27073e
	- fabric-biome-api-v1 17.1.1+4fc5413f3e
	- fabric-block-api-v1 1.1.10+4ebb5c083e
	- fabric-block-view-api-v2 1.0.39+4ebb5c083e
	- fabric-client-gametest-api-v1 4.3.5+bfe9fcf43e
	- fabric-command-api-v2 2.4.7+6b42a6003e
	- fabric-content-registries-v0 10.2.14+4fc5413f3e
	- fabric-convention-tags-v1 2.1.55+7f945d5b3e
	- fabric-convention-tags-v2 2.17.3+8ef948ba3e
	- fabric-crash-report-info-v1 0.3.23+4ebb5c083e
	- fabric-data-attachment-api-v1 1.8.47+eed0806f3e
	- fabric-data-generation-api-v1 23.4.0+69974c4e3e
	- fabric-dimensions-v1 4.0.28+4fc5413f3e
	- fabric-entity-events-v1 3.1.1+1d0ab4303e
	- fabric-events-interaction-v0 4.1.0+3b89ecf63e
	- fabric-game-rule-api-v1 2.0.3+4fc5413f3e
	- fabric-gametest-api-v1 3.1.27+4fc5413f3e
	- fabric-item-api-v1 11.5.20+d0c46b9e3e
	- fabric-item-group-api-v1 4.2.36+4fc5413f3e
	- fabric-key-binding-api-v1 1.1.7+4fc5413f3e
	- fabric-lifecycle-events-v1 2.6.15+4ebb5c083e
	- fabric-loot-api-v2 3.0.73+3f89f5a53e
	- fabric-loot-api-v3 2.0.20+78c8b4663e
	- fabric-message-api-v1 6.1.12+4ebb5c083e
	- fabric-model-loading-api-v1 6.0.15+4fc5413f3e
	- fabric-networking-api-v1 5.1.5+ae1e07683e
	- fabric-object-builder-api-v1 21.1.39+4fc5413f3e
	- fabric-particles-v1 4.2.11+4fc5413f3e
	- fabric-recipe-api-v1 8.2.3+4ebb5c083e
	- fabric-registry-sync-v0 6.2.5+1718722b3e
	- fabric-renderer-api-v1 8.0.3+f4ffd2e53e
	- fabric-renderer-indigo 5.0.3+f4ffd2e53e
	- fabric-rendering-fluids-v1 3.1.43+4ebb5c083e
	- fabric-rendering-v1 16.2.10+0290ad933e
	- fabric-resource-conditions-api-v1 5.0.35+4fc5413f3e
	- fabric-resource-loader-v0 3.3.4+4fc5413f3e
	- fabric-resource-loader-v1 1.0.10+78c8b4663e
	- fabric-screen-api-v1 3.1.7+4ebb5c083e
	- fabric-screen-handler-api-v1 1.3.161+4fc5413f3e
	- fabric-serialization-api-v1 1.0.5+4ebb5c083e
	- fabric-sound-api-v1 1.0.51+4fc5413f3e
	- fabric-tag-api-v1 1.2.20+4fc5413f3e
	- fabric-transfer-api-v1 6.0.25+4fc5413f3e
	- fabric-transitive-access-wideners-v1 7.1.0+014c8cec3e
	- fabricloader 0.18.4
	- java 21
	- libz 1.0.3
	- minecraft 1.21.11
	- mixinextras 0.5.0
	- modmenu 17.0.0-beta.2
	- player_level_skills 1.1.0
[10:06:23] [main/DEBUG] (FabricLoader/Knot) Adding C:\Users\rafae\Documents\GitHub\player_level_skills\.gradle\loom-cache\remapped_mods\remapped\net\fabricmc\fabric-api\fabric-item-api-v1-4b5d3c0a\11.5.20+d0c46b9e3e\fabric-item-api-v1-4b5d3c0a-11.5.20+d0c46b9e3e.jar to classpath.
[10:06:23] [main/DEBUG] (FabricLoader/Knot) Adding C:\Users\rafae\Documents\GitHub\player_level_skills\.gradle\loom-cache\remapped_mods\remapped\net\fabricmc\fabric-api\fabric-transfer-api-v1-4b5d3c0a\6.0.25+4fc5413f3e\fabric-transfer-api-v1-4b5d3c0a-6.0.25+4fc5413f3e.jar to classpath.
[10:06:23] [main/DEBUG] (FabricLoader/Knot) Adding C:\Users\rafae\Documents\GitHub\player_level_skills\.gradle\loom-cache\remapped_mods\remapped\net\fabricmc\fabric-api\fabric-renderer-indigo-4b5d3c0a\5.0.3+f4ffd2e53e\fabric-renderer-indigo-4b5d3c0a-5.0.3+f4ffd2e53e.jar to classpath.
[10:06:23] [main/DEBUG] (FabricLoader/Knot) Adding C:\Users\rafae\Documents\GitHub\player_level_skills\.gradle\loom-cache\remapped_mods\remapped\net\fabricmc\fabric-api\fabric-data-generation-api-v1-4b5d3c0a\23.4.0+69974c4e3e\fabric-data-generation-api-v1-4b5d3c0a-23.4.0+69974c4e3e.jar to classpath.
[10:06:23] [main/DEBUG] (FabricLoader/Knot) Adding C:\Users\rafae\Documents\GitHub\player_level_skills\.gradle\loom-cache\remapped_mods\remapped\net\fabricmc\fabric-api\fabric-api-base-4b5d3c0a\1.0.5+4ebb5c083e\fabric-api-base-4b5d3c0a-1.0.5+4ebb5c083e.jar to classpath.
[10:06:23] [main/DEBUG] (FabricLoader/Knot) Adding C:\Users\rafae\Documents\GitHub\player_level_skills\build\resources\main to classpath.
[10:06:23] [main/DEBUG] (FabricLoader/Knot) Adding C:\Users\rafae\Documents\GitHub\player_level_skills\.gradle\loom-cache\remapped_mods\remapped\net\fabricmc\fabric-api\fabric-tag-api-v1-4b5d3c0a\1.2.20+4fc5413f3e\fabric-tag-api-v1-4b5d3c0a-1.2.20+4fc5413f3e.jar to classpath.
[10:06:23] [main/DEBUG] (FabricLoader/Knot) Adding C:\Users\rafae\Documents\GitHub\player_level_skills\.gradle\loom-cache\remapped_mods\remapped\net\fabricmc\fabric-api\fabric-networking-api-v1-4b5d3c0a\5.1.5+ae1e07683e\fabric-networking-api-v1-4b5d3c0a-5.1.5+ae1e07683e.jar to classpath.
[10:06:23] [main/DEBUG] (FabricLoader/Knot) Adding C:\Users\rafae\Documents\GitHub\player_level_skills\.gradle\loom-cache\remapped_mods\remapped\net\fabricmc\fabric-api\fabric-screen-handler-api-v1-4b5d3c0a\1.3.161+4fc5413f3e\fabric-screen-handler-api-v1-4b5d3c0a-1.3.161+4fc5413f3e.jar to classpath.
[10:06:23] [main/DEBUG] (FabricLoader/Knot) Adding C:\Users\rafae\Documents\GitHub\player_level_skills\.gradle\loom-cache\remapped_mods\remapped\net\fabricmc\fabric-api\fabric-lifecycle-events-v1-4b5d3c0a\2.6.15+4ebb5c083e\fabric-lifecycle-events-v1-4b5d3c0a-2.6.15+4ebb5c083e.jar to classpath.
[10:06:23] [main/DEBUG] (FabricLoader/Knot) Adding C:\Users\rafae\Documents\GitHub\player_level_skills\.gradle\loom-cache\remapped_mods\remapped\net\fabricmc\fabric-api\fabric-crash-report-info-v1-4b5d3c0a\0.3.23+4ebb5c083e\fabric-crash-report-info-v1-4b5d3c0a-0.3.23+4ebb5c083e.jar to classpath.
[10:06:23] [main/DEBUG] (FabricLoader/Knot) Adding C:\Users\rafae\Documents\GitHub\player_level_skills\.gradle\loom-cache\remapped_mods\remapped\net\fabricmc\fabric-api\fabric-resource-loader-v1-4b5d3c0a\1.0.10+78c8b4663e\fabric-resource-loader-v1-4b5d3c0a-1.0.10+78c8b4663e.jar to classpath.
[10:06:23] [main/DEBUG] (FabricLoader/Knot) Adding C:\Users\rafae\Documents\GitHub\player_level_skills\.gradle\loom-cache\remapped_mods\remapped\net\fabricmc\fabric-api\fabric-convention-tags-v2-4b5d3c0a\2.17.3+8ef948ba3e\fabric-convention-tags-v2-4b5d3c0a-2.17.3+8ef948ba3e.jar to classpath.
[10:06:23] [main/DEBUG] (FabricLoader/Knot) Adding C:\Users\rafae\Documents\GitHub\player_level_skills\.gradle\loom-cache\remapped_mods\remapped\me\shedaniel\cloth\cloth-config-fabric-4b5d3c0a\21.11.153\cloth-config-fabric-4b5d3c0a-21.11.153-fabric.jar to classpath.
[10:06:23] [main/DEBUG] (FabricLoader/Knot) Adding C:\Users\rafae\Documents\GitHub\player_level_skills\.gradle\loom-cache\remapped_mods\remapped\net\fabricmc\fabric-api\fabric-entity-events-v1-4b5d3c0a\3.1.1+1d0ab4303e\fabric-entity-events-v1-4b5d3c0a-3.1.1+1d0ab4303e.jar to classpath.
[10:06:23] [main/DEBUG] (FabricLoader/Knot) Adding C:\Users\rafae\Documents\GitHub\player_level_skills\.gradle\loom-cache\remapped_mods\remapped\net\fabricmc\fabric-api\fabric-game-rule-api-v1-4b5d3c0a\2.0.3+4fc5413f3e\fabric-game-rule-api-v1-4b5d3c0a-2.0.3+4fc5413f3e.jar to classpath.
[10:06:23] [main/DEBUG] (FabricLoader/Knot) Adding C:\Users\rafae\Documents\GitHub\player_level_skills\.gradle\loom-cache\remapped_mods\remapped\net\fabricmc\fabric-api\fabric-sound-api-v1-4b5d3c0a\1.0.51+4fc5413f3e\fabric-sound-api-v1-4b5d3c0a-1.0.51+4fc5413f3e.jar to classpath.
[10:06:23] [main/DEBUG] (FabricLoader/Knot) Adding C:\Users\rafae\Documents\GitHub\player_level_skills\.gradle\loom-cache\remapped_mods\remapped\net\fabricmc\fabric-api\fabric-gametest-api-v1-4b5d3c0a\3.1.27+4fc5413f3e\fabric-gametest-api-v1-4b5d3c0a-3.1.27+4fc5413f3e.jar to classpath.
[10:06:23] [main/DEBUG] (FabricLoader/Knot) Adding C:\Users\rafae\Documents\GitHub\player_level_skills\.gradle\loom-cache\remapped_mods\remapped\net\fabricmc\fabric-api\fabric-message-api-v1-4b5d3c0a\6.1.12+4ebb5c083e\fabric-message-api-v1-4b5d3c0a-6.1.12+4ebb5c083e.jar to classpath.
[10:06:23] [main/DEBUG] (FabricLoader/Knot) Adding C:\Users\rafae\Documents\GitHub\player_level_skills\.gradle\loom-cache\remapped_mods\remapped\net\fabricmc\fabric-api\fabric-item-group-api-v1-4b5d3c0a\4.2.36+4fc5413f3e\fabric-item-group-api-v1-4b5d3c0a-4.2.36+4fc5413f3e.jar to classpath.
[10:06:23] [main/DEBUG] (FabricLoader/Knot) Adding C:\Users\rafae\.gradle\caches\modules-2\files-2.1\io.github.llamalad7\mixinextras-fabric\0.5.0\91a83dfb7abd320f6236bd1fcf5c0ff143d59a13\mixinextras-fabric-0.5.0.jar to classpath.
[10:06:23] [main/DEBUG] (FabricLoader/Knot) Adding C:\Users\rafae\Documents\GitHub\player_level_skills\.gradle\loom-cache\remapped_mods\remapped\net\fabricmc\fabric-api\fabric-transitive-access-wideners-v1-4b5d3c0a\7.1.0+014c8cec3e\fabric-transitive-access-wideners-v1-4b5d3c0a-7.1.0+014c8cec3e.jar to classpath.
[10:06:23] [main/DEBUG] (FabricLoader/Knot) Adding C:\Users\rafae\Documents\GitHub\player_level_skills\.gradle\loom-cache\remapped_mods\remapped\net\fabricmc\fabric-api\fabric-biome-api-v1-4b5d3c0a\17.1.1+4fc5413f3e\fabric-biome-api-v1-4b5d3c0a-17.1.1+4fc5413f3e.jar to classpath.
[10:06:23] [main/DEBUG] (FabricLoader/Knot) Adding C:\Users\rafae\Documents\GitHub\player_level_skills\.gradle\loom-cache\remapped_mods\remapped\net\fabricmc\fabric-api\fabric-content-registries-v0-4b5d3c0a\10.2.14+4fc5413f3e\fabric-content-registries-v0-4b5d3c0a-10.2.14+4fc5413f3e.jar to classpath.
[10:06:23] [main/DEBUG] (FabricLoader/Knot) Adding C:\Users\rafae\Documents\GitHub\player_level_skills\.gradle\loom-cache\remapped_mods\remapped\net\fabricmc\fabric-api\fabric-loot-api-v3-4b5d3c0a\2.0.20+78c8b4663e\fabric-loot-api-v3-4b5d3c0a-2.0.20+78c8b4663e.jar to classpath.
[10:06:23] [main/DEBUG] (FabricLoader/Knot) Adding C:\Users\rafae\Documents\GitHub\player_level_skills\.gradle\loom-cache\remapped_mods\remapped\net\fabricmc\fabric-api\fabric-api-4b5d3c0a\0.141.3+1.21.11\fabric-api-4b5d3c0a-0.141.3+1.21.11.jar to classpath.
[10:06:23] [main/DEBUG] (FabricLoader/Knot) Adding C:\Users\rafae\Documents\GitHub\player_level_skills\.gradle\loom-cache\remapped_mods\remapped\net\fabricmc\fabric-api\fabric-screen-api-v1-4b5d3c0a\3.1.7+4ebb5c083e\fabric-screen-api-v1-4b5d3c0a-3.1.7+4ebb5c083e.jar to classpath.
[10:06:23] [main/DEBUG] (FabricLoader/Knot) Adding C:\Users\rafae\Documents\GitHub\player_level_skills\.gradle\loom-cache\remapped_mods\remapped\net\fabricmc\fabric-api\fabric-renderer-api-v1-4b5d3c0a\8.0.3+f4ffd2e53e\fabric-renderer-api-v1-4b5d3c0a-8.0.3+f4ffd2e53e.jar to classpath.
[10:06:23] [main/DEBUG] (FabricLoader/Knot) Adding C:\Users\rafae\Documents\GitHub\player_level_skills\.gradle\loom-cache\remapped_mods\remapped\net\fabricmc\fabric-api\fabric-rendering-fluids-v1-4b5d3c0a\3.1.43+4ebb5c083e\fabric-rendering-fluids-v1-4b5d3c0a-3.1.43+4ebb5c083e.jar to classpath.
[10:06:23] [main/DEBUG] (FabricLoader/Knot) Adding C:\Users\rafae\Documents\GitHub\player_level_skills\.gradle\loom-cache\remapped_mods\remapped\me\shedaniel\cloth\basic-math-4b5d3c0a\0.6.1\basic-math-4b5d3c0a-0.6.1.jar to classpath.
[10:06:23] [main/DEBUG] (FabricLoader/Knot) Adding C:\Users\rafae\Documents\GitHub\player_level_skills\.gradle\loom-cache\remapped_mods\remapped\net\fabricmc\fabric-api\fabric-resource-conditions-api-v1-4b5d3c0a\5.0.35+4fc5413f3e\fabric-resource-conditions-api-v1-4b5d3c0a-5.0.35+4fc5413f3e.jar to classpath.
[10:06:23] [main/DEBUG] (FabricLoader/Knot) Adding C:\Users\rafae\Documents\GitHub\player_level_skills\.gradle\loom-cache\remapped_mods\remapped\net\fabricmc\fabric-api\fabric-loot-api-v2-4b5d3c0a\3.0.73+3f89f5a53e\fabric-loot-api-v2-4b5d3c0a-3.0.73+3f89f5a53e.jar to classpath.
[10:06:23] [main/DEBUG] (FabricLoader/Knot) Adding C:\Users\rafae\Documents\GitHub\player_level_skills\.gradle\loom-cache\remapped_mods\remapped\net\fabricmc\fabric-api\fabric-convention-tags-v1-4b5d3c0a\2.1.55+7f945d5b3e\fabric-convention-tags-v1-4b5d3c0a-2.1.55+7f945d5b3e.jar to classpath.
[10:06:23] [main/DEBUG] (FabricLoader/Knot) Adding C:\Users\rafae\Documents\GitHub\player_level_skills\.gradle\loom-cache\remapped_mods\remapped\net\fabricmc\fabric-api\fabric-command-api-v2-4b5d3c0a\2.4.7+6b42a6003e\fabric-command-api-v2-4b5d3c0a-2.4.7+6b42a6003e.jar to classpath.
[10:06:23] [main/DEBUG] (FabricLoader/Knot) Adding C:\Users\rafae\Documents\GitHub\player_level_skills\.gradle\loom-cache\remapped_mods\remapped\net\fabricmc\fabric-api\fabric-dimensions-v1-4b5d3c0a\4.0.28+4fc5413f3e\fabric-dimensions-v1-4b5d3c0a-4.0.28+4fc5413f3e.jar to classpath.
[10:06:23] [main/DEBUG] (FabricLoader/Knot) Adding C:\Users\rafae\Documents\GitHub\player_level_skills\.gradle\loom-cache\remapped_mods\remapped\net\fabricmc\fabric-api\fabric-registry-sync-v0-4b5d3c0a\6.2.5+1718722b3e\fabric-registry-sync-v0-4b5d3c0a-6.2.5+1718722b3e.jar to classpath.
[10:06:23] [main/DEBUG] (FabricLoader/Knot) Adding C:\Users\rafae\Documents\GitHub\player_level_skills\.gradle\loom-cache\remapped_mods\remapped\net\fabricmc\fabric-api\fabric-key-binding-api-v1-4b5d3c0a\1.1.7+4fc5413f3e\fabric-key-binding-api-v1-4b5d3c0a-1.1.7+4fc5413f3e.jar to classpath.
[10:06:23] [main/DEBUG] (FabricLoader/Knot) Adding C:\Users\rafae\Documents\GitHub\player_level_skills\.gradle\loom-cache\remapped_mods\remapped\net\fabricmc\fabric-api\fabric-client-gametest-api-v1-4b5d3c0a\4.3.5+bfe9fcf43e\fabric-client-gametest-api-v1-4b5d3c0a-4.3.5+bfe9fcf43e.jar to classpath.
[10:06:23] [main/DEBUG] (FabricLoader/Knot) Adding C:\Users\rafae\Documents\GitHub\player_level_skills\.gradle\loom-cache\remapped_mods\remapped\net\fabricmc\fabric-api\fabric-block-api-v1-4b5d3c0a\1.1.10+4ebb5c083e\fabric-block-api-v1-4b5d3c0a-1.1.10+4ebb5c083e.jar to classpath.
[10:06:23] [main/DEBUG] (FabricLoader/Knot) Adding C:\Users\rafae\Documents\GitHub\player_level_skills\.gradle\loom-cache\remapped_mods\remapped\net\fabricmc\fabric-api\fabric-events-interaction-v0-4b5d3c0a\4.1.0+3b89ecf63e\fabric-events-interaction-v0-4b5d3c0a-4.1.0+3b89ecf63e.jar to classpath.
[10:06:23] [main/DEBUG] (FabricLoader/Knot) Adding C:\Users\rafae\Documents\GitHub\player_level_skills\.gradle\loom-cache\remapped_mods\remapped\net\fabricmc\fabric-api\fabric-particles-v1-4b5d3c0a\4.2.11+4fc5413f3e\fabric-particles-v1-4b5d3c0a-4.2.11+4fc5413f3e.jar to classpath.
[10:06:23] [main/DEBUG] (FabricLoader/Knot) Adding C:\Users\rafae\Documents\GitHub\player_level_skills\.gradle\loom-cache\remapped_mods\remapped\com\terraformersmc\modmenu-4b5d3c0a\17.0.0-beta.2\modmenu-4b5d3c0a-17.0.0-beta.2.jar to classpath.
[10:06:23] [main/DEBUG] (FabricLoader/Knot) Adding C:\Users\rafae\Documents\GitHub\player_level_skills\.gradle\loom-cache\remapped_mods\remapped\maven\modrinth\libz-4b5d3c0a\1.0.3+1.21.1\libz-4b5d3c0a-1.0.3+1.21.1.jar to classpath.
[10:06:23] [main/DEBUG] (FabricLoader/Knot) Adding C:\Users\rafae\Documents\GitHub\player_level_skills\.gradle\loom-cache\remapped_mods\remapped\net\fabricmc\fabric-api\fabric-recipe-api-v1-4b5d3c0a\8.2.3+4ebb5c083e\fabric-recipe-api-v1-4b5d3c0a-8.2.3+4ebb5c083e.jar to classpath.
[10:06:23] [main/DEBUG] (FabricLoader/Knot) Adding C:\Users\rafae\Documents\GitHub\player_level_skills\.gradle\loom-cache\remapped_mods\remapped\net\fabricmc\fabric-api\fabric-object-builder-api-v1-4b5d3c0a\21.1.39+4fc5413f3e\fabric-object-builder-api-v1-4b5d3c0a-21.1.39+4fc5413f3e.jar to classpath.
[10:06:23] [main/DEBUG] (FabricLoader/Knot) Adding C:\Users\rafae\Documents\GitHub\player_level_skills\.gradle\loom-cache\remapped_mods\remapped\net\fabricmc\fabric-api\fabric-resource-loader-v0-4b5d3c0a\3.3.4+4fc5413f3e\fabric-resource-loader-v0-4b5d3c0a-3.3.4+4fc5413f3e.jar to classpath.
[10:06:23] [main/DEBUG] (FabricLoader/Knot) Adding C:\Users\rafae\Documents\GitHub\player_level_skills\.gradle\loom-cache\remapped_mods\remapped\net\fabricmc\fabric-api\fabric-model-loading-api-v1-4b5d3c0a\6.0.15+4fc5413f3e\fabric-model-loading-api-v1-4b5d3c0a-6.0.15+4fc5413f3e.jar to classpath.
[10:06:23] [main/DEBUG] (FabricLoader/Knot) Adding C:\Users\rafae\Documents\GitHub\player_level_skills\.gradle\loom-cache\remapped_mods\remapped\net\fabricmc\fabric-api\fabric-block-view-api-v2-4b5d3c0a\1.0.39+4ebb5c083e\fabric-block-view-api-v2-4b5d3c0a-1.0.39+4ebb5c083e.jar to classpath.
[10:06:23] [main/DEBUG] (FabricLoader/Knot) Adding C:\Users\rafae\Documents\GitHub\player_level_skills\.gradle\loom-cache\remapped_mods\remapped\net\fabricmc\fabric-api\fabric-api-lookup-api-v1-4b5d3c0a\1.6.114+20dc27073e\fabric-api-lookup-api-v1-4b5d3c0a-1.6.114+20dc27073e.jar to classpath.
[10:06:23] [main/DEBUG] (FabricLoader/Knot) Adding C:\Users\rafae\Documents\GitHub\player_level_skills\.gradle\loom-cache\remapped_mods\remapped\net\fabricmc\fabric-api\fabric-serialization-api-v1-4b5d3c0a\1.0.5+4ebb5c083e\fabric-serialization-api-v1-4b5d3c0a-1.0.5+4ebb5c083e.jar to classpath.
[10:06:23] [main/DEBUG] (FabricLoader/Knot) Adding C:\Users\rafae\Documents\GitHub\player_level_skills\.gradle\loom-cache\remapped_mods\remapped\net\fabricmc\fabric-api\fabric-rendering-v1-4b5d3c0a\16.2.10+0290ad933e\fabric-rendering-v1-4b5d3c0a-16.2.10+0290ad933e.jar to classpath.
[10:06:23] [main/DEBUG] (FabricLoader/Knot) Adding C:\Users\rafae\Documents\GitHub\player_level_skills\.gradle\loom-cache\remapped_mods\remapped\net\fabricmc\fabric-api\fabric-data-attachment-api-v1-4b5d3c0a\1.8.47+eed0806f3e\fabric-data-attachment-api-v1-4b5d3c0a-1.8.47+eed0806f3e.jar to classpath.
[10:06:23] [main/DEBUG] (FabricLoader/Entrypoint) Registering new-style initializer net.fabricmc.fabric.impl.client.indigo.Indigo for mod fabric-renderer-indigo (key client)
[10:06:23] [main/DEBUG] (FabricLoader/Entrypoint) Registering new-style initializer com.player_level_skills.Player_level_skillsDataGenerator for mod player_level_skills (key fabric-datagen)
[10:06:23] [main/DEBUG] (FabricLoader/Entrypoint) Registering new-style initializer com.player_level_skills.config.ModMenuIntegration for mod player_level_skills (key modmenu)
[10:06:23] [main/DEBUG] (FabricLoader/Entrypoint) Registering new-style initializer com.player_level_skills.client.PlayerLevelSkillsClient for mod player_level_skills (key client)
[10:06:23] [main/DEBUG] (FabricLoader/Entrypoint) Registering new-style initializer com.player_level_skills.Player_level_skills for mod player_level_skills (key main)
[10:06:23] [main/DEBUG] (FabricLoader/Entrypoint) Registering new-style initializer net.fabricmc.fabric.impl.tag.TagInit for mod fabric-tag-api-v1 (key main)
[10:06:23] [main/DEBUG] (FabricLoader/Entrypoint) Registering new-style initializer net.fabricmc.fabric.impl.networking.client.ClientNetworkingImpl::clientInit for mod fabric-networking-api-v1 (key client)
[10:06:23] [main/DEBUG] (FabricLoader/Entrypoint) Registering new-style initializer net.fabricmc.fabric.impl.networking.CommonPacketsImpl::init for mod fabric-networking-api-v1 (key main)
[10:06:23] [main/DEBUG] (FabricLoader/Entrypoint) Registering new-style initializer net.fabricmc.fabric.impl.networking.NetworkingImpl::init for mod fabric-networking-api-v1 (key main)
[10:06:23] [main/DEBUG] (FabricLoader/Entrypoint) Registering new-style initializer net.fabricmc.fabric.impl.screenhandler.client.ClientNetworking for mod fabric-screen-handler-api-v1 (key client)
[10:06:23] [main/DEBUG] (FabricLoader/Entrypoint) Registering new-style initializer net.fabricmc.fabric.impl.screenhandler.Networking for mod fabric-screen-handler-api-v1 (key main)
[10:06:23] [main/DEBUG] (FabricLoader/Entrypoint) Registering new-style initializer net.fabricmc.fabric.impl.client.event.lifecycle.ClientLifecycleEventsImpl for mod fabric-lifecycle-events-v1 (key client)
[10:06:23] [main/DEBUG] (FabricLoader/Entrypoint) Registering new-style initializer net.fabricmc.fabric.impl.event.lifecycle.LifecycleEventsImpl for mod fabric-lifecycle-events-v1 (key main)
[10:06:23] [main/DEBUG] (FabricLoader/Entrypoint) Registering new-style initializer net.fabricmc.fabric.impl.tag.convention.v2.TranslationConventionLogWarnings for mod fabric-convention-tags-v2 (key main)
[10:06:23] [main/DEBUG] (FabricLoader/Entrypoint) Registering new-style initializer me.shedaniel.clothconfig2.fabric.ClothConfigModMenuDemo for mod cloth-config (key modmenu)
[10:06:23] [main/DEBUG] (FabricLoader/Entrypoint) Registering new-style initializer me.shedaniel.autoconfig.example.ExampleInits::exampleCommonInit for mod cloth-config (key client)
[10:06:23] [main/DEBUG] (FabricLoader/Entrypoint) Registering new-style initializer net.fabricmc.fabric.impl.gametest.FabricGameTestModInitializer for mod fabric-gametest-api-v1 (key main)
[10:06:23] [main/DEBUG] (FabricLoader/Entrypoint) Registering new-style initializer net.fabricmc.fabric.impl.renderer.DebugHudClient for mod fabric-renderer-api-v1 (key client)
[10:06:23] [main/DEBUG] (FabricLoader/Entrypoint) Registering new-style initializer net.fabricmc.fabric.impl.resource.conditions.ResourceConditionsImpl for mod fabric-resource-conditions-api-v1 (key main)
[10:06:23] [main/DEBUG] (FabricLoader/Entrypoint) Registering new-style initializer net.fabricmc.fabric.impl.loot.v2.LootInitializer for mod fabric-loot-api-v2 (key main)
[10:06:23] [main/DEBUG] (FabricLoader/Entrypoint) Registering new-style initializer net.fabricmc.fabric.impl.tag.convention.ConventionLogWarnings for mod fabric-convention-tags-v1 (key main)
[10:06:23] [main/DEBUG] (FabricLoader/Entrypoint) Registering new-style initializer net.fabricmc.fabric.impl.client.registry.sync.FabricRegistryClientInit for mod fabric-registry-sync-v0 (key client)
[10:06:23] [main/DEBUG] (FabricLoader/Entrypoint) Registering new-style initializer net.fabricmc.fabric.impl.registry.sync.FabricRegistryInit for mod fabric-registry-sync-v0 (key main)
[10:06:23] [main/DEBUG] (FabricLoader/Entrypoint) Registering new-style initializer net.fabricmc.fabric.impl.event.interaction.InteractionEventsRouter for mod fabric-events-interaction-v0 (key main)
[10:06:23] [main/DEBUG] (FabricLoader/Entrypoint) Registering new-style initializer net.fabricmc.fabric.impl.client.particle.ExtendedBlockStateParticleEffectSyncClient for mod fabric-particles-v1 (key client)
[10:06:23] [main/DEBUG] (FabricLoader/Entrypoint) Registering new-style initializer net.fabricmc.fabric.impl.particle.ExtendedBlockStateParticleEffectSync for mod fabric-particles-v1 (key main)
[10:06:23] [main/DEBUG] (FabricLoader/Entrypoint) Registering new-style initializer com.terraformersmc.modmenu.ModMenuModMenuCompat for mod modmenu (key modmenu)
[10:06:23] [main/DEBUG] (FabricLoader/Entrypoint) Registering new-style initializer com.terraformersmc.modmenu.ModMenu for mod modmenu (key client)
[10:06:23] [main/DEBUG] (FabricLoader/Entrypoint) Registering new-style initializer net.libz.compat.LibzEmiPlugin for mod libz (key emi)
[10:06:23] [main/DEBUG] (FabricLoader/Entrypoint) Registering new-style initializer net.libz.config.ModMenuIntegration for mod libz (key modmenu)
[10:06:23] [main/DEBUG] (FabricLoader/Entrypoint) Registering new-style initializer net.libz.compat.LibzReiPlugin for mod libz (key rei_client)
[10:06:23] [main/DEBUG] (FabricLoader/Entrypoint) Registering new-style initializer net.libz.LibzClient for mod libz (key client)
[10:06:23] [main/DEBUG] (FabricLoader/Entrypoint) Registering new-style initializer net.libz.LibzMain for mod libz (key main)
[10:06:23] [main/DEBUG] (FabricLoader/Entrypoint) Registering new-style initializer net.fabricmc.fabric.impl.recipe.ingredient.client.CustomIngredientSyncClient for mod fabric-recipe-api-v1 (key client)
[10:06:23] [main/DEBUG] (FabricLoader/Entrypoint) Registering new-style initializer net.fabricmc.fabric.impl.recipe.sync.client.RecipeSyncImplClient for mod fabric-recipe-api-v1 (key client)
[10:06:23] [main/DEBUG] (FabricLoader/Entrypoint) Registering new-style initializer net.fabricmc.fabric.impl.recipe.ingredient.CustomIngredientInit for mod fabric-recipe-api-v1 (key main)
[10:06:23] [main/DEBUG] (FabricLoader/Entrypoint) Registering new-style initializer net.fabricmc.fabric.impl.recipe.ingredient.CustomIngredientSync for mod fabric-recipe-api-v1 (key main)
[10:06:23] [main/DEBUG] (FabricLoader/Entrypoint) Registering new-style initializer net.fabricmc.fabric.impl.recipe.sync.RecipeSyncImpl for mod fabric-recipe-api-v1 (key main)
[10:06:23] [main/DEBUG] (FabricLoader/Entrypoint) Registering new-style initializer net.fabricmc.fabric.impl.client.model.loading.CustomUnbakedBlockStateModelInit for mod fabric-model-loading-api-v1 (key client)
[10:06:23] [main/DEBUG] (FabricLoader/Entrypoint) Registering new-style initializer net.fabricmc.fabric.impl.lookup.ApiLookupImpl for mod fabric-api-lookup-api-v1 (key main)
[10:06:23] [main/DEBUG] (FabricLoader/Entrypoint) Registering new-style initializer net.fabricmc.fabric.impl.client.rendering.hud.HudStatusBarHeightRegistryImpl for mod fabric-rendering-v1 (key client)
[10:06:23] [main/DEBUG] (FabricLoader/Entrypoint) Registering new-style initializer net.fabricmc.fabric.impl.attachment.client.AttachmentSyncClient for mod fabric-data-attachment-api-v1 (key client)
[10:06:23] [main/DEBUG] (FabricLoader/Entrypoint) Registering new-style initializer net.fabricmc.fabric.impl.attachment.AttachmentEntrypoint for mod fabric-data-attachment-api-v1 (key main)
[10:06:23] [main/DEBUG] (FabricLoader/Entrypoint) Registering new-style initializer net.fabricmc.fabric.impl.attachment.sync.AttachmentSync for mod fabric-data-attachment-api-v1 (key main)
[10:06:23] [main/INFO] (FabricLoader/Mixin) SpongePowered MIXIN Subsystem Version=0.8.7 Source=file:/C:/Users/rafae/.gradle/caches/modules-2/files-2.1/net.fabricmc/sponge-mixin/0.17.0+mixin.0.8.7/cf31463202f72d03b0ef1e1e38e8ee71b7faaab6/sponge-mixin-0.17.0+mixin.0.8.7.jar Service=Knot/Fabric Env=CLIENT
[10:06:23] [main/DEBUG] (FabricLoader/Mixin) Initialising Mixin Platform Manager
[10:06:23] [main/DEBUG] (FabricLoader/Mixin) Adding mixin platform agents for container ContainerHandleURI(file:///C:/Users/rafae/.gradle/caches/modules-2/files-2.1/net.fabricmc/fabric-loader/0.18.4/dc4682125d5db647d6ce80a98b98945835adcd4b/fabric-loader-0.18.4.jar)
[10:06:23] [main/DEBUG] (FabricLoader/Mixin) Instancing new MixinPlatformAgentDefault for ContainerHandleURI(file:///C:/Users/rafae/.gradle/caches/modules-2/files-2.1/net.fabricmc/fabric-loader/0.18.4/dc4682125d5db647d6ce80a98b98945835adcd4b/fabric-loader-0.18.4.jar)
[10:06:23] [main/DEBUG] (FabricLoader/Mixin) MixinPlatformAgentDefault accepted container ContainerHandleURI(file:///C:/Users/rafae/.gradle/caches/modules-2/files-2.1/net.fabricmc/fabric-loader/0.18.4/dc4682125d5db647d6ce80a98b98945835adcd4b/fabric-loader-0.18.4.jar)
[10:06:23] [main/DEBUG] (FabricLoader/Mixin) Instancing new MixinPlatformAgentDefault for ContainerHandleURI(file:///C:/Users/rafae/.gradle/caches/modules-2/files-2.1/net.fabricmc/fabric-loader/0.18.4/dc4682125d5db647d6ce80a98b98945835adcd4b/fabric-loader-0.18.4.jar)
[10:06:23] [main/DEBUG] (FabricLoader/Mixin) MixinPlatformAgentDefault accepted container ContainerHandleURI(file:///C:/Users/rafae/.gradle/caches/modules-2/files-2.1/net.fabricmc/fabric-loader/0.18.4/dc4682125d5db647d6ce80a98b98945835adcd4b/fabric-loader-0.18.4.jar)
[10:06:23] [main/DEBUG] (FabricLoader/Mixin) Processing prepare() for PlatformAgent[MixinPlatformAgentDefault:ContainerHandleURI(file:///C:/Users/rafae/.gradle/caches/modules-2/files-2.1/net.fabricmc/fabric-loader/0.18.4/dc4682125d5db647d6ce80a98b98945835adcd4b/fabric-loader-0.18.4.jar)]
[10:06:23] [main/DEBUG] (FabricLoader/Mixin) Processing prepare() for PlatformAgent[MixinPlatformAgentDefault:ContainerHandleURI(file:///C:/Users/rafae/.gradle/caches/modules-2/files-2.1/net.fabricmc/fabric-loader/0.18.4/dc4682125d5db647d6ce80a98b98945835adcd4b/fabric-loader-0.18.4.jar)]
[10:06:23] [main/INFO] (FabricLoader/Mixin) Loaded Fabric development mappings for mixin remapper!
[10:06:23] [main/DEBUG] (FabricLoader/Mixin) Compatibility level JAVA_21 specified by fabric-item-api-v1.mixins.json is higher than the maximum level supported by this version of mixin (JAVA_13).
[10:06:23] [main/INFO] (FabricLoader/Mixin) Compatibility level set to JAVA_21
[10:06:23] [main/DEBUG] (FabricLoader/Mixin) Mixin config fabric-item-api-v1.mixins.json does not specify "minVersion" or "requiredFeatures" property
[10:06:23] [main/DEBUG] (FabricLoader/Mixin) Mixin config fabric-item-api-v1.client.mixins.json does not specify "minVersion" or "requiredFeatures" property
[10:06:23] [main/DEBUG] (FabricLoader/Mixin) Mixin config fabric-transfer-api-v1.mixins.json does not specify "minVersion" or "requiredFeatures" property
[10:06:23] [main/DEBUG] (FabricLoader/Mixin) Mixin config fabric-renderer-indigo.mixins.json does not specify "minVersion" or "requiredFeatures" property
[10:06:23] [main/DEBUG] (FabricLoader/Mixin) Mixin config fabric-data-generation-api-v1.mixins.json does not specify "minVersion" or "requiredFeatures" property
[10:06:23] [main/DEBUG] (FabricLoader/Mixin) Mixin config fabric-data-generation-api-v1.client.mixins.json does not specify "minVersion" or "requiredFeatures" property
[10:06:23] [main/DEBUG] (FabricLoader/Mixin) Mixin config player_level_skills.mixins.json does not specify "minVersion" or "requiredFeatures" property
[10:06:23] [main/DEBUG] (FabricLoader/Mixin) Mixin config fabric-tag-api-v1.mixins.json does not specify "minVersion" or "requiredFeatures" property
[10:06:23] [main/DEBUG] (FabricLoader/Mixin) Mixin config fabric-networking-api-v1.mixins.json does not specify "minVersion" or "requiredFeatures" property
[10:06:23] [main/DEBUG] (FabricLoader/Mixin) Mixin config fabric-networking-api-v1.client.mixins.json does not specify "minVersion" or "requiredFeatures" property
[10:06:23] [main/DEBUG] (FabricLoader/Mixin) Mixin config fabric-screen-handler-api-v1.mixins.json does not specify "minVersion" or "requiredFeatures" property
[10:06:23] [main/DEBUG] (FabricLoader/Mixin) Mixin config fabric-lifecycle-events-v1.mixins.json does not specify "minVersion" or "requiredFeatures" property
[10:06:23] [main/DEBUG] (FabricLoader/Mixin) Mixin config fabric-lifecycle-events-v1.client.mixins.json does not specify "minVersion" or "requiredFeatures" property
[10:06:23] [main/DEBUG] (FabricLoader/Mixin) Mixin config fabric-crash-report-info-v1.mixins.json does not specify "minVersion" or "requiredFeatures" property
[10:06:23] [main/DEBUG] (FabricLoader/Mixin) Mixin config fabric-resource-loader-v1.mixins.json does not specify "minVersion" or "requiredFeatures" property
[10:06:23] [main/DEBUG] (FabricLoader/Mixin) Mixin config fabric-resource-loader-v1.client.mixins.json does not specify "minVersion" or "requiredFeatures" property
[10:06:23] [main/DEBUG] (FabricLoader/Mixin) Mixin config fabric-convention-tags-api-v2.mixins.json does not specify "minVersion" or "requiredFeatures" property
[10:06:23] [main/DEBUG] (FabricLoader/Mixin) Mixin config fabric-entity-events-v1.mixins.json does not specify "minVersion" or "requiredFeatures" property
[10:06:23] [main/DEBUG] (FabricLoader/Mixin) Mixin config fabric-game-rule-api-v1.mixins.json does not specify "minVersion" or "requiredFeatures" property
[10:06:23] [main/DEBUG] (FabricLoader/Mixin) Mixin config fabric-game-rule-api-v1.client.mixins.json does not specify "minVersion" or "requiredFeatures" property
[10:06:23] [main/DEBUG] (FabricLoader/Mixin) Mixin config fabric-sound-api-v1.mixins.json does not specify "minVersion" or "requiredFeatures" property
[10:06:23] [main/DEBUG] (FabricLoader/Mixin) Mixin config fabric-gametest-api-v1.mixins.json does not specify "minVersion" or "requiredFeatures" property
[10:06:23] [main/DEBUG] (FabricLoader/Mixin) Mixin config fabric-message-api-v1.mixins.json does not specify "minVersion" or "requiredFeatures" property
[10:06:23] [main/DEBUG] (FabricLoader/Mixin) Mixin config fabric-message-api-v1.client.mixins.json does not specify "minVersion" or "requiredFeatures" property
[10:06:23] [main/DEBUG] (FabricLoader/Mixin) Mixin config fabric-item-group-api-v1.mixins.json does not specify "minVersion" or "requiredFeatures" property
[10:06:23] [main/DEBUG] (FabricLoader/Mixin) Mixin config fabric-item-group-api-v1.client.mixins.json does not specify "minVersion" or "requiredFeatures" property
[10:06:23] [main/DEBUG] (FabricLoader/Mixin) Mixin config fabric-biome-api-v1.mixins.json does not specify "minVersion" or "requiredFeatures" property
[10:06:23] [main/DEBUG] (FabricLoader/Mixin) Mixin config fabric-content-registries-v0.mixins.json does not specify "minVersion" or "requiredFeatures" property
[10:06:23] [main/DEBUG] (FabricLoader/Mixin) Mixin config fabric-loot-api-v3.mixins.json does not specify "minVersion" or "requiredFeatures" property
[10:06:23] [main/DEBUG] (FabricLoader/Mixin) Mixin config fabric-screen-api-v1.mixins.json does not specify "minVersion" or "requiredFeatures" property
[10:06:23] [main/DEBUG] (FabricLoader/Mixin) Mixin config fabric-renderer-api-v1.mixins.json does not specify "minVersion" or "requiredFeatures" property
[10:06:23] [main/DEBUG] (FabricLoader/Mixin) Mixin config fabric-rendering-fluids-v1.mixins.json does not specify "minVersion" or "requiredFeatures" property
[10:06:23] [main/DEBUG] (FabricLoader/Mixin) Mixin config fabric-resource-conditions-api-v1.mixins.json does not specify "minVersion" or "requiredFeatures" property
[10:06:23] [main/DEBUG] (FabricLoader/Mixin) Mixin config fabric-loot-api-v2.mixins.json does not specify "minVersion" or "requiredFeatures" property
[10:06:23] [main/DEBUG] (FabricLoader/Mixin) Mixin config fabric-command-api-v2.mixins.json does not specify "minVersion" or "requiredFeatures" property
[10:06:23] [main/DEBUG] (FabricLoader/Mixin) Mixin config fabric-command-api-v2.client.mixins.json does not specify "minVersion" or "requiredFeatures" property
[10:06:23] [main/DEBUG] (FabricLoader/Mixin) Mixin config fabric-dimensions-v1.mixins.json does not specify "minVersion" or "requiredFeatures" property
[10:06:23] [main/DEBUG] (FabricLoader/Mixin) Mixin config fabric-registry-sync-v0.mixins.json does not specify "minVersion" or "requiredFeatures" property
[10:06:23] [main/DEBUG] (FabricLoader/Mixin) Mixin config fabric-registry-sync-v0.client.mixins.json does not specify "minVersion" or "requiredFeatures" property
[10:06:23] [main/DEBUG] (FabricLoader/Mixin) Mixin config fabric-key-binding-api-v1.mixins.json does not specify "minVersion" or "requiredFeatures" property
[10:06:23] [main/DEBUG] (FabricLoader/Mixin) Mixin config fabric-client-gametest-api-v1.mixins.json does not specify "minVersion" or "requiredFeatures" property
[10:06:23] [main/DEBUG] (FabricLoader/Mixin) Mixin config fabric-block-api-v1.mixins.json does not specify "minVersion" or "requiredFeatures" property
[10:06:23] [main/DEBUG] (FabricLoader/Mixin) Mixin config fabric-events-interaction-v0.mixins.json does not specify "minVersion" or "requiredFeatures" property
[10:06:23] [main/DEBUG] (FabricLoader/Mixin) Mixin config fabric-events-interaction-v0.client.mixins.json does not specify "minVersion" or "requiredFeatures" property
[10:06:23] [main/DEBUG] (FabricLoader/Mixin) Mixin config fabric-particles-v1.mixins.json does not specify "minVersion" or "requiredFeatures" property
[10:06:23] [main/DEBUG] (FabricLoader/Mixin) Mixin config fabric-particles-v1.client.mixins.json does not specify "minVersion" or "requiredFeatures" property
[10:06:23] [main/DEBUG] (FabricLoader/Mixin) Mixin config fabric-recipe-api-v1.mixins.json does not specify "minVersion" or "requiredFeatures" property
[10:06:23] [main/DEBUG] (FabricLoader/Mixin) Mixin config fabric-recipe-api-v1.client.mixins.json does not specify "minVersion" or "requiredFeatures" property
[10:06:23] [main/DEBUG] (FabricLoader/Mixin) Mixin config fabric-object-builder-v1.mixins.json does not specify "minVersion" or "requiredFeatures" property
[10:06:23] [main/DEBUG] (FabricLoader/Mixin) Mixin config fabric-object-builder-v1.client.mixins.json does not specify "minVersion" or "requiredFeatures" property
[10:06:23] [main/DEBUG] (FabricLoader/Mixin) Mixin config fabric-model-loading-api-v1.mixins.json does not specify "minVersion" or "requiredFeatures" property
[10:06:23] [main/DEBUG] (FabricLoader/Mixin) Mixin config fabric-block-view-api-v2.mixins.json does not specify "minVersion" or "requiredFeatures" property
[10:06:23] [main/DEBUG] (FabricLoader/Mixin) Mixin config fabric-block-view-api-v2.client.mixins.json does not specify "minVersion" or "requiredFeatures" property
[10:06:23] [main/DEBUG] (FabricLoader/Mixin) Mixin config fabric-api-lookup-api-v1.mixins.json does not specify "minVersion" or "requiredFeatures" property
[10:06:23] [main/DEBUG] (FabricLoader/Mixin) Mixin config fabric-serialization-api-v1.mixins.json does not specify "minVersion" or "requiredFeatures" property
[10:06:23] [main/DEBUG] (FabricLoader/Mixin) Mixin config fabric-rendering-v1.mixins.json does not specify "minVersion" or "requiredFeatures" property
[10:06:23] [main/DEBUG] (FabricLoader/Mixin) Mixin config fabric-data-attachment-api-v1.mixins.json does not specify "minVersion" or "requiredFeatures" property
[10:06:23] [main/DEBUG] (FabricLoader/Mixin) Mixin config fabric-data-attachment-api-v1.client.mixins.json does not specify "minVersion" or "requiredFeatures" property
[10:06:23] [main/DEBUG] (FabricLoader/Knot) Adding C:\Users\rafae\Documents\GitHub\player_level_skills\.gradle\loom-cache\minecraftMaven\net\minecraft\minecraft-merged-b9a3209c9a\1.21.11-net.fabricmc.yarn.1_21_11.1.21.11+build.4-v2\minecraft-merged-b9a3209c9a-1.21.11-net.fabricmc.yarn.1_21_11.1.21.11+build.4-v2.jar to classpath.
[10:06:23] [main/DEBUG] (FabricLoader/Knot) Adding C:\Users\rafae\Documents\GitHub\player_level_skills\build\classes\java\main to classpath.
[10:06:23] [main/DEBUG] (FabricLoader/Knot) Adding C:\Users\rafae\Documents\GitHub\player_level_skills\build\resources\main to classpath.
[10:06:23] [main/DEBUG] (FabricLoader/Knot) Adding C:\Users\rafae\.gradle\caches\fabric-loom\1.21.11\net.fabricmc.yarn.1_21_11.1.21.11+build.4-v2\mappings.jar to classpath.
[10:06:23] [main/DEBUG] (FabricLoader/Knot) Adding C:\Users\rafae\.gradle\caches\modules-2\files-2.1\io.github.llamalad7\mixinextras-fabric\0.5.0\91a83dfb7abd320f6236bd1fcf5c0ff143d59a13\mixinextras-fabric-0.5.0.jar to classpath.
[10:06:23] [main/DEBUG] (FabricLoader/Knot) Adding C:\Users\rafae\.gradle\caches\modules-2\files-2.1\net.fabricmc\dev-launch-injector\0.2.1+build.8\da8bef7e6e2f952da707f282bdb46882a0fce5e3\dev-launch-injector-0.2.1+build.8.jar to classpath.
[10:06:23] [main/DEBUG] (FabricLoader/Knot) Adding C:\Users\rafae\.gradle\caches\modules-2\files-2.1\at.yawk.lz4\lz4-java\1.8.1\1f30a180ee04ccd53339a716aec13cae60a013b5\lz4-java-1.8.1.jar to classpath.
[10:06:23] [main/DEBUG] (FabricLoader/Knot) Adding C:\Users\rafae\.gradle\caches\modules-2\files-2.1\com.azure\azure-json\1.4.0\fcc1d354dbc3e0300e5276b1bf124d0247799cd8\azure-json-1.4.0.jar to classpath.
[10:06:23] [main/DEBUG] (FabricLoader/Knot) Adding C:\Users\rafae\.gradle\caches\modules-2\files-2.1\com.github.oshi\oshi-core\6.9.0\3224870731860cfcd7744581a05b559e94291e7\oshi-core-6.9.0.jar to classpath.
[10:06:23] [main/DEBUG] (FabricLoader/Knot) Adding C:\Users\rafae\.gradle\caches\modules-2\files-2.1\com.google.guava\failureaccess\1.0.3\aeaffd00d57023a2c947393ed251f0354f0985fc\failureaccess-1.0.3.jar to classpath.
[10:06:23] [main/DEBUG] (FabricLoader/Knot) Adding C:\Users\rafae\.gradle\caches\modules-2\files-2.1\com.google.guava\guava\33.5.0-jre\8699de25f2f979108d6c1b804a7ba38cda1116bc\guava-33.5.0-jre.jar to classpath.
[10:06:23] [main/DEBUG] (FabricLoader/Knot) Adding C:\Users\rafae\.gradle\caches\modules-2\files-2.1\com.ibm.icu\icu4j\77.1\38693cf0b1d7362a8b726af74dc06026a7c23809\icu4j-77.1.jar to classpath.
[10:06:23] [main/DEBUG] (FabricLoader/Knot) Adding C:\Users\rafae\.gradle\caches\modules-2\files-2.1\com.microsoft.azure\msal4j\1.23.1\6c722b514873b24a4e1ce9c22dca36ea3c22bdbe\msal4j-1.23.1.jar to classpath.
[10:06:23] [main/DEBUG] (FabricLoader/Knot) Adding C:\Users\rafae\.gradle\caches\modules-2\files-2.1\com.mojang\blocklist\1.0.10\5c685c5ffa94c4cd39496c7184c1d122e515ecef\blocklist-1.0.10.jar to classpath.
[10:06:23] [main/DEBUG] (FabricLoader/Knot) Adding C:\Users\rafae\.gradle\caches\modules-2\files-2.1\com.mojang\brigadier\1.3.10\d15b53a14cf20fdcaa98f731af5dda654452c010\brigadier-1.3.10.jar to classpath.
[10:06:23] [main/DEBUG] (FabricLoader/Knot) Adding C:\Users\rafae\.gradle\caches\modules-2\files-2.1\com.mojang\datafixerupper\9.0.19\4e91f9712fa1e83231d1501625381b0210a977da\datafixerupper-9.0.19.jar to classpath.
[10:06:23] [main/DEBUG] (FabricLoader/Knot) Adding C:\Users\rafae\.gradle\caches\modules-2\files-2.1\com.mojang\jtracy\1.0.37\a3fb649b2e2b2288d2978f0b0bc3d83f62809d1e\jtracy-1.0.37.jar to classpath.
[10:06:23] [main/DEBUG] (FabricLoader/Knot) Adding C:\Users\rafae\.gradle\caches\modules-2\files-2.1\com.mojang\jtracy\1.0.37\6ff6d710fd4ffd470f2799653fab57e27fed0c9d\jtracy-1.0.37-natives-windows.jar to classpath.
[10:06:23] [main/DEBUG] (FabricLoader/Knot) Adding C:\Users\rafae\.gradle\caches\modules-2\files-2.1\com.mojang\patchy\2.2.10\da05971b07cbb379d002cf7eaec6a2048211fefc\patchy-2.2.10.jar to classpath.
[10:06:23] [main/DEBUG] (FabricLoader/Knot) Adding C:\Users\rafae\.gradle\caches\modules-2\files-2.1\com.mojang\text2speech\1.18.11\e853a12cdd6ba4f4836e8f4bf3b37844a13482b6\text2speech-1.18.11.jar to classpath.
[10:06:23] [main/DEBUG] (FabricLoader/Knot) Adding C:\Users\rafae\.gradle\caches\modules-2\files-2.1\commons-codec\commons-codec\1.19.0\8c0dbe3ae883fceda9b50a6c76e745e548073388\commons-codec-1.19.0.jar to classpath.
[10:06:23] [main/DEBUG] (FabricLoader/Knot) Adding C:\Users\rafae\.gradle\caches\modules-2\files-2.1\commons-io\commons-io\2.20.0\36f3474daec2849c149e877614e7f979b2082cd2\commons-io-2.20.0.jar to classpath.
[10:06:23] [main/DEBUG] (FabricLoader/Knot) Adding C:\Users\rafae\.gradle\caches\modules-2\files-2.1\io.netty\netty-buffer\4.2.7.Final\5555ff561643bf2f8430fb57c24403c0efe15994\netty-buffer-4.2.7.Final.jar to classpath.
[10:06:23] [main/DEBUG] (FabricLoader/Knot) Adding C:\Users\rafae\.gradle\caches\modules-2\files-2.1\io.netty\netty-codec-base\4.2.7.Final\915e381ebabcf115f1c7ff7032d55c48afb50210\netty-codec-base-4.2.7.Final.jar to classpath.
[10:06:23] [main/DEBUG] (FabricLoader/Knot) Adding C:\Users\rafae\.gradle\caches\modules-2\files-2.1\io.netty\netty-codec-compression\4.2.7.Final\572341bc1ca90fd9d6e47f1d2694aab5258566e9\netty-codec-compression-4.2.7.Final.jar to classpath.
[10:06:23] [main/DEBUG] (FabricLoader/Knot) Adding C:\Users\rafae\.gradle\caches\modules-2\files-2.1\io.netty\netty-codec-http\4.2.7.Final\b734c108854099c421fd94d92d9f865e4d4da853\netty-codec-http-4.2.7.Final.jar to classpath.
[10:06:23] [main/DEBUG] (FabricLoader/Knot) Adding C:\Users\rafae\.gradle\caches\modules-2\files-2.1\io.netty\netty-common\4.2.7.Final\11aa30df26af4fca3239ac1917f303a280f301e1\netty-common-4.2.7.Final.jar to classpath.
[10:06:23] [main/DEBUG] (FabricLoader/Knot) Adding C:\Users\rafae\.gradle\caches\modules-2\files-2.1\io.netty\netty-handler\4.2.7.Final\7ad8a1f851e2e6fe93cdd091871fda2b81c03b5b\netty-handler-4.2.7.Final.jar to classpath.
[10:06:23] [main/DEBUG] (FabricLoader/Knot) Adding C:\Users\rafae\.gradle\caches\modules-2\files-2.1\io.netty\netty-resolver\4.2.7.Final\5f3e5ef8de03992cd4fb46960dc0085ec1a12a12\netty-resolver-4.2.7.Final.jar to classpath.
[10:06:23] [main/DEBUG] (FabricLoader/Knot) Adding C:\Users\rafae\.gradle\caches\modules-2\files-2.1\io.netty\netty-transport-classes-epoll\4.2.7.Final\1075c09f48a78eef9d819fbfd9096b903fdd362a\netty-transport-classes-epoll-4.2.7.Final.jar to classpath.
[10:06:23] [main/DEBUG] (FabricLoader/Knot) Adding C:\Users\rafae\.gradle\caches\modules-2\files-2.1\io.netty\netty-transport-classes-kqueue\4.2.7.Final\bdec7c23c75caabd848426d073c09568e8d5f94e\netty-transport-classes-kqueue-4.2.7.Final.jar to classpath.
[10:06:23] [main/DEBUG] (FabricLoader/Knot) Adding C:\Users\rafae\.gradle\caches\modules-2\files-2.1\io.netty\netty-transport-native-unix-common\4.2.7.Final\89953f04259ea7502cffb313630dd51e00e60669\netty-transport-native-unix-common-4.2.7.Final.jar to classpath.
[10:06:23] [main/DEBUG] (FabricLoader/Knot) Adding C:\Users\rafae\.gradle\caches\modules-2\files-2.1\io.netty\netty-transport\4.2.7.Final\83ea548981d0d8c4a98027cc1a6f9624f902e142\netty-transport-4.2.7.Final.jar to classpath.
[10:06:23] [main/DEBUG] (FabricLoader/Knot) Adding C:\Users\rafae\.gradle\caches\modules-2\files-2.1\it.unimi.dsi\fastutil\8.5.18\a6cff377eecc19c2037bf31568a6d7106b50ba1f\fastutil-8.5.18.jar to classpath.
[10:06:23] [main/DEBUG] (FabricLoader/Knot) Adding C:\Users\rafae\.gradle\caches\modules-2\files-2.1\net.java.dev.jna\jna-platform\5.17.0\a4934c44d25a9d8c2ddf4203affd20330cb3426f\jna-platform-5.17.0.jar to classpath.
[10:06:23] [main/DEBUG] (FabricLoader/Knot) Adding C:\Users\rafae\.gradle\caches\modules-2\files-2.1\net.java.dev.jna\jna\5.17.0\33d12735bef894440780fce64f9758d420c7bae2\jna-5.17.0.jar to classpath.
[10:06:23] [main/DEBUG] (FabricLoader/Knot) Adding C:\Users\rafae\.gradle\caches\modules-2\files-2.1\net.sf.jopt-simple\jopt-simple\5.0.4\4fdac2fbe92dfad86aa6e9301736f6b4342a3f5c\jopt-simple-5.0.4.jar to classpath.
[10:06:23] [main/DEBUG] (FabricLoader/Knot) Adding C:\Users\rafae\.gradle\caches\modules-2\files-2.1\org.apache.commons\commons-compress\1.28.0\e482f2c7a88dac3c497e96aa420b6a769f59c8d7\commons-compress-1.28.0.jar to classpath.
[10:06:23] [main/DEBUG] (FabricLoader/Knot) Adding C:\Users\rafae\.gradle\caches\modules-2\files-2.1\org.apache.commons\commons-lang3\3.19.0\d6524b169a6574cd253760c472d419b47bfd37e6\commons-lang3-3.19.0.jar to classpath.
[10:06:23] [main/DEBUG] (FabricLoader/Knot) Adding C:\Users\rafae\.gradle\caches\modules-2\files-2.1\org.jcraft\jorbis\0.0.17\8872d22b293e8f5d7d56ff92be966e6dc28ebdc6\jorbis-0.0.17.jar to classpath.
[10:06:23] [main/DEBUG] (FabricLoader/Knot) Adding C:\Users\rafae\.gradle\caches\modules-2\files-2.1\org.joml\joml\1.10.8\fc0a71dad90a2cf41d82a76156a0e700af8e4f8d\joml-1.10.8.jar to classpath.
[10:06:23] [main/DEBUG] (FabricLoader/Knot) Adding C:\Users\rafae\.gradle\caches\modules-2\files-2.1\org.jspecify\jspecify\1.0.0\7425a601c1c7ec76645a78d22b8c6a627edee507\jspecify-1.0.0.jar to classpath.
[10:06:23] [main/DEBUG] (FabricLoader/Knot) Adding C:\Users\rafae\.gradle\caches\modules-2\files-2.1\org.lwjgl\lwjgl-freetype\3.3.3\a0db6c84a8becc8ca05f9dbfa985edc348a824c7\lwjgl-freetype-3.3.3.jar to classpath.
[10:06:23] [main/DEBUG] (FabricLoader/Knot) Adding C:\Users\rafae\.gradle\caches\modules-2\files-2.1\org.lwjgl\lwjgl-freetype\3.3.3\81091b006dbb43fab04c8c638e9ac87c51b4096d\lwjgl-freetype-3.3.3-natives-windows.jar to classpath.
[10:06:23] [main/DEBUG] (FabricLoader/Knot) Adding C:\Users\rafae\.gradle\caches\modules-2\files-2.1\org.lwjgl\lwjgl-freetype\3.3.3\82028265a0a2ff33523ca75137ada7dc176e5210\lwjgl-freetype-3.3.3-natives-windows-arm64.jar to classpath.
[10:06:23] [main/DEBUG] (FabricLoader/Knot) Adding C:\Users\rafae\.gradle\caches\modules-2\files-2.1\org.lwjgl\lwjgl-freetype\3.3.3\15a8c1de7f51d07a92eae7ce1222557073a0c0c3\lwjgl-freetype-3.3.3-natives-windows-x86.jar to classpath.
[10:06:23] [main/DEBUG] (FabricLoader/Knot) Adding C:\Users\rafae\.gradle\caches\modules-2\files-2.1\org.lwjgl\lwjgl-glfw\3.3.3\efa1eb78c5ccd840e9f329717109b5e892d72f8e\lwjgl-glfw-3.3.3.jar to classpath.
[10:06:23] [main/DEBUG] (FabricLoader/Knot) Adding C:\Users\rafae\.gradle\caches\modules-2\files-2.1\org.lwjgl\lwjgl-glfw\3.3.3\e449e28b4891fc423c54c85fbc5bb0b9efece67a\lwjgl-glfw-3.3.3-natives-windows.jar to classpath.
[10:06:23] [main/DEBUG] (FabricLoader/Knot) Adding C:\Users\rafae\.gradle\caches\modules-2\files-2.1\org.lwjgl\lwjgl-glfw\3.3.3\f27018dc74f6289574502b46cce55d52817554e2\lwjgl-glfw-3.3.3-natives-windows-arm64.jar to classpath.
[10:06:23] [main/DEBUG] (FabricLoader/Knot) Adding C:\Users\rafae\.gradle\caches\modules-2\files-2.1\org.lwjgl\lwjgl-glfw\3.3.3\32334f3fd5270a59bad9939a93115acb6de36dcf\lwjgl-glfw-3.3.3-natives-windows-x86.jar to classpath.
[10:06:23] [main/DEBUG] (FabricLoader/Knot) Adding C:\Users\rafae\.gradle\caches\modules-2\files-2.1\org.lwjgl\lwjgl-jemalloc\3.3.3\b543467b7ff3c6920539a88ee602d34098628be5\lwjgl-jemalloc-3.3.3.jar to classpath.
[10:06:23] [main/DEBUG] (FabricLoader/Knot) Adding C:\Users\rafae\.gradle\caches\modules-2\files-2.1\org.lwjgl\lwjgl-jemalloc\3.3.3\426222fc027602a5f21b9c0fe79cde6a4c7a011f\lwjgl-jemalloc-3.3.3-natives-windows.jar to classpath.
[10:06:23] [main/DEBUG] (FabricLoader/Knot) Adding C:\Users\rafae\.gradle\caches\modules-2\files-2.1\org.lwjgl\lwjgl-jemalloc\3.3.3\ba1f3fed0ee4be0217eaa41c5bbfb4b9b1383c33\lwjgl-jemalloc-3.3.3-natives-windows-arm64.jar to classpath.
[10:06:23] [main/DEBUG] (FabricLoader/Knot) Adding C:\Users\rafae\.gradle\caches\modules-2\files-2.1\org.lwjgl\lwjgl-jemalloc\3.3.3\f6063b6e0f23be483c5c88d84ce51b39dc69126c\lwjgl-jemalloc-3.3.3-natives-windows-x86.jar to classpath.
[10:06:23] [main/DEBUG] (FabricLoader/Knot) Adding C:\Users\rafae\.gradle\caches\modules-2\files-2.1\org.lwjgl\lwjgl-openal\3.3.3\daada81ceb5fc0c291fbfdd4433cb8d9423577f2\lwjgl-openal-3.3.3.jar to classpath.
[10:06:23] [main/DEBUG] (FabricLoader/Knot) Adding C:\Users\rafae\.gradle\caches\modules-2\files-2.1\org.lwjgl\lwjgl-openal\3.3.3\cf83862ae95d98496b26915024c7e666d8ab1c8f\lwjgl-openal-3.3.3-natives-windows.jar to classpath.
[10:06:23] [main/DEBUG] (FabricLoader/Knot) Adding C:\Users\rafae\.gradle\caches\modules-2\files-2.1\org.lwjgl\lwjgl-openal\3.3.3\8e0615235116b9e4160dfe87bec90f5f6378bf72\lwjgl-openal-3.3.3-natives-windows-arm64.jar to classpath.
[10:06:23] [main/DEBUG] (FabricLoader/Knot) Adding C:\Users\rafae\.gradle\caches\modules-2\files-2.1\org.lwjgl\lwjgl-openal\3.3.3\87b8d5050e3adb46bb58fe1cb2669a4a48fce10d\lwjgl-openal-3.3.3-natives-windows-x86.jar to classpath.
[10:06:23] [main/DEBUG] (FabricLoader/Knot) Adding C:\Users\rafae\.gradle\caches\modules-2\files-2.1\org.lwjgl\lwjgl-opengl\3.3.3\2f6b0147078396a58979125a4c947664e98293a\lwjgl-opengl-3.3.3.jar to classpath.
[10:06:23] [main/DEBUG] (FabricLoader/Knot) Adding C:\Users\rafae\.gradle\caches\modules-2\files-2.1\org.lwjgl\lwjgl-opengl\3.3.3\e6c1eec8be8a71951b830a4d69efc01c6531900c\lwjgl-opengl-3.3.3-natives-windows.jar to classpath.
[10:06:23] [main/DEBUG] (FabricLoader/Knot) Adding C:\Users\rafae\.gradle\caches\modules-2\files-2.1\org.lwjgl\lwjgl-opengl\3.3.3\65e956d3735a1abdc82eff4baec1b61174697d4b\lwjgl-opengl-3.3.3-natives-windows-arm64.jar to classpath.
[10:06:23] [main/DEBUG] (FabricLoader/Knot) Adding C:\Users\rafae\.gradle\caches\modules-2\files-2.1\org.lwjgl\lwjgl-opengl\3.3.3\d32d833dcaa2f355a886eaf21f0408b5f03241d\lwjgl-opengl-3.3.3-natives-windows-x86.jar to classpath.
[10:06:23] [main/DEBUG] (FabricLoader/Knot) Adding C:\Users\rafae\.gradle\caches\modules-2\files-2.1\org.lwjgl\lwjgl-stb\3.3.3\25dd6161988d7e65f71d5065c99902402ee32746\lwjgl-stb-3.3.3.jar to classpath.
[10:06:23] [main/DEBUG] (FabricLoader/Knot) Adding C:\Users\rafae\.gradle\caches\modules-2\files-2.1\org.lwjgl\lwjgl-stb\3.3.3\1d9facdf6541de114b0f963be33505b7679c78cb\lwjgl-stb-3.3.3-natives-windows.jar to classpath.
[10:06:23] [main/DEBUG] (FabricLoader/Knot) Adding C:\Users\rafae\.gradle\caches\modules-2\files-2.1\org.lwjgl\lwjgl-stb\3.3.3\a584ab44de569708871f0a79561f4d8c37487f2c\lwjgl-stb-3.3.3-natives-windows-arm64.jar to classpath.
[10:06:23] [main/DEBUG] (FabricLoader/Knot) Adding C:\Users\rafae\.gradle\caches\modules-2\files-2.1\org.lwjgl\lwjgl-stb\3.3.3\b5c874687b9aac1a936501d4ed2c49567fd1b575\lwjgl-stb-3.3.3-natives-windows-x86.jar to classpath.
[10:06:23] [main/DEBUG] (FabricLoader/Knot) Adding C:\Users\rafae\.gradle\caches\modules-2\files-2.1\org.lwjgl\lwjgl-tinyfd\3.3.3\82d755ca94b102e9ca77283b9e2dc46d1b15fbe5\lwjgl-tinyfd-3.3.3.jar to classpath.
[10:06:23] [main/DEBUG] (FabricLoader/Knot) Adding C:\Users\rafae\.gradle\caches\modules-2\files-2.1\org.lwjgl\lwjgl-tinyfd\3.3.3\a6697981b0449a5087c1d546fc08b4f73e8f98c9\lwjgl-tinyfd-3.3.3-natives-windows.jar to classpath.
[10:06:23] [main/DEBUG] (FabricLoader/Knot) Adding C:\Users\rafae\.gradle\caches\modules-2\files-2.1\org.lwjgl\lwjgl-tinyfd\3.3.3\a88c494f3006eb91a7433b12a3a55a9a6c20788b\lwjgl-tinyfd-3.3.3-natives-windows-arm64.jar to classpath.
[10:06:23] [main/DEBUG] (FabricLoader/Knot) Adding C:\Users\rafae\.gradle\caches\modules-2\files-2.1\org.lwjgl\lwjgl-tinyfd\3.3.3\c336c84ee88cccb495c6ffa112395509e7378e8a\lwjgl-tinyfd-3.3.3-natives-windows-x86.jar to classpath.
[10:06:23] [main/DEBUG] (FabricLoader/Knot) Adding C:\Users\rafae\.gradle\caches\modules-2\files-2.1\org.lwjgl\lwjgl\3.3.3\29589b5f87ed335a6c7e7ee6a5775f81f97ecb84\lwjgl-3.3.3.jar to classpath.
[10:06:23] [main/DEBUG] (FabricLoader/Knot) Adding C:\Users\rafae\.gradle\caches\modules-2\files-2.1\org.lwjgl\lwjgl\3.3.3\a5ed18a2b82fc91b81f40d717cb1f64c9dcb0540\lwjgl-3.3.3-natives-windows.jar to classpath.
[10:06:23] [main/DEBUG] (FabricLoader/Knot) Adding C:\Users\rafae\.gradle\caches\modules-2\files-2.1\org.lwjgl\lwjgl\3.3.3\e9aca8c5479b520a2a7f0d542a118140e812c5e8\lwjgl-3.3.3-natives-windows-arm64.jar to classpath.
[10:06:23] [main/DEBUG] (FabricLoader/Knot) Adding C:\Users\rafae\.gradle\caches\modules-2\files-2.1\org.lwjgl\lwjgl\3.3.3\9e670718e050aeaeea0c2d5b907cffb142f2e58f\lwjgl-3.3.3-natives-windows-x86.jar to classpath.
[10:06:23] [main/DEBUG] (FabricLoader/Knot) Adding C:\Users\rafae\.gradle\caches\modules-2\files-2.1\io.netty\netty-transport-native-epoll\4.2.7.Final\e83998bfc10b5289d9bcbe807c4079ef0eed8e6f\netty-transport-native-epoll-4.2.7.Final-linux-x86_64.jar to classpath.
[10:06:23] [main/DEBUG] (FabricLoader/Knot) Adding C:\Users\rafae\.gradle\caches\modules-2\files-2.1\io.netty\netty-transport-native-epoll\4.2.7.Final\98d02251c98c8f07a23ac5ea27657d9e0ef57614\netty-transport-native-epoll-4.2.7.Final-linux-aarch_64.jar to classpath.
[10:06:23] [main/DEBUG] (FabricLoader/Knot) Adding C:\Users\rafae\.gradle\caches\modules-2\files-2.1\io.netty\netty-transport-native-kqueue\4.2.7.Final\40868fd4e43bce2798245f790624b58803dc26b6\netty-transport-native-kqueue-4.2.7.Final-osx-x86_64.jar to classpath.
[10:06:23] [main/DEBUG] (FabricLoader/Knot) Adding C:\Users\rafae\.gradle\caches\modules-2\files-2.1\io.netty\netty-transport-native-kqueue\4.2.7.Final\e5a0feef41410c8a5ae00c6cb4e0c99bd0aded6a\netty-transport-native-kqueue-4.2.7.Final-osx-aarch_64.jar to classpath.
[10:06:23] [main/DEBUG] (FabricLoader/Knot) Adding C:\Users\rafae\.gradle\caches\modules-2\files-2.1\blue.endless\jankson\1.2.0\3a596049034f2952c0b2d40ca41f9b98856d5fb4\jankson-1.2.0.jar to classpath.
[10:06:23] [main/DEBUG] (FabricLoader/Knot) Adding C:\Users\rafae\.gradle\caches\modules-2\files-2.1\com.moandjiezana.toml\toml4j\0.7.2\a03337911d0bd2c40932aca3946edb30d0e7d0c\toml4j-0.7.2.jar to classpath.
[10:06:23] [main/DEBUG] (FabricLoader/Knot) Adding C:\Users\rafae\.gradle\caches\modules-2\files-2.1\org.yaml\snakeyaml\1.27\359d62567480b07a679dc643f82fc926b100eed5\snakeyaml-1.27.jar to classpath.
[10:06:23] [main/DEBUG] (FabricLoader/Knot) Adding C:\Users\rafae\Documents\GitHub\player_level_skills\.gradle\loom-cache\remapped_mods\remapped\me\shedaniel\cloth\cloth-config-fabric-4b5d3c0a\21.11.153\cloth-config-fabric-4b5d3c0a-21.11.153-fabric.jar to classpath.
[10:06:23] [main/DEBUG] (FabricLoader/Knot) Adding C:\Users\rafae\Documents\GitHub\player_level_skills\.gradle\loom-cache\remapped_mods\remapped\net\fabricmc\fabric-api\fabric-api-4b5d3c0a\0.141.3+1.21.11\fabric-api-4b5d3c0a-0.141.3+1.21.11.jar to classpath.
[10:06:23] [main/DEBUG] (FabricLoader/Knot) Adding C:\Users\rafae\Documents\GitHub\player_level_skills\.gradle\loom-cache\remapped_mods\remapped\net\fabricmc\fabric-api\fabric-transfer-api-v1-4b5d3c0a\6.0.25+4fc5413f3e\fabric-transfer-api-v1-4b5d3c0a-6.0.25+4fc5413f3e.jar to classpath.
[10:06:23] [main/DEBUG] (FabricLoader/Knot) Adding C:\Users\rafae\Documents\GitHub\player_level_skills\.gradle\loom-cache\remapped_mods\remapped\net\fabricmc\fabric-api\fabric-api-lookup-api-v1-4b5d3c0a\1.6.114+20dc27073e\fabric-api-lookup-api-v1-4b5d3c0a-1.6.114+20dc27073e.jar to classpath.
[10:06:23] [main/DEBUG] (FabricLoader/Knot) Adding C:\Users\rafae\Documents\GitHub\player_level_skills\.gradle\loom-cache\remapped_mods\remapped\net\fabricmc\fabric-api\fabric-command-api-v2-4b5d3c0a\2.4.7+6b42a6003e\fabric-command-api-v2-4b5d3c0a-2.4.7+6b42a6003e.jar to classpath.
[10:06:23] [main/DEBUG] (FabricLoader/Knot) Adding C:\Users\rafae\Documents\GitHub\player_level_skills\.gradle\loom-cache\remapped_mods\remapped\net\fabricmc\fabric-api\fabric-content-registries-v0-4b5d3c0a\10.2.14+4fc5413f3e\fabric-content-registries-v0-4b5d3c0a-10.2.14+4fc5413f3e.jar to classpath.
[10:06:23] [main/DEBUG] (FabricLoader/Knot) Adding C:\Users\rafae\Documents\GitHub\player_level_skills\.gradle\loom-cache\remapped_mods\remapped\net\fabricmc\fabric-api\fabric-data-generation-api-v1-4b5d3c0a\23.4.0+69974c4e3e\fabric-data-generation-api-v1-4b5d3c0a-23.4.0+69974c4e3e.jar to classpath.
[10:06:23] [main/DEBUG] (FabricLoader/Knot) Adding C:\Users\rafae\Documents\GitHub\player_level_skills\.gradle\loom-cache\remapped_mods\remapped\net\fabricmc\fabric-api\fabric-convention-tags-v1-4b5d3c0a\2.1.55+7f945d5b3e\fabric-convention-tags-v1-4b5d3c0a-2.1.55+7f945d5b3e.jar to classpath.
[10:06:23] [main/DEBUG] (FabricLoader/Knot) Adding C:\Users\rafae\Documents\GitHub\player_level_skills\.gradle\loom-cache\remapped_mods\remapped\net\fabricmc\fabric-api\fabric-convention-tags-v2-4b5d3c0a\2.17.3+8ef948ba3e\fabric-convention-tags-v2-4b5d3c0a-2.17.3+8ef948ba3e.jar to classpath.
[10:06:23] [main/DEBUG] (FabricLoader/Knot) Adding C:\Users\rafae\Documents\GitHub\player_level_skills\.gradle\loom-cache\remapped_mods\remapped\net\fabricmc\fabric-api\fabric-data-attachment-api-v1-4b5d3c0a\1.8.47+eed0806f3e\fabric-data-attachment-api-v1-4b5d3c0a-1.8.47+eed0806f3e.jar to classpath.
[10:06:23] [main/DEBUG] (FabricLoader/Knot) Adding C:\Users\rafae\Documents\GitHub\player_level_skills\.gradle\loom-cache\remapped_mods\remapped\net\fabricmc\fabric-api\fabric-entity-events-v1-4b5d3c0a\3.1.1+1d0ab4303e\fabric-entity-events-v1-4b5d3c0a-3.1.1+1d0ab4303e.jar to classpath.
[10:06:23] [main/DEBUG] (FabricLoader/Knot) Adding C:\Users\rafae\Documents\GitHub\player_level_skills\.gradle\loom-cache\remapped_mods\remapped\net\fabricmc\fabric-api\fabric-events-interaction-v0-4b5d3c0a\4.1.0+3b89ecf63e\fabric-events-interaction-v0-4b5d3c0a-4.1.0+3b89ecf63e.jar to classpath.
[10:06:23] [main/DEBUG] (FabricLoader/Knot) Adding C:\Users\rafae\Documents\GitHub\player_level_skills\.gradle\loom-cache\remapped_mods\remapped\net\fabricmc\fabric-api\fabric-game-rule-api-v1-4b5d3c0a\2.0.3+4fc5413f3e\fabric-game-rule-api-v1-4b5d3c0a-2.0.3+4fc5413f3e.jar to classpath.
[10:06:23] [main/DEBUG] (FabricLoader/Knot) Adding C:\Users\rafae\Documents\GitHub\player_level_skills\.gradle\loom-cache\remapped_mods\remapped\net\fabricmc\fabric-api\fabric-gametest-api-v1-4b5d3c0a\3.1.27+4fc5413f3e\fabric-gametest-api-v1-4b5d3c0a-3.1.27+4fc5413f3e.jar to classpath.
[10:06:23] [main/DEBUG] (FabricLoader/Knot) Adding C:\Users\rafae\Documents\GitHub\player_level_skills\.gradle\loom-cache\remapped_mods\remapped\net\fabricmc\fabric-api\fabric-item-api-v1-4b5d3c0a\11.5.20+d0c46b9e3e\fabric-item-api-v1-4b5d3c0a-11.5.20+d0c46b9e3e.jar to classpath.
[10:06:23] [main/DEBUG] (FabricLoader/Knot) Adding C:\Users\rafae\Documents\GitHub\player_level_skills\.gradle\loom-cache\remapped_mods\remapped\net\fabricmc\fabric-api\fabric-item-group-api-v1-4b5d3c0a\4.2.36+4fc5413f3e\fabric-item-group-api-v1-4b5d3c0a-4.2.36+4fc5413f3e.jar to classpath.
[10:06:23] [main/DEBUG] (FabricLoader/Knot) Adding C:\Users\rafae\Documents\GitHub\player_level_skills\.gradle\loom-cache\remapped_mods\remapped\net\fabricmc\fabric-api\fabric-recipe-api-v1-4b5d3c0a\8.2.3+4ebb5c083e\fabric-recipe-api-v1-4b5d3c0a-8.2.3+4ebb5c083e.jar to classpath.
[10:06:23] [main/DEBUG] (FabricLoader/Knot) Adding C:\Users\rafae\Documents\GitHub\player_level_skills\.gradle\loom-cache\remapped_mods\remapped\net\fabricmc\fabric-api\fabric-model-loading-api-v1-4b5d3c0a\6.0.15+4fc5413f3e\fabric-model-loading-api-v1-4b5d3c0a-6.0.15+4fc5413f3e.jar to classpath.
[10:06:23] [main/DEBUG] (FabricLoader/Knot) Adding C:\Users\rafae\Documents\GitHub\player_level_skills\.gradle\loom-cache\remapped_mods\remapped\net\fabricmc\fabric-api\fabric-renderer-indigo-4b5d3c0a\5.0.3+f4ffd2e53e\fabric-renderer-indigo-4b5d3c0a-5.0.3+f4ffd2e53e.jar to classpath.
[10:06:23] [main/DEBUG] (FabricLoader/Knot) Adding C:\Users\rafae\Documents\GitHub\player_level_skills\.gradle\loom-cache\remapped_mods\remapped\net\fabricmc\fabric-api\fabric-renderer-api-v1-4b5d3c0a\8.0.3+f4ffd2e53e\fabric-renderer-api-v1-4b5d3c0a-8.0.3+f4ffd2e53e.jar to classpath.
[10:06:23] [main/DEBUG] (FabricLoader/Knot) Adding C:\Users\rafae\Documents\GitHub\player_level_skills\.gradle\loom-cache\remapped_mods\remapped\net\fabricmc\fabric-api\fabric-rendering-v1-4b5d3c0a\16.2.10+0290ad933e\fabric-rendering-v1-4b5d3c0a-16.2.10+0290ad933e.jar to classpath.
[10:06:23] [main/DEBUG] (FabricLoader/Knot) Adding C:\Users\rafae\Documents\GitHub\player_level_skills\.gradle\loom-cache\remapped_mods\remapped\net\fabricmc\fabric-api\fabric-lifecycle-events-v1-4b5d3c0a\2.6.15+4ebb5c083e\fabric-lifecycle-events-v1-4b5d3c0a-2.6.15+4ebb5c083e.jar to classpath.
[10:06:23] [main/DEBUG] (FabricLoader/Knot) Adding C:\Users\rafae\Documents\GitHub\player_level_skills\.gradle\loom-cache\remapped_mods\remapped\net\fabricmc\fabric-api\fabric-loot-api-v2-4b5d3c0a\3.0.73+3f89f5a53e\fabric-loot-api-v2-4b5d3c0a-3.0.73+3f89f5a53e.jar to classpath.
[10:06:23] [main/DEBUG] (FabricLoader/Knot) Adding C:\Users\rafae\Documents\GitHub\player_level_skills\.gradle\loom-cache\remapped_mods\remapped\net\fabricmc\fabric-api\fabric-loot-api-v3-4b5d3c0a\2.0.20+78c8b4663e\fabric-loot-api-v3-4b5d3c0a-2.0.20+78c8b4663e.jar to classpath.
[10:06:23] [main/DEBUG] (FabricLoader/Knot) Adding C:\Users\rafae\Documents\GitHub\player_level_skills\.gradle\loom-cache\remapped_mods\remapped\net\fabricmc\fabric-api\fabric-message-api-v1-4b5d3c0a\6.1.12+4ebb5c083e\fabric-message-api-v1-4b5d3c0a-6.1.12+4ebb5c083e.jar to classpath.
[10:06:23] [main/DEBUG] (FabricLoader/Knot) Adding C:\Users\rafae\Documents\GitHub\player_level_skills\.gradle\loom-cache\remapped_mods\remapped\net\fabricmc\fabric-api\fabric-particles-v1-4b5d3c0a\4.2.11+4fc5413f3e\fabric-particles-v1-4b5d3c0a-4.2.11+4fc5413f3e.jar to classpath.
[10:06:23] [main/DEBUG] (FabricLoader/Knot) Adding C:\Users\rafae\Documents\GitHub\player_level_skills\.gradle\loom-cache\remapped_mods\remapped\net\fabricmc\fabric-api\fabric-object-builder-api-v1-4b5d3c0a\21.1.39+4fc5413f3e\fabric-object-builder-api-v1-4b5d3c0a-21.1.39+4fc5413f3e.jar to classpath.
[10:06:23] [main/DEBUG] (FabricLoader/Knot) Adding C:\Users\rafae\Documents\GitHub\player_level_skills\.gradle\loom-cache\remapped_mods\remapped\net\fabricmc\fabric-api\fabric-screen-handler-api-v1-4b5d3c0a\1.3.161+4fc5413f3e\fabric-screen-handler-api-v1-4b5d3c0a-1.3.161+4fc5413f3e.jar to classpath.
[10:06:23] [main/DEBUG] (FabricLoader/Knot) Adding C:\Users\rafae\Documents\GitHub\player_level_skills\.gradle\loom-cache\remapped_mods\remapped\net\fabricmc\fabric-api\fabric-registry-sync-v0-4b5d3c0a\6.2.5+1718722b3e\fabric-registry-sync-v0-4b5d3c0a-6.2.5+1718722b3e.jar to classpath.
[10:06:23] [main/DEBUG] (FabricLoader/Knot) Adding C:\Users\rafae\Documents\GitHub\player_level_skills\.gradle\loom-cache\remapped_mods\remapped\net\fabricmc\fabric-api\fabric-networking-api-v1-4b5d3c0a\5.1.5+ae1e07683e\fabric-networking-api-v1-4b5d3c0a-5.1.5+ae1e07683e.jar to classpath.
[10:06:23] [main/DEBUG] (FabricLoader/Knot) Adding C:\Users\rafae\Documents\GitHub\player_level_skills\.gradle\loom-cache\remapped_mods\remapped\net\fabricmc\fabric-api\fabric-rendering-fluids-v1-4b5d3c0a\3.1.43+4ebb5c083e\fabric-rendering-fluids-v1-4b5d3c0a-3.1.43+4ebb5c083e.jar to classpath.
[10:06:23] [main/DEBUG] (FabricLoader/Knot) Adding C:\Users\rafae\Documents\GitHub\player_level_skills\.gradle\loom-cache\remapped_mods\remapped\net\fabricmc\fabric-api\fabric-tag-api-v1-4b5d3c0a\1.2.20+4fc5413f3e\fabric-tag-api-v1-4b5d3c0a-1.2.20+4fc5413f3e.jar to classpath.
[10:06:23] [main/DEBUG] (FabricLoader/Knot) Adding C:\Users\rafae\Documents\GitHub\player_level_skills\.gradle\loom-cache\remapped_mods\remapped\net\fabricmc\fabric-api\fabric-resource-loader-v0-4b5d3c0a\3.3.4+4fc5413f3e\fabric-resource-loader-v0-4b5d3c0a-3.3.4+4fc5413f3e.jar to classpath.
[10:06:23] [main/DEBUG] (FabricLoader/Knot) Adding C:\Users\rafae\Documents\GitHub\player_level_skills\.gradle\loom-cache\remapped_mods\remapped\net\fabricmc\fabric-api\fabric-resource-loader-v1-4b5d3c0a\1.0.10+78c8b4663e\fabric-resource-loader-v1-4b5d3c0a-1.0.10+78c8b4663e.jar to classpath.
[10:06:23] [main/DEBUG] (FabricLoader/Knot) Adding C:\Users\rafae\Documents\GitHub\player_level_skills\.gradle\loom-cache\remapped_mods\remapped\net\fabricmc\fabric-api\fabric-screen-api-v1-4b5d3c0a\3.1.7+4ebb5c083e\fabric-screen-api-v1-4b5d3c0a-3.1.7+4ebb5c083e.jar to classpath.
[10:06:23] [main/DEBUG] (FabricLoader/Knot) Adding C:\Users\rafae\Documents\GitHub\player_level_skills\.gradle\loom-cache\remapped_mods\remapped\net\fabricmc\fabric-api\fabric-api-base-4b5d3c0a\1.0.5+4ebb5c083e\fabric-api-base-4b5d3c0a-1.0.5+4ebb5c083e.jar to classpath.
[10:06:23] [main/DEBUG] (FabricLoader/Knot) Adding C:\Users\rafae\Documents\GitHub\player_level_skills\.gradle\loom-cache\remapped_mods\remapped\net\fabricmc\fabric-api\fabric-biome-api-v1-4b5d3c0a\17.1.1+4fc5413f3e\fabric-biome-api-v1-4b5d3c0a-17.1.1+4fc5413f3e.jar to classpath.
[10:06:23] [main/DEBUG] (FabricLoader/Knot) Adding C:\Users\rafae\Documents\GitHub\player_level_skills\.gradle\loom-cache\remapped_mods\remapped\net\fabricmc\fabric-api\fabric-block-api-v1-4b5d3c0a\1.1.10+4ebb5c083e\fabric-block-api-v1-4b5d3c0a-1.1.10+4ebb5c083e.jar to classpath.
[10:06:23] [main/DEBUG] (FabricLoader/Knot) Adding C:\Users\rafae\Documents\GitHub\player_level_skills\.gradle\loom-cache\remapped_mods\remapped\net\fabricmc\fabric-api\fabric-block-view-api-v2-4b5d3c0a\1.0.39+4ebb5c083e\fabric-block-view-api-v2-4b5d3c0a-1.0.39+4ebb5c083e.jar to classpath.
[10:06:23] [main/DEBUG] (FabricLoader/Knot) Adding C:\Users\rafae\Documents\GitHub\player_level_skills\.gradle\loom-cache\remapped_mods\remapped\net\fabricmc\fabric-api\fabric-client-gametest-api-v1-4b5d3c0a\4.3.5+bfe9fcf43e\fabric-client-gametest-api-v1-4b5d3c0a-4.3.5+bfe9fcf43e.jar to classpath.
[10:06:23] [main/DEBUG] (FabricLoader/Knot) Adding C:\Users\rafae\Documents\GitHub\player_level_skills\.gradle\loom-cache\remapped_mods\remapped\net\fabricmc\fabric-api\fabric-crash-report-info-v1-4b5d3c0a\0.3.23+4ebb5c083e\fabric-crash-report-info-v1-4b5d3c0a-0.3.23+4ebb5c083e.jar to classpath.
[10:06:23] [main/DEBUG] (FabricLoader/Knot) Adding C:\Users\rafae\Documents\GitHub\player_level_skills\.gradle\loom-cache\remapped_mods\remapped\net\fabricmc\fabric-api\fabric-dimensions-v1-4b5d3c0a\4.0.28+4fc5413f3e\fabric-dimensions-v1-4b5d3c0a-4.0.28+4fc5413f3e.jar to classpath.
[10:06:23] [main/DEBUG] (FabricLoader/Knot) Adding C:\Users\rafae\Documents\GitHub\player_level_skills\.gradle\loom-cache\remapped_mods\remapped\net\fabricmc\fabric-api\fabric-key-binding-api-v1-4b5d3c0a\1.1.7+4fc5413f3e\fabric-key-binding-api-v1-4b5d3c0a-1.1.7+4fc5413f3e.jar to classpath.
[10:06:23] [main/DEBUG] (FabricLoader/Knot) Adding C:\Users\rafae\Documents\GitHub\player_level_skills\.gradle\loom-cache\remapped_mods\remapped\net\fabricmc\fabric-api\fabric-resource-conditions-api-v1-4b5d3c0a\5.0.35+4fc5413f3e\fabric-resource-conditions-api-v1-4b5d3c0a-5.0.35+4fc5413f3e.jar to classpath.
[10:06:23] [main/DEBUG] (FabricLoader/Knot) Adding C:\Users\rafae\Documents\GitHub\player_level_skills\.gradle\loom-cache\remapped_mods\remapped\net\fabricmc\fabric-api\fabric-serialization-api-v1-4b5d3c0a\1.0.5+4ebb5c083e\fabric-serialization-api-v1-4b5d3c0a-1.0.5+4ebb5c083e.jar to classpath.
[10:06:23] [main/DEBUG] (FabricLoader/Knot) Adding C:\Users\rafae\Documents\GitHub\player_level_skills\.gradle\loom-cache\remapped_mods\remapped\net\fabricmc\fabric-api\fabric-sound-api-v1-4b5d3c0a\1.0.51+4fc5413f3e\fabric-sound-api-v1-4b5d3c0a-1.0.51+4fc5413f3e.jar to classpath.
[10:06:23] [main/DEBUG] (FabricLoader/Knot) Adding C:\Users\rafae\Documents\GitHub\player_level_skills\.gradle\loom-cache\remapped_mods\remapped\net\fabricmc\fabric-api\fabric-transitive-access-wideners-v1-4b5d3c0a\7.1.0+014c8cec3e\fabric-transitive-access-wideners-v1-4b5d3c0a-7.1.0+014c8cec3e.jar to classpath.
[10:06:23] [main/DEBUG] (FabricLoader/Knot) Adding C:\Users\rafae\Documents\GitHub\player_level_skills\.gradle\loom-cache\remapped_mods\remapped\me\shedaniel\cloth\basic-math-4b5d3c0a\0.6.1\basic-math-4b5d3c0a-0.6.1.jar to classpath.
[10:06:23] [main/DEBUG] (FabricLoader/Knot) Adding C:\Users\rafae\Documents\GitHub\player_level_skills\.gradle\loom-cache\remapped_mods\remapped\maven\modrinth\libz-4b5d3c0a\1.0.3+1.21.1\libz-4b5d3c0a-1.0.3+1.21.1.jar to classpath.
[10:06:23] [main/DEBUG] (FabricLoader/Knot) Adding C:\Users\rafae\Documents\GitHub\player_level_skills\.gradle\loom-cache\remapped_mods\remapped\com\terraformersmc\modmenu-4b5d3c0a\17.0.0-beta.2\modmenu-4b5d3c0a-17.0.0-beta.2.jar to classpath.
[10:06:23] [main/DEBUG] (FabricLoader/Entrypoint) No subscribers for entrypoint 'preLaunch'
[10:06:23] [main/DEBUG] (FabricLoader/Mixin) Preparing mixins for MixinEnvironment[DEFAULT]
[10:06:23] [main/DEBUG] (FabricLoader/Mixin) Selecting config fabric-item-api-v1.mixins.json
[10:06:23] [main/DEBUG] (FabricLoader/Mixin) Selecting config fabric-item-api-v1.client.mixins.json
[10:06:23] [main/DEBUG] (FabricLoader/Mixin) Selecting config fabric-transfer-api-v1.mixins.json
[10:06:23] [main/DEBUG] (FabricLoader/Mixin) Selecting config fabric-renderer-indigo.mixins.json
[10:06:23] [main/DEBUG] (FabricLoader/Mixin) Selecting config fabric-data-generation-api-v1.mixins.json
[10:06:23] [main/DEBUG] (FabricLoader/Mixin) Selecting config fabric-data-generation-api-v1.client.mixins.json
[10:06:23] [main/DEBUG] (FabricLoader/Mixin) Selecting config player_level_skills.mixins.json
[10:06:23] [main/DEBUG] (FabricLoader/Mixin) Selecting config fabric-tag-api-v1.mixins.json
[10:06:23] [main/DEBUG] (FabricLoader/Mixin) Selecting config fabric-networking-api-v1.mixins.json
[10:06:23] [main/DEBUG] (FabricLoader/Mixin) Selecting config fabric-networking-api-v1.client.mixins.json
[10:06:23] [main/DEBUG] (FabricLoader/Mixin) Selecting config fabric-screen-handler-api-v1.mixins.json
[10:06:23] [main/DEBUG] (FabricLoader/Mixin) Selecting config fabric-lifecycle-events-v1.mixins.json
[10:06:23] [main/DEBUG] (FabricLoader/Mixin) Selecting config fabric-lifecycle-events-v1.client.mixins.json
[10:06:23] [main/DEBUG] (FabricLoader/Mixin) Selecting config fabric-crash-report-info-v1.mixins.json
[10:06:23] [main/DEBUG] (FabricLoader/Mixin) Selecting config fabric-resource-loader-v1.mixins.json
[10:06:23] [main/DEBUG] (FabricLoader/Mixin) Selecting config fabric-resource-loader-v1.client.mixins.json
[10:06:23] [main/DEBUG] (FabricLoader/Mixin) Selecting config fabric-convention-tags-api-v2.mixins.json
[10:06:23] [main/DEBUG] (FabricLoader/Mixin) Selecting config fabric-entity-events-v1.mixins.json
[10:06:23] [main/DEBUG] (FabricLoader/Mixin) Selecting config fabric-game-rule-api-v1.mixins.json
[10:06:23] [main/DEBUG] (FabricLoader/Mixin) Selecting config fabric-game-rule-api-v1.client.mixins.json
[10:06:23] [main/DEBUG] (FabricLoader/Mixin) Selecting config fabric-sound-api-v1.mixins.json
[10:06:23] [main/DEBUG] (FabricLoader/Mixin) Selecting config fabric-gametest-api-v1.mixins.json
[10:06:23] [main/DEBUG] (FabricLoader/Mixin) Selecting config fabric-message-api-v1.mixins.json
[10:06:23] [main/DEBUG] (FabricLoader/Mixin) Selecting config fabric-message-api-v1.client.mixins.json
[10:06:23] [main/DEBUG] (FabricLoader/Mixin) Selecting config fabric-item-group-api-v1.mixins.json
[10:06:23] [main/DEBUG] (FabricLoader/Mixin) Selecting config fabric-item-group-api-v1.client.mixins.json
[10:06:23] [main/DEBUG] (FabricLoader/Mixin) Selecting config mixinextras.init.mixins.json
[10:06:23] [main/DEBUG] (FabricLoader/MixinExtras|Service) com.llamalad7.mixinextras.service.MixinExtrasServiceImpl(version=0.5.0) is taking over from null
[10:06:23] [main/DEBUG] (FabricLoader/Mixin) Registering new injector for @Inject with org.spongepowered.asm.mixin.injection.struct.CallbackInjectionInfo
[10:06:23] [main/DEBUG] (FabricLoader/Mixin) Registering new injector for @ModifyArg with org.spongepowered.asm.mixin.injection.struct.ModifyArgInjectionInfo
[10:06:23] [main/DEBUG] (FabricLoader/Mixin) Registering new injector for @ModifyArgs with org.spongepowered.asm.mixin.injection.struct.ModifyArgsInjectionInfo
[10:06:23] [main/DEBUG] (FabricLoader/Mixin) Registering new injector for @Redirect with org.spongepowered.asm.mixin.injection.struct.RedirectInjectionInfo
[10:06:23] [main/DEBUG] (FabricLoader/Mixin) Registering new injector for @ModifyVariable with org.spongepowered.asm.mixin.injection.struct.ModifyVariableInjectionInfo
[10:06:23] [main/DEBUG] (FabricLoader/Mixin) Registering new injector for @ModifyConstant with org.spongepowered.asm.mixin.injection.struct.ModifyConstantInjectionInfo
[10:06:23] [main/DEBUG] (FabricLoader/Mixin) Selecting config fabric-biome-api-v1.mixins.json
[10:06:23] [main/DEBUG] (FabricLoader/Mixin) Selecting config fabric-content-registries-v0.mixins.json
[10:06:23] [main/DEBUG] (FabricLoader/Mixin) Selecting config fabric-loot-api-v3.mixins.json
[10:06:23] [main/DEBUG] (FabricLoader/Mixin) Selecting config fabric-screen-api-v1.mixins.json
[10:06:23] [main/DEBUG] (FabricLoader/Mixin) Selecting config fabric-renderer-api-v1.mixins.json
[10:06:23] [main/DEBUG] (FabricLoader/Mixin) Selecting config fabric-rendering-fluids-v1.mixins.json
[10:06:23] [main/DEBUG] (FabricLoader/Mixin) Selecting config fabric-resource-conditions-api-v1.mixins.json
[10:06:23] [main/DEBUG] (FabricLoader/Mixin) Selecting config fabric-loot-api-v2.mixins.json
[10:06:23] [main/DEBUG] (FabricLoader/Mixin) Selecting config fabric-command-api-v2.mixins.json
[10:06:23] [main/DEBUG] (FabricLoader/Mixin) Selecting config fabric-command-api-v2.client.mixins.json
[10:06:23] [main/DEBUG] (FabricLoader/Mixin) Selecting config fabric-dimensions-v1.mixins.json
[10:06:23] [main/DEBUG] (FabricLoader/Mixin) Selecting config fabric-registry-sync-v0.mixins.json
[10:06:23] [main/DEBUG] (FabricLoader/Mixin) Selecting config fabric-registry-sync-v0.client.mixins.json
[10:06:23] [main/DEBUG] (FabricLoader/Mixin) Selecting config fabric-key-binding-api-v1.mixins.json
[10:06:23] [main/DEBUG] (FabricLoader/Mixin) Selecting config fabric-client-gametest-api-v1.mixins.json
[10:06:23] [main/DEBUG] (FabricLoader/Mixin) Selecting config fabric-block-api-v1.mixins.json
[10:06:23] [main/DEBUG] (FabricLoader/Mixin) Selecting config fabric-events-interaction-v0.mixins.json
[10:06:23] [main/DEBUG] (FabricLoader/Mixin) Selecting config fabric-events-interaction-v0.client.mixins.json
[10:06:23] [main/DEBUG] (FabricLoader/Mixin) Selecting config fabric-particles-v1.mixins.json
[10:06:23] [main/DEBUG] (FabricLoader/Mixin) Selecting config fabric-particles-v1.client.mixins.json
[10:06:23] [main/DEBUG] (FabricLoader/Mixin) Selecting config mixins.modmenu.json
[10:06:23] [main/DEBUG] (FabricLoader/Mixin) Selecting config libz.mixins.json
[10:06:23] [main/DEBUG] (FabricLoader/Mixin) Remapping refMap libz-refmap.json using remapper chain
[10:06:23] [main/DEBUG] (FabricLoader/Mixin) Selecting config fabric-recipe-api-v1.mixins.json
[10:06:23] [main/DEBUG] (FabricLoader/Mixin) Selecting config fabric-recipe-api-v1.client.mixins.json
[10:06:23] [main/DEBUG] (FabricLoader/Mixin) Selecting config fabric-object-builder-v1.mixins.json
[10:06:23] [main/DEBUG] (FabricLoader/Mixin) Selecting config fabric-object-builder-v1.client.mixins.json
[10:06:23] [main/DEBUG] (FabricLoader/Mixin) Selecting config fabric-model-loading-api-v1.mixins.json
[10:06:23] [main/DEBUG] (FabricLoader/Mixin) Selecting config fabric-block-view-api-v2.mixins.json
[10:06:23] [main/DEBUG] (FabricLoader/Mixin) Selecting config fabric-block-view-api-v2.client.mixins.json
[10:06:23] [main/DEBUG] (FabricLoader/Mixin) Selecting config fabric-api-lookup-api-v1.mixins.json
[10:06:23] [main/DEBUG] (FabricLoader/Mixin) Selecting config fabric-serialization-api-v1.mixins.json
[10:06:23] [main/DEBUG] (FabricLoader/Mixin) Selecting config fabric-rendering-v1.mixins.json
[10:06:23] [main/DEBUG] (FabricLoader/Mixin) Selecting config fabric-data-attachment-api-v1.mixins.json
[10:06:23] [main/DEBUG] (FabricLoader/Mixin) Selecting config fabric-data-attachment-api-v1.client.mixins.json
[10:06:23] [main/DEBUG] (FabricLoader/Mixin) Preparing fabric-item-api-v1.mixins.json (17)
[10:06:23] [main/DEBUG] (FabricLoader/Mixin) Preparing fabric-item-api-v1.client.mixins.json (3)
[10:06:23] [main/DEBUG] (FabricLoader/Mixin) Preparing fabric-transfer-api-v1.mixins.json (17)
[10:06:23] [main/DEBUG] (FabricLoader/Mixin) Preparing fabric-renderer-indigo.mixins.json (11)
[10:06:23] [main/DEBUG] (FabricLoader/Mixin) Preparing fabric-data-generation-api-v1.mixins.json (18)
[10:06:23] [main/DEBUG] (FabricLoader/Mixin) Preparing fabric-data-generation-api-v1.client.mixins.json (4)
[10:06:24] [main/DEBUG] (FabricLoader/Mixin) Preparing player_level_skills.mixins.json (58)
[10:06:24] [main/DEBUG] (FabricLoader/Mixin) Preparing fabric-tag-api-v1.mixins.json (5)
[10:06:24] [main/DEBUG] (FabricLoader/Mixin) Preparing fabric-networking-api-v1.mixins.json (24)
[10:06:24] [main/DEBUG] (FabricLoader/Mixin) Preparing fabric-networking-api-v1.client.mixins.json (9)
[10:06:24] [main/DEBUG] (FabricLoader/Mixin) Preparing fabric-screen-handler-api-v1.mixins.json (2)
[10:06:24] [main/DEBUG] (FabricLoader/Mixin) Preparing fabric-lifecycle-events-v1.mixins.json (11)
[10:06:24] [main/DEBUG] (FabricLoader/Mixin) Preparing fabric-lifecycle-events-v1.client.mixins.json (7)
[10:06:24] [main/DEBUG] (FabricLoader/Mixin) Preparing fabric-crash-report-info-v1.mixins.json (2)
[10:06:24] [main/DEBUG] (FabricLoader/Mixin) Preparing fabric-resource-loader-v1.mixins.json (15)
[10:06:24] [main/DEBUG] (FabricLoader/Mixin) Preparing fabric-resource-loader-v1.client.mixins.json (9)
[10:06:24] [main/DEBUG] (FabricLoader/Mixin) Preparing fabric-convention-tags-api-v2.mixins.json (1)
[10:06:24] [main/DEBUG] (FabricLoader/Mixin) Preparing fabric-entity-events-v1.mixins.json (13)
[10:06:24] [main/DEBUG] (FabricLoader/Mixin) Preparing fabric-game-rule-api-v1.mixins.json (5)
[10:06:24] [main/DEBUG] (FabricLoader/Mixin) Preparing fabric-game-rule-api-v1.client.mixins.json (3)
[10:06:24] [main/DEBUG] (FabricLoader/Mixin) Preparing fabric-sound-api-v1.mixins.json (2)
[10:06:24] [main/DEBUG] (FabricLoader/Mixin) Preparing fabric-gametest-api-v1.mixins.json (4)
[10:06:24] [main/DEBUG] (FabricLoader/Mixin) Preparing fabric-message-api-v1.mixins.json (2)
[10:06:24] [main/DEBUG] (FabricLoader/Mixin) Preparing fabric-message-api-v1.client.mixins.json (2)
[10:06:24] [main/DEBUG] (FabricLoader/Mixin) Preparing fabric-item-group-api-v1.mixins.json (3)
[10:06:24] [main/DEBUG] (FabricLoader/Mixin) Preparing fabric-item-group-api-v1.client.mixins.json (1)
[10:06:24] [main/DEBUG] (FabricLoader/Mixin) Preparing mixinextras.init.mixins.json (0)
[10:06:24] [main/DEBUG] (FabricLoader/Mixin) Preparing fabric-biome-api-v1.mixins.json (9)
[10:06:24] [main/DEBUG] (FabricLoader/Mixin) Preparing fabric-content-registries-v0.mixins.json (18)
[10:06:24] [main/DEBUG] (FabricLoader/Mixin) Preparing fabric-loot-api-v3.mixins.json (8)
[10:06:24] [main/DEBUG] (FabricLoader/Mixin) Preparing fabric-screen-api-v1.mixins.json (7)
[10:06:24] [main/DEBUG] (FabricLoader/Mixin) Preparing fabric-renderer-api-v1.mixins.json (27)
[10:06:24] [main/DEBUG] (FabricLoader/Mixin) Preparing fabric-rendering-fluids-v1.mixins.json (1)
[10:06:24] [main/DEBUG] (FabricLoader/Mixin) Preparing fabric-resource-conditions-api-v1.mixins.json (7)
[10:06:24] [main/DEBUG] (FabricLoader/Mixin) Preparing fabric-loot-api-v2.mixins.json (2)
[10:06:24] [main/DEBUG] (FabricLoader/Mixin) Preparing fabric-command-api-v2.mixins.json (5)
[10:06:24] [main/DEBUG] (FabricLoader/Mixin) Preparing fabric-command-api-v2.client.mixins.json (2)
[10:06:24] [main/DEBUG] (FabricLoader/Mixin) Preparing fabric-dimensions-v1.mixins.json (4)
[10:06:24] [main/DEBUG] (FabricLoader/Mixin) Preparing fabric-registry-sync-v0.mixins.json (16)
[10:06:24] [main/DEBUG] (FabricLoader/Mixin) Preparing fabric-registry-sync-v0.client.mixins.json (5)
[10:06:24] [main/DEBUG] (FabricLoader/Mixin) Preparing fabric-key-binding-api-v1.mixins.json (3)
[10:06:24] [main/DEBUG] (FabricLoader/Mixin) Preparing fabric-client-gametest-api-v1.mixins.json (26)
[10:06:24] [main/DEBUG] (FabricLoader/Mixin) Preparing fabric-block-api-v1.mixins.json (5)
[10:06:24] [main/DEBUG] (FabricLoader/Mixin) Preparing fabric-events-interaction-v0.mixins.json (7)
[10:06:24] [main/DEBUG] (FabricLoader/Mixin) Preparing fabric-events-interaction-v0.client.mixins.json (3)
[10:06:24] [main/DEBUG] (FabricLoader/Mixin) Preparing fabric-particles-v1.mixins.json (8)
[10:06:24] [main/DEBUG] (FabricLoader/Mixin) Preparing fabric-particles-v1.client.mixins.json (4)
[10:06:24] [main/DEBUG] (FabricLoader/Mixin) Preparing mixins.modmenu.json (4)
[10:06:24] [main/DEBUG] (FabricLoader/Mixin) Preparing libz.mixins.json (6)
[10:06:24] [main/DEBUG] (FabricLoader/Mixin) Preparing fabric-recipe-api-v1.mixins.json (10)
[10:06:24] [main/DEBUG] (FabricLoader/Mixin) Preparing fabric-recipe-api-v1.client.mixins.json (3)
[10:06:24] [main/DEBUG] (FabricLoader/Mixin) Preparing fabric-object-builder-v1.mixins.json (10)
[10:06:24] [main/DEBUG] (FabricLoader/Mixin) Preparing fabric-object-builder-v1.client.mixins.json (4)
[10:06:24] [main/DEBUG] (FabricLoader/Mixin) Preparing fabric-model-loading-api-v1.mixins.json (6)
[10:06:24] [main/DEBUG] (FabricLoader/Mixin) Preparing fabric-block-view-api-v2.mixins.json (3)
[10:06:24] [main/DEBUG] (FabricLoader/Mixin) Preparing fabric-block-view-api-v2.client.mixins.json (3)
[10:06:24] [main/DEBUG] (FabricLoader/Mixin) Preparing fabric-api-lookup-api-v1.mixins.json (2)
[10:06:24] [main/DEBUG] (FabricLoader/Mixin) Preparing fabric-serialization-api-v1.mixins.json (4)
[10:06:24] [main/DEBUG] (FabricLoader/Mixin) Preparing fabric-rendering-v1.mixins.json (38)
[10:06:24] [main/DEBUG] (FabricLoader/Mixin) Preparing fabric-data-attachment-api-v1.mixins.json (14)
[10:06:24] [main/DEBUG] (FabricLoader/Mixin) Preparing fabric-data-attachment-api-v1.client.mixins.json (1)
[10:06:24] [main/DEBUG] (FabricLoader/Mixin) Inner class net/fabricmc/fabric/mixin/transfer/ChiseledBookShelfBlockEntityMixin$1 in net/fabricmc/fabric/mixin/transfer/ChiseledBookShelfBlockEntityMixin on net/minecraft/block/entity/ChiseledBookshelfBlockEntity gets unique name net/minecraft/block/entity/ChiseledBookshelfBlockEntity$Anonymous$d824251138dd4e559cda06791a70a716
[10:06:24] [main/DEBUG] (FabricLoader/Mixin) Inner class net/fabricmc/fabric/mixin/itemgroup/CreativeModeTabsMixin$1ItemGroupPosition in net/fabricmc/fabric/mixin/itemgroup/CreativeModeTabsMixin on net/minecraft/item/ItemGroups gets unique name net/minecraft/item/ItemGroups$1ItemGroupPosition$79f5354526134b67a79c12f91b8e73ac
[10:06:24] [main/DEBUG] (FabricLoader/Mixin) Inner class net/fabricmc/fabric/mixin/renderer/client/block/model/MultiPartModelMixin$1Key in net/fabricmc/fabric/mixin/renderer/client/block/model/MultiPartModelMixin on net/minecraft/client/render/model/MultipartBlockStateModel gets unique name net/minecraft/client/render/model/MultipartBlockStateModel$1Key$c936b6b370db4bdb85e7337246c47582
[10:06:24] [main/ERROR] (FabricLoader/Mixin) libz.mixins.json:client.InventoryScreenMixin from mod libz: Super class 'net.minecraft.client.gui.screen.ingame.StatusEffectsDisplay' of client.InventoryScreenMixin was not found in the hierarchy of target class 'net/minecraft/client/gui/screen/ingame/InventoryScreen'
org.spongepowered.asm.mixin.transformer.throwables.InvalidMixinException: Super class 'net.minecraft.client.gui.screen.ingame.StatusEffectsDisplay' of client.InventoryScreenMixin was not found in the hierarchy of target class 'net/minecraft/client/gui/screen/ingame/InventoryScreen'
	at org.spongepowered.asm.mixin.transformer.MixinInfo$SubType$Standard.validate(MixinInfo.java:595)
	at org.spongepowered.asm.mixin.transformer.MixinInfo$State.validate(MixinInfo.java:327)
	at org.spongepowered.asm.mixin.transformer.MixinInfo.validate(MixinInfo.java:915)
	at org.spongepowered.asm.mixin.transformer.MixinConfig.postInitialise(MixinConfig.java:884)
	at org.spongepowered.asm.mixin.transformer.MixinProcessor.prepareConfigs(MixinProcessor.java:616)
	at org.spongepowered.asm.mixin.transformer.MixinProcessor.select(MixinProcessor.java:510)
	at org.spongepowered.asm.mixin.transformer.MixinProcessor.checkSelect(MixinProcessor.java:486)
	at org.spongepowered.asm.mixin.transformer.MixinProcessor.lockAndSelect(MixinProcessor.java:438)
	at org.spongepowered.asm.mixin.transformer.MixinProcessor.couldTransformClass(MixinProcessor.java:398)
	at org.spongepowered.asm.mixin.transformer.MixinTransformer.couldTransformClass(MixinTransformer.java:265)
	at org.spongepowered.asm.mixin.transformer.MixinTransformer.transformClass(MixinTransformer.java:233)
	at org.spongepowered.asm.mixin.transformer.MixinTransformer.transformClassBytes(MixinTransformer.java:202)
	at net.fabricmc.loader.impl.launch.knot.KnotClassDelegate.getPostMixinClassByteArray(KnotClassDelegate.java:435)
	at net.fabricmc.loader.impl.launch.knot.KnotClassDelegate.tryLoadClass(KnotClassDelegate.java:336)
	at net.fabricmc.loader.impl.launch.knot.KnotClassDelegate.loadClass(KnotClassDelegate.java:231)
	at net.fabricmc.loader.impl.launch.knot.KnotClassLoader.loadClass(KnotClassLoader.java:119)
	at java.base/java.lang.ClassLoader.loadClass(ClassLoader.java:526)
	at net.fabricmc.loader.impl.game.minecraft.MinecraftGameProvider.launch(MinecraftGameProvider.java:507)
	at net.fabricmc.loader.impl.launch.knot.Knot.launch(Knot.java:72)
	at net.fabricmc.loader.impl.launch.knot.KnotClient.main(KnotClient.java:23)
	at net.fabricmc.devlaunchinjector.Main.main(Main.java:86)
[10:06:24] [main/DEBUG] (FabricLoader/Mixin) Prepared 492 mixins in 0,636 sec (1,3ms avg) (0ms load, 0ms transform, 0ms plugin)
[10:06:24] [main/DEBUG] (io.netty.util.internal.logging.InternalLoggerFactory) Using SLF4J as the default logging framework
[10:06:24] [main/DEBUG] (io.netty.util.ResourceLeakDetector) -Dio.netty.leakDetection.level: simple
[10:06:24] [main/DEBUG] (io.netty.util.ResourceLeakDetector) -Dio.netty.leakDetection.targetRecords: 4
[10:06:24] [main/INFO] (FabricLoader/MixinExtras|Service) Initializing MixinExtras via com.llamalad7.mixinextras.service.MixinExtrasServiceImpl(version=0.5.0).
[10:06:24] [main/DEBUG] (FabricLoader/Mixin) Registering new injector for @SugarWrapper with com.llamalad7.mixinextras.sugar.impl.SugarWrapperInjectionInfo
[10:06:24] [main/DEBUG] (FabricLoader/Mixin) Registering new injector for @FactoryRedirectWrapper with com.llamalad7.mixinextras.wrapper.factory.FactoryRedirectWrapperInjectionInfo
[10:06:24] [main/DEBUG] (FabricLoader/Mixin) Registering new injector for @ExpressionInjectorWrapper with com.llamalad7.mixinextras.expression.impl.wrapper.ExpressionInjectorWrapperInjectionInfo
[10:06:24] [main/DEBUG] (FabricLoader/Mixin) Mixing TaggedChoiceMixin from fabric-dimensions-v1.mixins.json into com.mojang.datafixers.types.templates.TaggedChoice
[10:06:25] [main/DEBUG] (FabricLoader/Mixin) fabric-dimensions-v1.mixins.json:TaggedChoiceMixin from mod fabric-dimensions-v1->@Inject::onApply(Lcom/mojang/datafixers/util/Pair;Lorg/spongepowered/asm/mixin/injection/callback/CallbackInfoReturnable;)V does use it's CallbackInfoReturnable
[10:06:25] [main/DEBUG] (FabricLoader/Mixin) Mixing TaggedChoiceTaggedChoiceTypeMixin from fabric-dimensions-v1.mixins.json into com.mojang.datafixers.types.templates.TaggedChoice$TaggedChoiceType
[10:06:25] [main/DEBUG] (FabricLoader/Mixin) fabric-dimensions-v1.mixins.json:TaggedChoiceTaggedChoiceTypeMixin from mod fabric-dimensions-v1->@Inject::onGetCodec(Ljava/lang/Object;Lorg/spongepowered/asm/mixin/injection/callback/CallbackInfoReturnable;)V does use it's CallbackInfoReturnable
[10:06:25] [main/DEBUG] (FabricLoader/Mixin) Mixing V2832Mixin from fabric-dimensions-v1.mixins.json into net.minecraft.datafixer.schema.Schema2832
[10:06:25] [main/DEBUG] (FabricLoader/Mixin) Mixing SystemReportMixin from fabric-crash-report-info-v1.mixins.json into net.minecraft.util.SystemDetails
[10:06:25] [main/DEBUG] (FabricLoader/Mixin) Renaming synthetic method lambda$appendMods$1(Lnet/fabricmc/loader/api/ModContainer;)Ljava/lang/String; to md93b9f9$fabric-crash-report-info-v1$lambda$appendMods$1$0 in fabric-crash-report-info-v1.mixins.json:SystemReportMixin from mod fabric-crash-report-info-v1
[10:06:25] [main/DEBUG] (FabricLoader/Mixin) Renaming synthetic method lambda$fillSystemDetails$0()Ljava/lang/String; to md93b9f9$fabric-crash-report-info-v1$lambda$fillSystemDetails$0$1 in fabric-crash-report-info-v1.mixins.json:SystemReportMixin from mod fabric-crash-report-info-v1
[10:06:25] [main/DEBUG] (FabricLoader/Mixin) fabric-crash-report-info-v1.mixins.json:SystemReportMixin from mod fabric-crash-report-info-v1->@Inject::fillSystemDetails(Lorg/spongepowered/asm/mixin/injection/callback/CallbackInfo;)V doesn't use it's CallbackInfo
[10:06:25] [main/DEBUG] (FabricLoader/Mixin) fabric-crash-report-info-v1.mixins.json:SystemReportMixin from mod fabric-crash-report-info-v1->@Inject::fillSystemDetails(Lorg/spongepowered/asm/mixin/injection/callback/CallbackInfo;)V has 0 override(s) in child classes
[10:06:25] [main/DEBUG] (FabricLoader/Mixin) fabric-crash-report-info-v1.mixins.json:SystemReportMixin from mod fabric-crash-report-info-v1->@Inject::fillSystemDetails(Lorg/spongepowered/asm/mixin/injection/callback/CallbackInfo;)V won't be passed a CallbackInfo as a result
[10:06:25] [Datafixer Bootstrap/INFO] (com.mojang.datafixers.DataFixerBuilder) 287 Datafixer optimizations took 495 milliseconds
[10:06:26] [main/DEBUG] (FabricLoader/Mixin) Mixing BootstrapMixin from fabric-registry-sync-v0.mixins.json into net.minecraft.Bootstrap
[10:06:26] [main/DEBUG] (FabricLoader/Mixin) Renaming synthetic method lambda$afterInitialize$1(Lnet/minecraft/fluid/Fluid;)Ljava/util/Collection; to md93b9f9$fabric-registry-sync-v0$lambda$afterInitialize$1$0 in fabric-registry-sync-v0.mixins.json:BootstrapMixin from mod fabric-registry-sync-v0
[10:06:26] [main/DEBUG] (FabricLoader/Mixin) Renaming synthetic method lambda$afterInitialize$0(Lnet/minecraft/block/Block;)Ljava/util/Collection; to md93b9f9$fabric-registry-sync-v0$lambda$afterInitialize$0$1 in fabric-registry-sync-v0.mixins.json:BootstrapMixin from mod fabric-registry-sync-v0
[10:06:26] [main/DEBUG] (FabricLoader/Mixin) fabric-registry-sync-v0.mixins.json:BootstrapMixin from mod fabric-registry-sync-v0->@Inject::afterInitialize(Lorg/spongepowered/asm/mixin/injection/callback/CallbackInfo;)V doesn't use it's CallbackInfo
[10:06:26] [main/DEBUG] (FabricLoader/Mixin) Mixing RegistryMixin from fabric-registry-sync-v0.mixins.json into net.minecraft.registry.Registry
[10:06:26] [main/DEBUG] (FabricLoader/Mixin) Mixing BuiltInRegistriesMixin from fabric-item-api-v1.mixins.json into net.minecraft.registry.Registries
[10:06:26] [main/DEBUG] (FabricLoader/Mixin) Mixing BuiltInRegistriesAccessor from fabric-registry-sync-v0.mixins.json into net.minecraft.registry.Registries
[10:06:26] [main/DEBUG] (FabricLoader/Mixin) Renaming @Accessor method getWRITABLE_REGISTRY()Lnet/minecraft/registry/MutableRegistry; to getWRITABLE_REGISTRY$fabric-registry-sync-v0_$md$93b9f9$0 in fabric-registry-sync-v0.mixins.json:BuiltInRegistriesAccessor from mod fabric-registry-sync-v0
[10:06:26] [main/DEBUG] (FabricLoader/Mixin) Mixing BuiltInRegistriesMixin from fabric-registry-sync-v0.mixins.json into net.minecraft.registry.Registries
[10:06:26] [main/DEBUG] (FabricLoader/Mixin) fabric-item-api-v1.mixins.json:BuiltInRegistriesMixin from mod fabric-item-api-v1->@Inject::modifyDefaultItemComponents(Lorg/spongepowered/asm/mixin/injection/callback/CallbackInfo;)V doesn't use it's CallbackInfo
[10:06:26] [main/DEBUG] (FabricLoader/Mixin) fabric-registry-sync-v0.mixins.json:BuiltInRegistriesMixin from mod fabric-registry-sync-v0->@Inject::init(Lorg/spongepowered/asm/mixin/injection/callback/CallbackInfo;)V does use it's CallbackInfo
[10:06:26] [main/DEBUG] (FabricLoader/Mixin) Mixing MappedRegistryMixin from fabric-tag-api-v1.mixins.json into net.minecraft.registry.SimpleRegistry
[10:06:26] [main/DEBUG] (FabricLoader/Mixin) Mixing MappedRegistryAccessor from fabric-registry-sync-v0.mixins.json into net.minecraft.registry.SimpleRegistry
[10:06:26] [main/DEBUG] (FabricLoader/Mixin) Mixing MappedRegistryMixin from fabric-registry-sync-v0.mixins.json into net.minecraft.registry.SimpleRegistry
[10:06:26] [main/DEBUG] (FabricLoader/Mixin) Renaming synthetic method lambda$remap$5()Lnet/fabricmc/fabric/impl/registry/sync/RemapException; to md93b9f9$fabric-registry-sync-v0$lambda$remap$5$0 in fabric-registry-sync-v0.mixins.json:MappedRegistryMixin from mod fabric-registry-sync-v0
[10:06:26] [main/DEBUG] (FabricLoader/Mixin) Renaming synthetic method lambda$init$4([Lnet/fabricmc/fabric/api/event/registry/RegistryIdRemapCallback;)Lnet/fabricmc/fabric/api/event/registry/RegistryIdRemapCallback; to md93b9f9$fabric-registry-sync-v0$lambda$init$4$1 in fabric-registry-sync-v0.mixins.json:MappedRegistryMixin from mod fabric-registry-sync-v0
[10:06:26] [main/DEBUG] (FabricLoader/Mixin) Renaming synthetic method lambda$init$3([Lnet/fabricmc/fabric/api/event/registry/RegistryIdRemapCallback;Lnet/fabricmc/fabric/api/event/registry/RegistryIdRemapCallback$RemapState;)V to md93b9f9$fabric-registry-sync-v0$lambda$init$3$2 in fabric-registry-sync-v0.mixins.json:MappedRegistryMixin from mod fabric-registry-sync-v0
[10:06:26] [main/DEBUG] (FabricLoader/Mixin) Renaming synthetic method lambda$init$2(ILnet/minecraft/util/Identifier;Ljava/lang/Object;)V to md93b9f9$fabric-registry-sync-v0$lambda$init$2$3 in fabric-registry-sync-v0.mixins.json:MappedRegistryMixin from mod fabric-registry-sync-v0
[10:06:26] [main/DEBUG] (FabricLoader/Mixin) Renaming synthetic method lambda$init$1([Lnet/fabricmc/fabric/api/event/registry/RegistryEntryAddedCallback;)Lnet/fabricmc/fabric/api/event/registry/RegistryEntryAddedCallback; to md93b9f9$fabric-registry-sync-v0$lambda$init$1$4 in fabric-registry-sync-v0.mixins.json:MappedRegistryMixin from mod fabric-registry-sync-v0
[10:06:26] [main/DEBUG] (FabricLoader/Mixin) Renaming synthetic method lambda$init$0([Lnet/fabricmc/fabric/api/event/registry/RegistryEntryAddedCallback;ILnet/minecraft/util/Identifier;Ljava/lang/Object;)V to md93b9f9$fabric-registry-sync-v0$lambda$init$0$5 in fabric-registry-sync-v0.mixins.json:MappedRegistryMixin from mod fabric-registry-sync-v0
[10:06:26] [main/DEBUG] (FabricLoader/Mixin) fabric-registry-sync-v0.mixins.json:MappedRegistryMixin from mod fabric-registry-sync-v0->@Inject::init(Lnet/minecraft/registry/RegistryKey;Lcom/mojang/serialization/Lifecycle;ZLorg/spongepowered/asm/mixin/injection/callback/CallbackInfo;)V doesn't use it's CallbackInfo
[10:06:26] [main/DEBUG] (FabricLoader/Mixin) fabric-registry-sync-v0.mixins.json:MappedRegistryMixin from mod fabric-registry-sync-v0->@Inject::init(Lnet/minecraft/registry/RegistryKey;Lcom/mojang/serialization/Lifecycle;ZLorg/spongepowered/asm/mixin/injection/callback/CallbackInfo;)V has 0 override(s) in child classes
[10:06:26] [main/DEBUG] (FabricLoader/Mixin) fabric-registry-sync-v0.mixins.json:MappedRegistryMixin from mod fabric-registry-sync-v0->@Inject::init(Lnet/minecraft/registry/RegistryKey;Lcom/mojang/serialization/Lifecycle;ZLorg/spongepowered/asm/mixin/injection/callback/CallbackInfo;)V won't be passed a CallbackInfo as a result
[10:06:26] [main/DEBUG] (FabricLoader/Mixin) fabric-registry-sync-v0.mixins.json:MappedRegistryMixin from mod fabric-registry-sync-v0->@Inject::set(Lnet/minecraft/registry/RegistryKey;Ljava/lang/Object;Lnet/minecraft/registry/entry/RegistryEntryInfo;Lorg/spongepowered/asm/mixin/injection/callback/CallbackInfoReturnable;)V does use it's CallbackInfoReturnable
[10:06:26] [main/DEBUG] (FabricLoader/Mixin) Mixing RegistriesMixin from fabric-registry-sync-v0.mixins.json into net.minecraft.registry.RegistryKeys
[10:06:26] [main/DEBUG] (FabricLoader/Mixin) Mixing effect.MobEffectMixin from fabric-entity-events-v1.mixins.json into net.minecraft.entity.effect.StatusEffect
[10:06:26] [main/DEBUG] (FabricLoader/Mixin) Mixing ArgumentTypeInfosAccessor from fabric-command-api-v2.mixins.json into net.minecraft.command.argument.ArgumentTypes
[10:06:26] [main/DEBUG] (FabricLoader/Mixin) Renaming @Accessor method fabric_getClassMap()Ljava/util/Map; to fabric_getClassMap$fabric-command-api-v2_$md$93b9f9$0 in fabric-command-api-v2.mixins.json:ArgumentTypeInfosAccessor from mod fabric-command-api-v2
[10:06:26] [main/DEBUG] (FabricLoader/Mixin) Mixing CreativeModeTabsMixin from fabric-item-group-api-v1.mixins.json into net.minecraft.item.ItemGroups
[10:06:26] [main/DEBUG] (FabricLoader/Mixin) Renaming synthetic method lambda$paginateGroups$0(Lnet/minecraft/registry/entry/RegistryEntry$Reference;Lnet/minecraft/registry/entry/RegistryEntry$Reference;)I to md93b9f9$fabric-item-group-api-v1$lambda$paginateGroups$0$0 in fabric-item-group-api-v1.mixins.json:CreativeModeTabsMixin from mod fabric-item-group-api-v1
[10:06:26] [main/DEBUG] (FabricLoader/Mixin) fabric-item-group-api-v1.mixins.json:CreativeModeTabsMixin from mod fabric-item-group-api-v1->@Inject::deferDuplicateCheck(Lorg/spongepowered/asm/mixin/injection/callback/CallbackInfo;)V does use it's CallbackInfo
[10:06:26] [main/DEBUG] (FabricLoader/Mixin) fabric-item-group-api-v1.mixins.json:CreativeModeTabsMixin from mod fabric-item-group-api-v1->@Inject::paginateGroups(Lorg/spongepowered/asm/mixin/injection/callback/CallbackInfo;)V doesn't use it's CallbackInfo
[10:06:26] [main/DEBUG] (FabricLoader/Mixin) Mixing CreativeModeTabAccessor from fabric-item-group-api-v1.mixins.json into net.minecraft.item.ItemGroup
[10:06:26] [main/DEBUG] (FabricLoader/Mixin) Mixing CreativeModeTabMixin from fabric-item-group-api-v1.mixins.json into net.minecraft.item.ItemGroup
[10:06:26] [main/DEBUG] (FabricLoader/Mixin) Renaming synthetic method lambda$getStacks$0(Lnet/minecraft/item/ItemGroup;)Ljava/lang/IllegalStateException; to md93b9f9$fabric-item-group-api-v1$lambda$getStacks$0$0 in fabric-item-group-api-v1.mixins.json:CreativeModeTabMixin from mod fabric-item-group-api-v1
[10:06:26] [main/DEBUG] (FabricLoader/Mixin) fabric-item-group-api-v1.mixins.json:CreativeModeTabMixin from mod fabric-item-group-api-v1->@Inject::getStacks(Lnet/minecraft/item/ItemGroup$DisplayContext;Lorg/spongepowered/asm/mixin/injection/callback/CallbackInfo;)V doesn't use it's CallbackInfo
[10:06:26] [main/DEBUG] (FabricLoader/Mixin) fabric-item-group-api-v1.mixins.json:CreativeModeTabMixin from mod fabric-item-group-api-v1->@Inject::getStacks(Lnet/minecraft/item/ItemGroup$DisplayContext;Lorg/spongepowered/asm/mixin/injection/callback/CallbackInfo;)V has 0 override(s) in child classes
[10:06:26] [main/DEBUG] (FabricLoader/Mixin) fabric-item-group-api-v1.mixins.json:CreativeModeTabMixin from mod fabric-item-group-api-v1->@Inject::getStacks(Lnet/minecraft/item/ItemGroup$DisplayContext;Lorg/spongepowered/asm/mixin/injection/callback/CallbackInfo;)V won't be passed a CallbackInfo as a result
[10:06:26] [main/DEBUG] (FabricLoader/Mixin) Mixing GameRuleMixin from fabric-game-rule-api-v1.mixins.json into net.minecraft.world.rule.GameRule
[10:06:26] [main/DEBUG] (FabricLoader/Mixin) Renaming synthetic method lambda$deserializeEnum$1(Ljava/lang/String;)Ljava/lang/String; to md93b9f9$fabric-game-rule-api-v1$lambda$deserializeEnum$1$0 in fabric-game-rule-api-v1.mixins.json:GameRuleMixin from mod fabric-game-rule-api-v1
[10:06:26] [main/DEBUG] (FabricLoader/Mixin) Renaming synthetic method lambda$deserializeEnum$0(Ljava/lang/String;Ljava/lang/Class;)Ljava/lang/String; to md93b9f9$fabric-game-rule-api-v1$lambda$deserializeEnum$0$1 in fabric-game-rule-api-v1.mixins.json:GameRuleMixin from mod fabric-game-rule-api-v1
[10:06:26] [main/DEBUG] (FabricLoader/Mixin) Mixing FireBlockMixin from fabric-content-registries-v0.mixins.json into net.minecraft.block.FireBlock
[10:06:26] [main/DEBUG] (FabricLoader/Mixin) fabric-content-registries-v0.mixins.json:FireBlockMixin from mod fabric-content-registries-v0->@Inject::afterConstruct(Lnet/minecraft/block/AbstractBlock$Settings;Lorg/spongepowered/asm/mixin/injection/callback/CallbackInfo;)V doesn't use it's CallbackInfo
[10:06:26] [main/DEBUG] (FabricLoader/Mixin) fabric-content-registries-v0.mixins.json:FireBlockMixin from mod fabric-content-registries-v0->@Inject::afterConstruct(Lnet/minecraft/block/AbstractBlock$Settings;Lorg/spongepowered/asm/mixin/injection/callback/CallbackInfo;)V has 0 override(s) in child classes
[10:06:26] [main/DEBUG] (FabricLoader/Mixin) fabric-content-registries-v0.mixins.json:FireBlockMixin from mod fabric-content-registries-v0->@Inject::afterConstruct(Lnet/minecraft/block/AbstractBlock$Settings;Lorg/spongepowered/asm/mixin/injection/callback/CallbackInfo;)V won't be passed a CallbackInfo as a result
[10:06:26] [main/DEBUG] (FabricLoader/Mixin) fabric-content-registries-v0.mixins.json:FireBlockMixin from mod fabric-content-registries-v0->@Inject::getFabricBurnChance(Lnet/minecraft/block/BlockState;Lorg/spongepowered/asm/mixin/injection/callback/CallbackInfoReturnable;)V does use it's CallbackInfoReturnable
[10:06:26] [main/DEBUG] (FabricLoader/Mixin) fabric-content-registries-v0.mixins.json:FireBlockMixin from mod fabric-content-registries-v0->@Inject::getFabricSpreadChance(Lnet/minecraft/block/BlockState;Lorg/spongepowered/asm/mixin/injection/callback/CallbackInfoReturnable;)V does use it's CallbackInfoReturnable
[10:06:26] [main/DEBUG] (FabricLoader/Mixin) Mixing block.BlockMixin from player_level_skills.mixins.json into net.minecraft.block.Block
[10:06:26] [main/DEBUG] (FabricLoader/Mixin) Mixing BlockMixin from fabric-block-api-v1.mixins.json into net.minecraft.block.Block
[10:06:26] [main/DEBUG] (FabricLoader/Mixin) player_level_skills.mixins.json:block.BlockMixin from mod player_level_skills->@Inject::dropStacksMixin(Lnet/minecraft/block/BlockState;Lnet/minecraft/world/World;Lnet/minecraft/util/math/BlockPos;Lnet/minecraft/block/entity/BlockEntity;Lnet/minecraft/entity/Entity;Lnet/minecraft/item/ItemStack;Lorg/spongepowered/asm/mixin/injection/callback/CallbackInfo;)V does use it's CallbackInfo
[10:06:26] [main/DEBUG] (FabricLoader/Mixin) player_level_skills.mixins.json:block.BlockMixin from mod player_level_skills->@Inject::getDroppedStacksMixin(Lnet/minecraft/block/BlockState;Lnet/minecraft/server/world/ServerWorld;Lnet/minecraft/util/math/BlockPos;Lnet/minecraft/block/entity/BlockEntity;Lnet/minecraft/entity/Entity;Lnet/minecraft/item/ItemStack;Lorg/spongepowered/asm/mixin/injection/callback/CallbackInfoReturnable;Lnet/minecraft/loot/context/LootWorldContext$Builder;)V doesn't use it's CallbackInfoReturnable
[10:06:26] [main/DEBUG] (FabricLoader/Mixin) player_level_skills.mixins.json:block.BlockMixin from mod player_level_skills->@Inject::dropExperienceMixin(Lnet/minecraft/server/world/ServerWorld;Lnet/minecraft/util/math/BlockPos;ILorg/spongepowered/asm/mixin/injection/callback/CallbackInfo;)V doesn't use it's CallbackInfo
[10:06:26] [main/DEBUG] (FabricLoader/Mixin) player_level_skills.mixins.json:block.BlockMixin from mod player_level_skills->@Inject::dropExperienceMixin(Lnet/minecraft/server/world/ServerWorld;Lnet/minecraft/util/math/BlockPos;ILorg/spongepowered/asm/mixin/injection/callback/CallbackInfo;)V has 0 override(s) in child classes
[10:06:26] [main/DEBUG] (FabricLoader/Mixin) player_level_skills.mixins.json:block.BlockMixin from mod player_level_skills->@Inject::dropExperienceMixin(Lnet/minecraft/server/world/ServerWorld;Lnet/minecraft/util/math/BlockPos;ILorg/spongepowered/asm/mixin/injection/callback/CallbackInfo;)V won't be passed a CallbackInfo as a result
[10:06:26] [main/DEBUG] (FabricLoader/Mixin) player_level_skills.mixins.json:block.BlockMixin from mod player_level_skills->@Inject::onBreakMixin(Lnet/minecraft/world/World;Lnet/minecraft/util/math/BlockPos;Lnet/minecraft/block/BlockState;Lnet/minecraft/entity/player/PlayerEntity;Lorg/spongepowered/asm/mixin/injection/callback/CallbackInfoReturnable;)V doesn't use it's CallbackInfoReturnable
[10:06:26] [main/DEBUG] (FabricLoader/Mixin) player_level_skills.mixins.json:block.BlockMixin from mod player_level_skills->@Inject::onBreakMixin(Lnet/minecraft/world/World;Lnet/minecraft/util/math/BlockPos;Lnet/minecraft/block/BlockState;Lnet/minecraft/entity/player/PlayerEntity;Lorg/spongepowered/asm/mixin/injection/callback/CallbackInfoReturnable;)V has 0 override(s) in child classes
[10:06:26] [main/DEBUG] (FabricLoader/Mixin) player_level_skills.mixins.json:block.BlockMixin from mod player_level_skills->@Inject::onBreakMixin(Lnet/minecraft/world/World;Lnet/minecraft/util/math/BlockPos;Lnet/minecraft/block/BlockState;Lnet/minecraft/entity/player/PlayerEntity;Lorg/spongepowered/asm/mixin/injection/callback/CallbackInfoReturnable;)V won't be passed a CallbackInfoReturnable as a result
[10:06:26] [main/DEBUG] (FabricLoader/Mixin) Mixing block.AbstractBlockMixin from player_level_skills.mixins.json into net.minecraft.block.AbstractBlock
[10:06:26] [main/DEBUG] (FabricLoader/Mixin) Mixing BlockBehaviourAccessor from fabric-content-registries-v0.mixins.json into net.minecraft.block.AbstractBlock
[10:06:26] [main/DEBUG] (FabricLoader/Mixin) player_level_skills.mixins.json:block.AbstractBlockMixin from mod player_level_skills->@Inject::onExplodedMixin(Lnet/minecraft/block/BlockState;Lnet/minecraft/server/world/ServerWorld;Lnet/minecraft/util/math/BlockPos;Lnet/minecraft/world/explosion/Explosion;Ljava/util/function/BiConsumer;Lorg/spongepowered/asm/mixin/injection/callback/CallbackInfo;)V does use it's CallbackInfo
[10:06:26] [main/DEBUG] (FabricLoader/Mixin) Mixing BlockGetterMixin from fabric-block-view-api-v2.mixins.json into net.minecraft.world.BlockView
[10:06:26] [main/DEBUG] (FabricLoader/Mixin) Mixing entity.EntityAccessor from player_level_skills.mixins.json into net.minecraft.entity.Entity
[10:06:26] [main/DEBUG] (FabricLoader/Mixin) Mixing EntityMixin from fabric-entity-events-v1.mixins.json into net.minecraft.entity.Entity
[10:06:26] [main/DEBUG] (FabricLoader/Mixin) Mixing EntityMixin from fabric-particles-v1.mixins.json into net.minecraft.entity.Entity
[10:06:26] [main/DEBUG] (FabricLoader/Mixin) Mixing AttachmentTargetsMixin from fabric-data-attachment-api-v1.mixins.json into net.minecraft.entity.Entity
[10:06:26] [main/DEBUG] (FabricLoader/Mixin) Renaming synthetic method lambda$fabric_readAttachmentsFromNbt$3(Lnet/minecraft/storage/ReadView;Lnet/fabricmc/fabric/api/attachment/v1/AttachmentType;Ljava/lang/Object;)V to md93b9f9$fabric-data-attachment-api-v1$lambda$fabric_readAttachmentsFromNbt$3$0 in fabric-data-attachment-api-v1.mixins.json:AttachmentTargetsMixin from mod fabric-data-attachment-api-v1
[10:06:26] [main/DEBUG] (FabricLoader/Mixin) Renaming synthetic method lambda$onAttachedSet$2(Lnet/fabricmc/fabric/api/attachment/v1/AttachmentType;)Lnet/fabricmc/fabric/api/event/Event; to md93b9f9$fabric-data-attachment-api-v1$lambda$onAttachedSet$2$1 in fabric-data-attachment-api-v1.mixins.json:AttachmentTargetsMixin from mod fabric-data-attachment-api-v1
[10:06:26] [main/DEBUG] (FabricLoader/Mixin) Renaming synthetic method lambda$onAttachedSet$1([Lnet/fabricmc/fabric/api/attachment/v1/AttachmentTarget$OnAttachedSet;)Lnet/fabricmc/fabric/api/attachment/v1/AttachmentTarget$OnAttachedSet; to md93b9f9$fabric-data-attachment-api-v1$lambda$onAttachedSet$1$2 in fabric-data-attachment-api-v1.mixins.json:AttachmentTargetsMixin from mod fabric-data-attachment-api-v1
[10:06:26] [main/DEBUG] (FabricLoader/Mixin) Renaming synthetic method lambda$onAttachedSet$0([Lnet/fabricmc/fabric/api/attachment/v1/AttachmentTarget$OnAttachedSet;Ljava/lang/Object;Ljava/lang/Object;)V to md93b9f9$fabric-data-attachment-api-v1$lambda$onAttachedSet$0$3 in fabric-data-attachment-api-v1.mixins.json:AttachmentTargetsMixin from mod fabric-data-attachment-api-v1
[10:06:26] [main/DEBUG] (FabricLoader/Mixin) Mixing EntityMixin from fabric-data-attachment-api-v1.mixins.json into net.minecraft.entity.Entity
[10:06:26] [main/DEBUG] (FabricLoader/Mixin) Renaming synthetic method lambda$fabric_syncChange$0(Lnet/fabricmc/fabric/api/attachment/v1/AttachmentSyncPredicate;Lnet/fabricmc/fabric/impl/attachment/sync/AttachmentChange;Lnet/minecraft/server/network/ServerPlayerEntity;)V to md93b9f9$fabric-data-attachment-api-v1$lambda$fabric_syncChange$0$4 in fabric-data-attachment-api-v1.mixins.json:EntityMixin from mod fabric-data-attachment-api-v1
[10:06:26] [main/DEBUG] (FabricLoader/Mixin) fabric-data-attachment-api-v1.mixins.json:EntityMixin from mod fabric-data-attachment-api-v1->@Inject::readEntityAttachments(Lnet/minecraft/storage/ReadView;Lorg/spongepowered/asm/mixin/injection/callback/CallbackInfo;)V doesn't use it's CallbackInfo
[10:06:26] [main/DEBUG] (FabricLoader/Mixin) fabric-data-attachment-api-v1.mixins.json:EntityMixin from mod fabric-data-attachment-api-v1->@Inject::readEntityAttachments(Lnet/minecraft/storage/ReadView;Lorg/spongepowered/asm/mixin/injection/callback/CallbackInfo;)V has 0 override(s) in child classes
[10:06:26] [main/DEBUG] (FabricLoader/Mixin) fabric-data-attachment-api-v1.mixins.json:EntityMixin from mod fabric-data-attachment-api-v1->@Inject::readEntityAttachments(Lnet/minecraft/storage/ReadView;Lorg/spongepowered/asm/mixin/injection/callback/CallbackInfo;)V won't be passed a CallbackInfo as a result
[10:06:26] [main/DEBUG] (FabricLoader/Mixin) fabric-data-attachment-api-v1.mixins.json:EntityMixin from mod fabric-data-attachment-api-v1->@Inject::writeEntityAttachments(Lnet/minecraft/storage/WriteView;Lorg/spongepowered/asm/mixin/injection/callback/CallbackInfo;)V doesn't use it's CallbackInfo
[10:06:26] [main/DEBUG] (FabricLoader/Mixin) fabric-data-attachment-api-v1.mixins.json:EntityMixin from mod fabric-data-attachment-api-v1->@Inject::writeEntityAttachments(Lnet/minecraft/storage/WriteView;Lorg/spongepowered/asm/mixin/injection/callback/CallbackInfo;)V has 0 override(s) in child classes
[10:06:26] [main/DEBUG] (FabricLoader/Mixin) fabric-data-attachment-api-v1.mixins.json:EntityMixin from mod fabric-data-attachment-api-v1->@Inject::writeEntityAttachments(Lnet/minecraft/storage/WriteView;Lorg/spongepowered/asm/mixin/injection/callback/CallbackInfo;)V won't be passed a CallbackInfo as a result
[10:06:26] [main/DEBUG] (FabricLoader/Mixin) Mixing player.PlayerEntityMixin from player_level_skills.mixins.json into net.minecraft.entity.player.PlayerEntity
[10:06:26] [main/DEBUG] (FabricLoader/Mixin) Mixing PlayerMixin from fabric-entity-events-v1.mixins.json into net.minecraft.entity.player.PlayerEntity
[10:06:26] [main/DEBUG] (FabricLoader/Mixin) player_level_skills.mixins.json:player.PlayerEntityMixin from mod player_level_skills->@Inject::readCustomData(Lnet/minecraft/storage/ReadView;Lorg/spongepowered/asm/mixin/injection/callback/CallbackInfo;)V doesn't use it's CallbackInfo
[10:06:26] [main/DEBUG] (FabricLoader/Mixin) player_level_skills.mixins.json:player.PlayerEntityMixin from mod player_level_skills->@Inject::readCustomData(Lnet/minecraft/storage/ReadView;Lorg/spongepowered/asm/mixin/injection/callback/CallbackInfo;)V has 0 override(s) in child classes
[10:06:26] [main/DEBUG] (FabricLoader/Mixin) player_level_skills.mixins.json:player.PlayerEntityMixin from mod player_level_skills->@Inject::readCustomData(Lnet/minecraft/storage/ReadView;Lorg/spongepowered/asm/mixin/injection/callback/CallbackInfo;)V won't be passed a CallbackInfo as a result
[10:06:26] [main/DEBUG] (FabricLoader/Mixin) player_level_skills.mixins.json:player.PlayerEntityMixin from mod player_level_skills->@Inject::writeCustomData(Lnet/minecraft/storage/WriteView;Lorg/spongepowered/asm/mixin/injection/callback/CallbackInfo;)V doesn't use it's CallbackInfo
[10:06:26] [main/DEBUG] (FabricLoader/Mixin) player_level_skills.mixins.json:player.PlayerEntityMixin from mod player_level_skills->@Inject::writeCustomData(Lnet/minecraft/storage/WriteView;Lorg/spongepowered/asm/mixin/injection/callback/CallbackInfo;)V has 0 override(s) in child classes
[10:06:26] [main/DEBUG] (FabricLoader/Mixin) player_level_skills.mixins.json:player.PlayerEntityMixin from mod player_level_skills->@Inject::writeCustomData(Lnet/minecraft/storage/WriteView;Lorg/spongepowered/asm/mixin/injection/callback/CallbackInfo;)V won't be passed a CallbackInfo as a result
[10:06:26] [main/DEBUG] (FabricLoader/Mixin) player_level_skills.mixins.json:player.PlayerEntityMixin from mod player_level_skills->@Inject::player_level_skills$captureAttacker(Lnet/minecraft/entity/Entity;Lorg/spongepowered/asm/mixin/injection/callback/CallbackInfo;)V doesn't use it's CallbackInfo
[10:06:26] [main/DEBUG] (FabricLoader/Mixin) player_level_skills.mixins.json:player.PlayerEntityMixin from mod player_level_skills->@Inject::player_level_skills$captureAttacker(Lnet/minecraft/entity/Entity;Lorg/spongepowered/asm/mixin/injection/callback/CallbackInfo;)V has 0 override(s) in child classes
[10:06:26] [main/DEBUG] (FabricLoader/Mixin) player_level_skills.mixins.json:player.PlayerEntityMixin from mod player_level_skills->@Inject::player_level_skills$captureAttacker(Lnet/minecraft/entity/Entity;Lorg/spongepowered/asm/mixin/injection/callback/CallbackInfo;)V won't be passed a CallbackInfo as a result
[10:06:26] [main/DEBUG] (FabricLoader/Mixin) player_level_skills.mixins.json:player.PlayerEntityMixin from mod player_level_skills->@Inject::player_level_skills$releaseAttacker(Lnet/minecraft/entity/Entity;Lorg/spongepowered/asm/mixin/injection/callback/CallbackInfo;)V doesn't use it's CallbackInfo
[10:06:26] [main/DEBUG] (FabricLoader/Mixin) player_level_skills.mixins.json:player.PlayerEntityMixin from mod player_level_skills->@Inject::player_level_skills$releaseAttacker(Lnet/minecraft/entity/Entity;Lorg/spongepowered/asm/mixin/injection/callback/CallbackInfo;)V has 0 override(s) in child classes
[10:06:26] [main/DEBUG] (FabricLoader/Mixin) player_level_skills.mixins.json:player.PlayerEntityMixin from mod player_level_skills->@Inject::player_level_skills$releaseAttacker(Lnet/minecraft/entity/Entity;Lorg/spongepowered/asm/mixin/injection/callback/CallbackInfo;)V won't be passed a CallbackInfo as a result
[10:06:26] [main/DEBUG] (FabricLoader/Mixin) player_level_skills.mixins.json:player.PlayerEntityMixin from mod player_level_skills->@Inject::damageMixin(Lnet/minecraft/server/world/ServerWorld;Lnet/minecraft/entity/damage/DamageSource;FLorg/spongepowered/asm/mixin/injection/callback/CallbackInfoReturnable;)V does use it's CallbackInfoReturnable
[10:06:26] [main/DEBUG] (FabricLoader/Mixin) fabric-entity-events-v1.mixins.json:PlayerMixin from mod fabric-entity-events-v1->@Inject::onTrySleep(Lnet/minecraft/util/math/BlockPos;Lorg/spongepowered/asm/mixin/injection/callback/CallbackInfoReturnable;)V does use it's CallbackInfoReturnable
[10:06:26] [main/DEBUG] (FabricLoader/Mixin) fabric-entity-events-v1.mixins.json:PlayerMixin from mod fabric-entity-events-v1->@Inject::onIsSleepingLongEnough(Lorg/spongepowered/asm/mixin/injection/callback/CallbackInfoReturnable;)V does use it's CallbackInfoReturnable
[10:06:26] [main/DEBUG] (FabricLoader/Mixin) Mixing player.PlayerEntityAccessor from player_level_skills.mixins.json into net.minecraft.entity.PlayerLikeEntity
[10:06:26] [main/DEBUG] (FabricLoader/Mixin) Renaming @Accessor method getPLAYER_MODEL_PARTS()Lnet/minecraft/entity/data/TrackedData; to getPLAYER_MODEL_PARTS$player_level_skills_$md$93b9f9$0 in player_level_skills.mixins.json:player.PlayerEntityAccessor from mod player_level_skills
[10:06:26] [main/DEBUG] (FabricLoader/Mixin) Mixing LivingEntityMixin from fabric-item-api-v1.mixins.json into net.minecraft.entity.LivingEntity
[10:06:26] [main/DEBUG] (FabricLoader/Mixin) Mixing compat.TieredCompatMixin from player_level_skills.mixins.json into net.minecraft.entity.LivingEntity
[10:06:26] [main/DEBUG] (FabricLoader/Mixin) Mixing entity.LivingEntityMixin from player_level_skills.mixins.json into net.minecraft.entity.LivingEntity
[10:06:26] [main/DEBUG] (FabricLoader/Mixin) Mixing LivingEntityMixin from fabric-lifecycle-events-v1.mixins.json into net.minecraft.entity.LivingEntity
[10:06:26] [main/DEBUG] (FabricLoader/Mixin) Mixing LivingEntityMixin from fabric-entity-events-v1.mixins.json into net.minecraft.entity.LivingEntity
[10:06:26] [main/DEBUG] (FabricLoader/Mixin) Mixing effect.LivingEntityMixin from fabric-entity-events-v1.mixins.json into net.minecraft.entity.LivingEntity
[10:06:26] [main/DEBUG] (FabricLoader/Mixin) Mixing elytra.LivingEntityMixin from fabric-entity-events-v1.mixins.json into net.minecraft.entity.LivingEntity
[10:06:26] [main/DEBUG] (FabricLoader/Mixin) Mixing LivingEntityMixin from fabric-block-api-v1.mixins.json into net.minecraft.entity.LivingEntity
[10:06:26] [main/DEBUG] (FabricLoader/Mixin) Mixing LivingEntityMixin from fabric-particles-v1.mixins.json into net.minecraft.entity.LivingEntity
[10:06:26] [main/DEBUG] (FabricLoader/Mixin) fabric-item-api-v1.mixins.json:LivingEntityMixin from mod fabric-item-api-v1->@Inject::onGetPreferredEquipmentSlot(Lnet/minecraft/item/ItemStack;Lorg/spongepowered/asm/mixin/injection/callback/CallbackInfoReturnable;)V does use it's CallbackInfoReturnable
[10:06:26] [main/DEBUG] (FabricLoader/Mixin) player_level_skills.mixins.json:entity.LivingEntityMixin from mod player_level_skills->@Inject::tryUseTotemMixin(Lnet/minecraft/entity/damage/DamageSource;Lorg/spongepowered/asm/mixin/injection/callback/CallbackInfoReturnable;)V does use it's CallbackInfoReturnable
[10:06:26] [main/DEBUG] (FabricLoader/Mixin) player_level_skills.mixins.json:entity.LivingEntityMixin from mod player_level_skills->@Inject::dropMixin(Lnet/minecraft/server/world/ServerWorld;Lnet/minecraft/entity/damage/DamageSource;Lorg/spongepowered/asm/mixin/injection/callback/CallbackInfo;)V does use it's CallbackInfo
[10:06:26] [main/DEBUG] (FabricLoader/Mixin) player_level_skills.mixins.json:entity.LivingEntityMixin from mod player_level_skills->@Inject::onDeathMixin(Lnet/minecraft/entity/damage/DamageSource;Lorg/spongepowered/asm/mixin/injection/callback/CallbackInfo;)V doesn't use it's CallbackInfo
[10:06:26] [main/DEBUG] (FabricLoader/Mixin) player_level_skills.mixins.json:entity.LivingEntityMixin from mod player_level_skills->@Inject::onDeathMixin(Lnet/minecraft/entity/damage/DamageSource;Lorg/spongepowered/asm/mixin/injection/callback/CallbackInfo;)V has 0 override(s) in child classes
[10:06:26] [main/DEBUG] (FabricLoader/Mixin) player_level_skills.mixins.json:entity.LivingEntityMixin from mod player_level_skills->@Inject::onDeathMixin(Lnet/minecraft/entity/damage/DamageSource;Lorg/spongepowered/asm/mixin/injection/callback/CallbackInfo;)V won't be passed a CallbackInfo as a result
[10:06:26] [main/DEBUG] (FabricLoader/Mixin) player_level_skills.mixins.json:entity.LivingEntityMixin from mod player_level_skills->@Inject::dropXpMixin(Lnet/minecraft/server/world/ServerWorld;Lnet/minecraft/entity/Entity;Lorg/spongepowered/asm/mixin/injection/callback/CallbackInfo;)V doesn't use it's CallbackInfo
[10:06:26] [main/DEBUG] (FabricLoader/Mixin) player_level_skills.mixins.json:entity.LivingEntityMixin from mod player_level_skills->@Inject::dropXpMixin(Lnet/minecraft/server/world/ServerWorld;Lnet/minecraft/entity/Entity;Lorg/spongepowered/asm/mixin/injection/callback/CallbackInfo;)V has 0 override(s) in child classes
[10:06:26] [main/DEBUG] (FabricLoader/Mixin) player_level_skills.mixins.json:entity.LivingEntityMixin from mod player_level_skills->@Inject::dropXpMixin(Lnet/minecraft/server/world/ServerWorld;Lnet/minecraft/entity/Entity;Lorg/spongepowered/asm/mixin/injection/callback/CallbackInfo;)V won't be passed a CallbackInfo as a result
[10:06:26] [main/DEBUG] (FabricLoader/Mixin) fabric-lifecycle-events-v1.mixins.json:LivingEntityMixin from mod fabric-lifecycle-events-v1->@Inject::getEquipmentChanges(Lorg/spongepowered/asm/mixin/injection/callback/CallbackInfoReturnable;)V doesn't use it's CallbackInfoReturnable
[10:06:26] [main/DEBUG] (FabricLoader/Mixin) fabric-lifecycle-events-v1.mixins.json:LivingEntityMixin from mod fabric-lifecycle-events-v1->@Inject::getEquipmentChanges(Lorg/spongepowered/asm/mixin/injection/callback/CallbackInfoReturnable;)V has 0 override(s) in child classes
[10:06:26] [main/DEBUG] (FabricLoader/Mixin) fabric-lifecycle-events-v1.mixins.json:LivingEntityMixin from mod fabric-lifecycle-events-v1->@Inject::getEquipmentChanges(Lorg/spongepowered/asm/mixin/injection/callback/CallbackInfoReturnable;)V won't be passed a CallbackInfoReturnable as a result
[10:06:26] [main/DEBUG] (FabricLoader/Mixin) fabric-entity-events-v1.mixins.json:LivingEntityMixin from mod fabric-entity-events-v1->@Inject::notifyDeath(Lnet/minecraft/entity/damage/DamageSource;Lorg/spongepowered/asm/mixin/injection/callback/CallbackInfo;)V doesn't use it's CallbackInfo
[10:06:26] [main/DEBUG] (FabricLoader/Mixin) fabric-entity-events-v1.mixins.json:LivingEntityMixin from mod fabric-entity-events-v1->@Inject::notifyDeath(Lnet/minecraft/entity/damage/DamageSource;Lorg/spongepowered/asm/mixin/injection/callback/CallbackInfo;)V has 0 override(s) in child classes
[10:06:26] [main/DEBUG] (FabricLoader/Mixin) fabric-entity-events-v1.mixins.json:LivingEntityMixin from mod fabric-entity-events-v1->@Inject::notifyDeath(Lnet/minecraft/entity/damage/DamageSource;Lorg/spongepowered/asm/mixin/injection/callback/CallbackInfo;)V won't be passed a CallbackInfo as a result
[10:06:26] [main/DEBUG] (FabricLoader/Mixin) fabric-entity-events-v1.mixins.json:LivingEntityMixin from mod fabric-entity-events-v1->@Inject::beforeDamage(Lnet/minecraft/server/world/ServerWorld;Lnet/minecraft/entity/damage/DamageSource;FLorg/spongepowered/asm/mixin/injection/callback/CallbackInfoReturnable;)V does use it's CallbackInfoReturnable
[10:06:26] [main/DEBUG] (FabricLoader/Mixin) fabric-entity-events-v1.mixins.json:LivingEntityMixin from mod fabric-entity-events-v1->@Inject::afterDamage(Lnet/minecraft/server/world/ServerWorld;Lnet/minecraft/entity/damage/DamageSource;FLorg/spongepowered/asm/mixin/injection/callback/CallbackInfoReturnable;)V doesn't use it's CallbackInfoReturnable
[10:06:26] [main/DEBUG] (FabricLoader/Mixin) fabric-entity-events-v1.mixins.json:LivingEntityMixin from mod fabric-entity-events-v1->@Inject::afterDamage(Lnet/minecraft/server/world/ServerWorld;Lnet/minecraft/entity/damage/DamageSource;FLorg/spongepowered/asm/mixin/injection/callback/CallbackInfoReturnable;)V has 0 override(s) in child classes
[10:06:26] [main/DEBUG] (FabricLoader/Mixin) fabric-entity-events-v1.mixins.json:LivingEntityMixin from mod fabric-entity-events-v1->@Inject::afterDamage(Lnet/minecraft/server/world/ServerWorld;Lnet/minecraft/entity/damage/DamageSource;FLorg/spongepowered/asm/mixin/injection/callback/CallbackInfoReturnable;)V won't be passed a CallbackInfoReturnable as a result
[10:06:26] [main/DEBUG] (FabricLoader/Mixin) fabric-entity-events-v1.mixins.json:LivingEntityMixin from mod fabric-entity-events-v1->@Inject::onSleep(Lnet/minecraft/util/math/BlockPos;Lorg/spongepowered/asm/mixin/injection/callback/CallbackInfo;)V doesn't use it's CallbackInfo
[10:06:26] [main/DEBUG] (FabricLoader/Mixin) fabric-entity-events-v1.mixins.json:LivingEntityMixin from mod fabric-entity-events-v1->@Inject::onSleep(Lnet/minecraft/util/math/BlockPos;Lorg/spongepowered/asm/mixin/injection/callback/CallbackInfo;)V has 0 override(s) in child classes
[10:06:26] [main/DEBUG] (FabricLoader/Mixin) fabric-entity-events-v1.mixins.json:LivingEntityMixin from mod fabric-entity-events-v1->@Inject::onSleep(Lnet/minecraft/util/math/BlockPos;Lorg/spongepowered/asm/mixin/injection/callback/CallbackInfo;)V won't be passed a CallbackInfo as a result
[10:06:26] [main/DEBUG] (FabricLoader/Mixin) fabric-entity-events-v1.mixins.json:LivingEntityMixin from mod fabric-entity-events-v1->@Inject::onWakeUp(Lorg/spongepowered/asm/mixin/injection/callback/CallbackInfo;)V doesn't use it's CallbackInfo
[10:06:26] [main/DEBUG] (FabricLoader/Mixin) fabric-entity-events-v1.mixins.json:LivingEntityMixin from mod fabric-entity-events-v1->@Inject::onWakeUp(Lorg/spongepowered/asm/mixin/injection/callback/CallbackInfo;)V has 0 override(s) in child classes
[10:06:26] [main/DEBUG] (FabricLoader/Mixin) fabric-entity-events-v1.mixins.json:LivingEntityMixin from mod fabric-entity-events-v1->@Inject::onWakeUp(Lorg/spongepowered/asm/mixin/injection/callback/CallbackInfo;)V won't be passed a CallbackInfo as a result
[10:06:26] [main/DEBUG] (FabricLoader/Mixin) fabric-entity-events-v1.mixins.json:LivingEntityMixin from mod fabric-entity-events-v1->@Inject::onIsSleepingInBed(Lnet/minecraft/util/math/BlockPos;Lorg/spongepowered/asm/mixin/injection/callback/CallbackInfoReturnable;)V does use it's CallbackInfoReturnable
[10:06:26] [main/DEBUG] (FabricLoader/Mixin) fabric-entity-events-v1.mixins.json:effect.LivingEntityMixin from mod fabric-entity-events-v1->@Inject::beforeAddEffect(Lnet/minecraft/entity/effect/StatusEffectInstance;Lnet/minecraft/entity/Entity;Lorg/spongepowered/asm/mixin/injection/callback/CallbackInfoReturnable;)V doesn't use it's CallbackInfoReturnable
[10:06:26] [main/DEBUG] (FabricLoader/Mixin) fabric-entity-events-v1.mixins.json:effect.LivingEntityMixin from mod fabric-entity-events-v1->@Inject::beforeAddEffect(Lnet/minecraft/entity/effect/StatusEffectInstance;Lnet/minecraft/entity/Entity;Lorg/spongepowered/asm/mixin/injection/callback/CallbackInfoReturnable;)V has 0 override(s) in child classes
[10:06:26] [main/DEBUG] (FabricLoader/Mixin) fabric-entity-events-v1.mixins.json:effect.LivingEntityMixin from mod fabric-entity-events-v1->@Inject::beforeAddEffect(Lnet/minecraft/entity/effect/StatusEffectInstance;Lnet/minecraft/entity/Entity;Lorg/spongepowered/asm/mixin/injection/callback/CallbackInfoReturnable;)V won't be passed a CallbackInfoReturnable as a result
[10:06:26] [main/DEBUG] (FabricLoader/Mixin) fabric-entity-events-v1.mixins.json:effect.LivingEntityMixin from mod fabric-entity-events-v1->@Inject::beforeForceAddEffect(Lnet/minecraft/entity/effect/StatusEffectInstance;Lnet/minecraft/entity/Entity;Lorg/spongepowered/asm/mixin/injection/callback/CallbackInfo;)V doesn't use it's CallbackInfo
[10:06:26] [main/DEBUG] (FabricLoader/Mixin) fabric-entity-events-v1.mixins.json:effect.LivingEntityMixin from mod fabric-entity-events-v1->@Inject::beforeForceAddEffect(Lnet/minecraft/entity/effect/StatusEffectInstance;Lnet/minecraft/entity/Entity;Lorg/spongepowered/asm/mixin/injection/callback/CallbackInfo;)V has 0 override(s) in child classes
[10:06:26] [main/DEBUG] (FabricLoader/Mixin) fabric-entity-events-v1.mixins.json:effect.LivingEntityMixin from mod fabric-entity-events-v1->@Inject::beforeForceAddEffect(Lnet/minecraft/entity/effect/StatusEffectInstance;Lnet/minecraft/entity/Entity;Lorg/spongepowered/asm/mixin/injection/callback/CallbackInfo;)V won't be passed a CallbackInfo as a result
[10:06:26] [main/DEBUG] (FabricLoader/Mixin) fabric-entity-events-v1.mixins.json:effect.LivingEntityMixin from mod fabric-entity-events-v1->@Inject::afterAddEffect(Lnet/minecraft/entity/effect/StatusEffectInstance;Lnet/minecraft/entity/Entity;Lorg/spongepowered/asm/mixin/injection/callback/CallbackInfo;)V doesn't use it's CallbackInfo
[10:06:26] [main/DEBUG] (FabricLoader/Mixin) fabric-entity-events-v1.mixins.json:effect.LivingEntityMixin from mod fabric-entity-events-v1->@Inject::afterAddEffect(Lnet/minecraft/entity/effect/StatusEffectInstance;Lnet/minecraft/entity/Entity;Lorg/spongepowered/asm/mixin/injection/callback/CallbackInfo;)V has 0 override(s) in child classes
[10:06:26] [main/DEBUG] (FabricLoader/Mixin) fabric-entity-events-v1.mixins.json:effect.LivingEntityMixin from mod fabric-entity-events-v1->@Inject::afterAddEffect(Lnet/minecraft/entity/effect/StatusEffectInstance;Lnet/minecraft/entity/Entity;Lorg/spongepowered/asm/mixin/injection/callback/CallbackInfo;)V won't be passed a CallbackInfo as a result
[10:06:26] [main/DEBUG] (FabricLoader/Mixin) fabric-entity-events-v1.mixins.json:effect.LivingEntityMixin from mod fabric-entity-events-v1->@Inject::beforeRemoveEffect(Lnet/minecraft/registry/entry/RegistryEntry;Lorg/spongepowered/asm/mixin/injection/callback/CallbackInfoReturnable;)V doesn't use it's CallbackInfoReturnable
[10:06:26] [main/DEBUG] (FabricLoader/Mixin) fabric-entity-events-v1.mixins.json:effect.LivingEntityMixin from mod fabric-entity-events-v1->@Inject::beforeRemoveEffect(Lnet/minecraft/registry/entry/RegistryEntry;Lorg/spongepowered/asm/mixin/injection/callback/CallbackInfoReturnable;)V has 0 override(s) in child classes
[10:06:26] [main/DEBUG] (FabricLoader/Mixin) fabric-entity-events-v1.mixins.json:effect.LivingEntityMixin from mod fabric-entity-events-v1->@Inject::beforeRemoveEffect(Lnet/minecraft/registry/entry/RegistryEntry;Lorg/spongepowered/asm/mixin/injection/callback/CallbackInfoReturnable;)V won't be passed a CallbackInfoReturnable as a result
[10:06:26] [main/DEBUG] (FabricLoader/Mixin) fabric-entity-events-v1.mixins.json:effect.LivingEntityMixin from mod fabric-entity-events-v1->@Inject::beforeExpireRemoveEffect(Lorg/spongepowered/asm/mixin/injection/callback/CallbackInfo;)V doesn't use it's CallbackInfo
[10:06:26] [main/DEBUG] (FabricLoader/Mixin) fabric-entity-events-v1.mixins.json:effect.LivingEntityMixin from mod fabric-entity-events-v1->@Inject::beforeExpireRemoveEffect(Lorg/spongepowered/asm/mixin/injection/callback/CallbackInfo;)V has 0 override(s) in child classes
[10:06:26] [main/DEBUG] (FabricLoader/Mixin) fabric-entity-events-v1.mixins.json:effect.LivingEntityMixin from mod fabric-entity-events-v1->@Inject::beforeExpireRemoveEffect(Lorg/spongepowered/asm/mixin/injection/callback/CallbackInfo;)V won't be passed a CallbackInfo as a result
[10:06:26] [main/DEBUG] (FabricLoader/Mixin) fabric-entity-events-v1.mixins.json:effect.LivingEntityMixin from mod fabric-entity-events-v1->@Inject::beforeRemoveAllEffects(Lorg/spongepowered/asm/mixin/injection/callback/CallbackInfoReturnable;)V doesn't use it's CallbackInfoReturnable
[10:06:26] [main/DEBUG] (FabricLoader/Mixin) fabric-entity-events-v1.mixins.json:effect.LivingEntityMixin from mod fabric-entity-events-v1->@Inject::beforeRemoveAllEffects(Lorg/spongepowered/asm/mixin/injection/callback/CallbackInfoReturnable;)V has 0 override(s) in child classes
[10:06:26] [main/DEBUG] (FabricLoader/Mixin) fabric-entity-events-v1.mixins.json:effect.LivingEntityMixin from mod fabric-entity-events-v1->@Inject::beforeRemoveAllEffects(Lorg/spongepowered/asm/mixin/injection/callback/CallbackInfoReturnable;)V won't be passed a CallbackInfoReturnable as a result
[10:06:26] [main/DEBUG] (FabricLoader/Mixin) fabric-entity-events-v1.mixins.json:effect.LivingEntityMixin from mod fabric-entity-events-v1->@Inject::afterRemoveEffect(Ljava/util/Collection;Lorg/spongepowered/asm/mixin/injection/callback/CallbackInfo;)V doesn't use it's CallbackInfo
[10:06:26] [main/DEBUG] (FabricLoader/Mixin) fabric-entity-events-v1.mixins.json:effect.LivingEntityMixin from mod fabric-entity-events-v1->@Inject::afterRemoveEffect(Ljava/util/Collection;Lorg/spongepowered/asm/mixin/injection/callback/CallbackInfo;)V has 0 override(s) in child classes
[10:06:26] [main/DEBUG] (FabricLoader/Mixin) fabric-entity-events-v1.mixins.json:effect.LivingEntityMixin from mod fabric-entity-events-v1->@Inject::afterRemoveEffect(Ljava/util/Collection;Lorg/spongepowered/asm/mixin/injection/callback/CallbackInfo;)V won't be passed a CallbackInfo as a result
[10:06:26] [main/DEBUG] (FabricLoader/Mixin) fabric-entity-events-v1.mixins.json:effect.LivingEntityMixin from mod fabric-entity-events-v1->@Inject::afterRemoveEffect(Ljava/util/Collection;Lorg/spongepowered/asm/mixin/injection/callback/CallbackInfo;)V doesn't use it's CallbackInfo
[10:06:26] [main/DEBUG] (FabricLoader/Mixin) fabric-entity-events-v1.mixins.json:effect.LivingEntityMixin from mod fabric-entity-events-v1->@Inject::afterRemoveEffect(Ljava/util/Collection;Lorg/spongepowered/asm/mixin/injection/callback/CallbackInfo;)V has 0 override(s) in child classes
[10:06:26] [main/DEBUG] (FabricLoader/Mixin) fabric-entity-events-v1.mixins.json:effect.LivingEntityMixin from mod fabric-entity-events-v1->@Inject::afterRemoveEffect(Ljava/util/Collection;Lorg/spongepowered/asm/mixin/injection/callback/CallbackInfo;)V won't be passed a CallbackInfo as a result
[10:06:26] [main/DEBUG] (FabricLoader/Mixin) fabric-entity-events-v1.mixins.json:elytra.LivingEntityMixin from mod fabric-entity-events-v1->@Inject::injectElytraTick(Lorg/spongepowered/asm/mixin/injection/callback/CallbackInfo;)V does use it's CallbackInfo
[10:06:26] [main/DEBUG] (FabricLoader/Mixin) fabric-entity-events-v1.mixins.json:elytra.LivingEntityMixin from mod fabric-entity-events-v1->@Inject::injectElytraCheck(Lorg/spongepowered/asm/mixin/injection/callback/CallbackInfoReturnable;)V does use it's CallbackInfoReturnable
[10:06:26] [main/DEBUG] (FabricLoader/Mixin) fabric-block-api-v1.mixins.json:LivingEntityMixin from mod fabric-block-api-v1->@Inject::allowTaggedBlocksForTrapdoorClimbing(Lnet/minecraft/util/math/BlockPos;Lnet/minecraft/block/BlockState;Lorg/spongepowered/asm/mixin/injection/callback/CallbackInfoReturnable;)V does use it's CallbackInfoReturnable
[10:06:26] [main/DEBUG] (FabricLoader/Mixin) Mixing BlockStateMixin from fabric-block-api-v1.mixins.json into net.minecraft.block.BlockState
[10:06:26] [main/DEBUG] (FabricLoader/Mixin) Mixing BlockBehaviourBlockStateBaseMixin from fabric-content-registries-v0.mixins.json into net.minecraft.block.AbstractBlock$AbstractBlockState
[10:06:26] [main/DEBUG] (FabricLoader/Mixin) Mixing BlockBehaviourBlockStateBaseMixin from fabric-events-interaction-v0.mixins.json into net.minecraft.block.AbstractBlock$AbstractBlockState
[10:06:26] [main/DEBUG] (FabricLoader/Mixin) fabric-events-interaction-v0.mixins.json:BlockBehaviourBlockStateBaseMixin from mod fabric-events-interaction-v0->@Inject::callUseItemOnEvent(Lnet/minecraft/item/ItemStack;Lnet/minecraft/world/World;Lnet/minecraft/entity/player/PlayerEntity;Lnet/minecraft/util/Hand;Lnet/minecraft/util/hit/BlockHitResult;Lorg/spongepowered/asm/mixin/injection/callback/CallbackInfoReturnable;)V does use it's CallbackInfoReturnable
[10:06:26] [main/DEBUG] (FabricLoader/Mixin) fabric-events-interaction-v0.mixins.json:BlockBehaviourBlockStateBaseMixin from mod fabric-events-interaction-v0->@Inject::callUseWithoutItemEvent(Lnet/minecraft/world/World;Lnet/minecraft/entity/player/PlayerEntity;Lnet/minecraft/util/hit/BlockHitResult;Lorg/spongepowered/asm/mixin/injection/callback/CallbackInfoReturnable;)V does use it's CallbackInfoReturnable
[10:06:26] [main/DEBUG] (FabricLoader/Mixin) Mixing LevelReaderMixin from fabric-block-view-api-v2.mixins.json into net.minecraft.world.WorldView
[10:06:26] [main/DEBUG] (FabricLoader/Mixin) Mixing LevelMixin from fabric-lifecycle-events-v1.mixins.json into net.minecraft.world.World
[10:06:26] [main/DEBUG] (FabricLoader/Mixin) Mixing AttachmentTargetsMixin from fabric-data-attachment-api-v1.mixins.json into net.minecraft.world.World
[10:06:26] [main/DEBUG] (FabricLoader/Mixin) Mixing LevelMixin from fabric-data-attachment-api-v1.mixins.json into net.minecraft.world.World
[10:06:26] [main/DEBUG] (FabricLoader/Mixin) Mixing ServerLevelMixin from fabric-lifecycle-events-v1.mixins.json into net.minecraft.server.world.ServerWorld
[10:06:26] [main/DEBUG] (FabricLoader/Mixin) Mixing ServerLevelMixin from fabric-api-lookup-api-v1.mixins.json into net.minecraft.server.world.ServerWorld
[10:06:26] [main/DEBUG] (FabricLoader/Mixin) Renaming synthetic method lambda$fabric_invalidateCache$5(Ljava/util/Map$Entry;)Z to md93b9f9$fabric-api-lookup-api-v1$lambda$fabric_invalidateCache$5$0 in fabric-api-lookup-api-v1.mixins.json:ServerLevelMixin from mod fabric-api-lookup-api-v1
[10:06:26] [main/DEBUG] (FabricLoader/Mixin) Renaming synthetic method lambda$fabric_invalidateCache$4(Ljava/lang/ref/WeakReference;)Z to md93b9f9$fabric-api-lookup-api-v1$lambda$fabric_invalidateCache$4$1 in fabric-api-lookup-api-v1.mixins.json:ServerLevelMixin from mod fabric-api-lookup-api-v1
[10:06:26] [main/DEBUG] (FabricLoader/Mixin) Renaming synthetic method lambda$fabric_invalidateCache$3(Ljava/lang/ref/WeakReference;)V to md93b9f9$fabric-api-lookup-api-v1$lambda$fabric_invalidateCache$3$2 in fabric-api-lookup-api-v1.mixins.json:ServerLevelMixin from mod fabric-api-lookup-api-v1
[10:06:26] [main/DEBUG] (FabricLoader/Mixin) Renaming synthetic method lambda$fabric_invalidateCache$2(Ljava/lang/ref/WeakReference;)Z to md93b9f9$fabric-api-lookup-api-v1$lambda$fabric_invalidateCache$2$3 in fabric-api-lookup-api-v1.mixins.json:ServerLevelMixin from mod fabric-api-lookup-api-v1
[10:06:26] [main/DEBUG] (FabricLoader/Mixin) Renaming synthetic method lambda$fabric_registerCache$1(Ljava/lang/ref/WeakReference;)Z to md93b9f9$fabric-api-lookup-api-v1$lambda$fabric_registerCache$1$4 in fabric-api-lookup-api-v1.mixins.json:ServerLevelMixin from mod fabric-api-lookup-api-v1
[10:06:26] [main/DEBUG] (FabricLoader/Mixin) Renaming synthetic method lambda$fabric_registerCache$0(Lnet/minecraft/util/math/BlockPos;)Ljava/util/List; to md93b9f9$fabric-api-lookup-api-v1$lambda$fabric_registerCache$0$5 in fabric-api-lookup-api-v1.mixins.json:ServerLevelMixin from mod fabric-api-lookup-api-v1
[10:06:26] [main/DEBUG] (FabricLoader/Mixin) Mixing ServerLevelMixin from fabric-data-attachment-api-v1.mixins.json into net.minecraft.server.world.ServerWorld
[10:06:26] [main/DEBUG] (FabricLoader/Mixin) Discarding sythetic bridge method synthetic in getEnvironmentAttributes because existing method in fabric-data-attachment-api-v1.mixins.json:ServerLevelMixin from mod fabric-data-attachment-api-v1 is compatible
[10:06:26] [main/DEBUG] (FabricLoader/Mixin) Renaming synthetic method lambda$fabric_syncChange$1(Lnet/fabricmc/fabric/api/attachment/v1/AttachmentType;Lnet/fabricmc/fabric/impl/attachment/sync/AttachmentChange;Lnet/minecraft/server/network/ServerPlayerEntity;)V to md93b9f9$fabric-data-attachment-api-v1$lambda$fabric_syncChange$1$6 in fabric-data-attachment-api-v1.mixins.json:ServerLevelMixin from mod fabric-data-attachment-api-v1
[10:06:26] [main/DEBUG] (FabricLoader/Mixin) Renaming synthetic method lambda$createAttachmentsPersistentState$0(Lnet/minecraft/server/world/ServerWorld;)Lnet/fabricmc/fabric/impl/attachment/AttachmentPersistentState; to md93b9f9$fabric-data-attachment-api-v1$lambda$createAttachmentsPersistentState$0$7 in fabric-data-attachment-api-v1.mixins.json:ServerLevelMixin from mod fabric-data-attachment-api-v1
[10:06:26] [main/DEBUG] (FabricLoader/Mixin) fabric-lifecycle-events-v1.mixins.json:ServerLevelMixin from mod fabric-lifecycle-events-v1->@Inject::startWorldTick(Ljava/util/function/BooleanSupplier;Lorg/spongepowered/asm/mixin/injection/callback/CallbackInfo;)V doesn't use it's CallbackInfo
[10:06:26] [main/DEBUG] (FabricLoader/Mixin) fabric-lifecycle-events-v1.mixins.json:ServerLevelMixin from mod fabric-lifecycle-events-v1->@Inject::startWorldTick(Ljava/util/function/BooleanSupplier;Lorg/spongepowered/asm/mixin/injection/callback/CallbackInfo;)V has 0 override(s) in child classes
[10:06:26] [main/DEBUG] (FabricLoader/Mixin) fabric-lifecycle-events-v1.mixins.json:ServerLevelMixin from mod fabric-lifecycle-events-v1->@Inject::startWorldTick(Ljava/util/function/BooleanSupplier;Lorg/spongepowered/asm/mixin/injection/callback/CallbackInfo;)V won't be passed a CallbackInfo as a result
[10:06:26] [main/DEBUG] (FabricLoader/Mixin) fabric-lifecycle-events-v1.mixins.json:ServerLevelMixin from mod fabric-lifecycle-events-v1->@Inject::endWorldTick(Ljava/util/function/BooleanSupplier;Lorg/spongepowered/asm/mixin/injection/callback/CallbackInfo;)V doesn't use it's CallbackInfo
[10:06:26] [main/DEBUG] (FabricLoader/Mixin) fabric-lifecycle-events-v1.mixins.json:ServerLevelMixin from mod fabric-lifecycle-events-v1->@Inject::endWorldTick(Ljava/util/function/BooleanSupplier;Lorg/spongepowered/asm/mixin/injection/callback/CallbackInfo;)V has 0 override(s) in child classes
[10:06:26] [main/DEBUG] (FabricLoader/Mixin) fabric-lifecycle-events-v1.mixins.json:ServerLevelMixin from mod fabric-lifecycle-events-v1->@Inject::endWorldTick(Ljava/util/function/BooleanSupplier;Lorg/spongepowered/asm/mixin/injection/callback/CallbackInfo;)V won't be passed a CallbackInfo as a result
[10:06:26] [main/DEBUG] (FabricLoader/Mixin) fabric-data-attachment-api-v1.mixins.json:ServerLevelMixin from mod fabric-data-attachment-api-v1->@Inject::createAttachmentsPersistentState(Lorg/spongepowered/asm/mixin/injection/callback/CallbackInfo;)V doesn't use it's CallbackInfo
[10:06:26] [main/DEBUG] (FabricLoader/Mixin) fabric-data-attachment-api-v1.mixins.json:ServerLevelMixin from mod fabric-data-attachment-api-v1->@Inject::createAttachmentsPersistentState(Lorg/spongepowered/asm/mixin/injection/callback/CallbackInfo;)V has 0 override(s) in child classes
[10:06:26] [main/DEBUG] (FabricLoader/Mixin) fabric-data-attachment-api-v1.mixins.json:ServerLevelMixin from mod fabric-data-attachment-api-v1->@Inject::createAttachmentsPersistentState(Lorg/spongepowered/asm/mixin/injection/callback/CallbackInfo;)V won't be passed a CallbackInfo as a result
[10:06:26] [main/DEBUG] (FabricLoader/Mixin) Mixing IdMapperMixin from fabric-registry-sync-v0.mixins.json into net.minecraft.util.collection.IdList
[10:06:26] [main/DEBUG] (FabricLoader/Mixin) Renaming synthetic method lambda$fabric_remapIds$0(Lit/unimi/dsi/fastutil/ints/Int2IntMap;Ljava/lang/Object;Ljava/lang/Integer;)Ljava/lang/Integer; to md93b9f9$fabric-registry-sync-v0$lambda$fabric_remapIds$0$0 in fabric-registry-sync-v0.mixins.json:IdMapperMixin from mod fabric-registry-sync-v0
[10:06:26] [main/DEBUG] (FabricLoader/Mixin) Mixing RegistryFriendlyByteBufMixin from fabric-networking-api-v1.mixins.json into net.minecraft.network.RegistryByteBuf
[10:06:27] [main/DEBUG] (FabricLoader/Mixin) Mixing BlocksMixin from fabric-registry-sync-v0.mixins.json into net.minecraft.block.Blocks
[10:06:27] [main/DEBUG] (FabricLoader/Mixin) Renaming synthetic method lambda$initShapeCache$0(ILnet/minecraft/util/Identifier;Lnet/minecraft/block/Block;)V to md93b9f9$fabric-registry-sync-v0$lambda$initShapeCache$0$0 in fabric-registry-sync-v0.mixins.json:BlocksMixin from mod fabric-registry-sync-v0
[10:06:27] [main/DEBUG] (FabricLoader/Mixin) fabric-registry-sync-v0.mixins.json:BlocksMixin from mod fabric-registry-sync-v0->@Inject::initShapeCache(Lorg/spongepowered/asm/mixin/injection/callback/CallbackInfo;)V doesn't use it's CallbackInfo
[10:06:27] [main/DEBUG] (FabricLoader/Mixin) Mixing WeatheringCopperMixin from fabric-content-registries-v0.mixins.json into net.minecraft.block.Oxidizable
[10:06:27] [main/DEBUG] (FabricLoader/Mixin) fabric-content-registries-v0.mixins.json:WeatheringCopperMixin from mod fabric-content-registries-v0->@Inject::createOxidationLevelIncreasesMap(Lorg/spongepowered/asm/mixin/injection/callback/CallbackInfoReturnable;)V does use it's CallbackInfoReturnable
[10:06:27] [main/DEBUG] (FabricLoader/Mixin) Mixing block.PlantBlockMixin from player_level_skills.mixins.json into net.minecraft.block.PlantBlock
[10:06:27] [main/DEBUG] (FabricLoader/Mixin) Mixing EntityTypeMixin from fabric-object-builder-v1.mixins.json into net.minecraft.entity.EntityType
[10:06:27] [main/DEBUG] (FabricLoader/Mixin) fabric-object-builder-v1.mixins.json:EntityTypeMixin from mod fabric-object-builder-api-v1->@Inject::onAlwaysUpdateVelocity(Lorg/spongepowered/asm/mixin/injection/callback/CallbackInfoReturnable;)V does use it's CallbackInfoReturnable
[10:06:27] [main/DEBUG] (FabricLoader/Mixin) fabric-object-builder-v1.mixins.json:EntityTypeMixin from mod fabric-object-builder-api-v1->@Inject::onCanPotentiallyExecuteCommands(Lorg/spongepowered/asm/mixin/injection/callback/CallbackInfoReturnable;)V does use it's CallbackInfoReturnable
[10:06:27] [main/DEBUG] (FabricLoader/Mixin) Mixing FluidMixin from fabric-transfer-api-v1.mixins.json into net.minecraft.fluid.Fluid
[10:06:27] [main/DEBUG] (FabricLoader/Mixin) fabric-transfer-api-v1.mixins.json:FluidMixin from mod fabric-transfer-api-v1->@Inject::hookGetBucketFillSound(Lorg/spongepowered/asm/mixin/injection/callback/CallbackInfoReturnable;)V does use it's CallbackInfoReturnable
[10:06:27] [main/DEBUG] (FabricLoader/Mixin) Mixing DataComponentMapBuilderMixin from fabric-item-api-v1.mixins.json into net.minecraft.component.ComponentMap$Builder
[10:06:27] [main/DEBUG] (FabricLoader/Mixin) Mixing BlockEntityMixin from fabric-block-view-api-v2.mixins.json into net.minecraft.block.entity.BlockEntity
[10:06:27] [main/DEBUG] (FabricLoader/Mixin) Mixing AttachmentTargetsMixin from fabric-data-attachment-api-v1.mixins.json into net.minecraft.block.entity.BlockEntity
[10:06:27] [main/DEBUG] (FabricLoader/Mixin) Mixing BlockEntityMixin from fabric-data-attachment-api-v1.mixins.json into net.minecraft.block.entity.BlockEntity
[10:06:27] [main/DEBUG] (FabricLoader/Mixin) Renaming synthetic method lambda$fabric_syncChange$0(Lnet/fabricmc/fabric/api/attachment/v1/AttachmentType;Lnet/fabricmc/fabric/impl/attachment/sync/AttachmentChange;Lnet/minecraft/server/network/ServerPlayerEntity;)V to md93b9f9$fabric-data-attachment-api-v1$lambda$fabric_syncChange$0$0 in fabric-data-attachment-api-v1.mixins.json:BlockEntityMixin from mod fabric-data-attachment-api-v1
[10:06:27] [main/DEBUG] (FabricLoader/Mixin) fabric-data-attachment-api-v1.mixins.json:BlockEntityMixin from mod fabric-data-attachment-api-v1->@Inject::readBlockEntityAttachments(Lnet/minecraft/storage/ReadView;Lorg/spongepowered/asm/mixin/injection/callback/CallbackInfo;)V doesn't use it's CallbackInfo
[10:06:27] [main/DEBUG] (FabricLoader/Mixin) fabric-data-attachment-api-v1.mixins.json:BlockEntityMixin from mod fabric-data-attachment-api-v1->@Inject::readBlockEntityAttachments(Lnet/minecraft/storage/ReadView;Lorg/spongepowered/asm/mixin/injection/callback/CallbackInfo;)V has 0 override(s) in child classes
[10:06:27] [main/DEBUG] (FabricLoader/Mixin) fabric-data-attachment-api-v1.mixins.json:BlockEntityMixin from mod fabric-data-attachment-api-v1->@Inject::readBlockEntityAttachments(Lnet/minecraft/storage/ReadView;Lorg/spongepowered/asm/mixin/injection/callback/CallbackInfo;)V won't be passed a CallbackInfo as a result
[10:06:27] [main/DEBUG] (FabricLoader/Mixin) fabric-data-attachment-api-v1.mixins.json:BlockEntityMixin from mod fabric-data-attachment-api-v1->@Inject::writeBlockEntityAttachments(Lnet/minecraft/storage/WriteView;Lorg/spongepowered/asm/mixin/injection/callback/CallbackInfo;)V doesn't use it's CallbackInfo
[10:06:27] [main/DEBUG] (FabricLoader/Mixin) fabric-data-attachment-api-v1.mixins.json:BlockEntityMixin from mod fabric-data-attachment-api-v1->@Inject::writeBlockEntityAttachments(Lnet/minecraft/storage/WriteView;Lorg/spongepowered/asm/mixin/injection/callback/CallbackInfo;)V has 0 override(s) in child classes
[10:06:27] [main/DEBUG] (FabricLoader/Mixin) fabric-data-attachment-api-v1.mixins.json:BlockEntityMixin from mod fabric-data-attachment-api-v1->@Inject::writeBlockEntityAttachments(Lnet/minecraft/storage/WriteView;Lorg/spongepowered/asm/mixin/injection/callback/CallbackInfo;)V won't be passed a CallbackInfo as a result
[10:06:27] [main/DEBUG] (FabricLoader/Mixin) Mixing BlockParticleOptionMixin from fabric-particles-v1.mixins.json into net.minecraft.particle.BlockStateParticleEffect
[10:06:27] [main/DEBUG] (FabricLoader/Mixin) Mixing MenuProviderMixin from fabric-screen-handler-api-v1.mixins.json into net.minecraft.screen.NamedScreenHandlerFactory
[10:06:27] [main/DEBUG] (FabricLoader/Mixin) Mixing BaseContainerBlockEntityMixin from fabric-transfer-api-v1.mixins.json into net.minecraft.block.entity.LockableContainerBlockEntity
[10:06:27] [main/DEBUG] (FabricLoader/Mixin) Mixing DetectorRailBlockMixin from fabric-object-builder-v1.mixins.json into net.minecraft.block.DetectorRailBlock
[10:06:27] [main/DEBUG] (FabricLoader/Mixin) Renaming synthetic method lambda$getCustomComparatorOutput$0(Lnet/minecraft/entity/Entity;)Z to md93b9f9$fabric-object-builder-api-v1$lambda$getCustomComparatorOutput$0$0 in fabric-object-builder-v1.mixins.json:DetectorRailBlockMixin from mod fabric-object-builder-api-v1
[10:06:27] [main/DEBUG] (FabricLoader/Mixin) fabric-object-builder-v1.mixins.json:DetectorRailBlockMixin from mod fabric-object-builder-api-v1->@Inject::getCustomComparatorOutput(Lnet/minecraft/block/BlockState;Lnet/minecraft/world/World;Lnet/minecraft/util/math/BlockPos;Lnet/minecraft/util/math/Direction;Lorg/spongepowered/asm/mixin/injection/callback/CallbackInfoReturnable;)V does use it's CallbackInfoReturnable
[10:06:27] [main/DEBUG] (FabricLoader/Mixin) Mixing entity.MobEntityMixin from player_level_skills.mixins.json into net.minecraft.entity.mob.MobEntity
[10:06:27] [main/DEBUG] (FabricLoader/Mixin) Mixing MobMixin from fabric-entity-events-v1.mixins.json into net.minecraft.entity.mob.MobEntity
[10:06:27] [main/DEBUG] (FabricLoader/Mixin) player_level_skills.mixins.json:entity.MobEntityMixin from mod player_level_skills->@Inject::readCustomData(Lnet/minecraft/storage/ReadView;Lorg/spongepowered/asm/mixin/injection/callback/CallbackInfo;)V doesn't use it's CallbackInfo
[10:06:27] [main/DEBUG] (FabricLoader/Mixin) player_level_skills.mixins.json:entity.MobEntityMixin from mod player_level_skills->@Inject::readCustomData(Lnet/minecraft/storage/ReadView;Lorg/spongepowered/asm/mixin/injection/callback/CallbackInfo;)V has 0 override(s) in child classes
[10:06:27] [main/DEBUG] (FabricLoader/Mixin) player_level_skills.mixins.json:entity.MobEntityMixin from mod player_level_skills->@Inject::readCustomData(Lnet/minecraft/storage/ReadView;Lorg/spongepowered/asm/mixin/injection/callback/CallbackInfo;)V won't be passed a CallbackInfo as a result
[10:06:27] [main/DEBUG] (FabricLoader/Mixin) player_level_skills.mixins.json:entity.MobEntityMixin from mod player_level_skills->@Inject::writeCustomData(Lnet/minecraft/storage/WriteView;Lorg/spongepowered/asm/mixin/injection/callback/CallbackInfo;)V doesn't use it's CallbackInfo
[10:06:27] [main/DEBUG] (FabricLoader/Mixin) player_level_skills.mixins.json:entity.MobEntityMixin from mod player_level_skills->@Inject::writeCustomData(Lnet/minecraft/storage/WriteView;Lorg/spongepowered/asm/mixin/injection/callback/CallbackInfo;)V has 0 override(s) in child classes
[10:06:27] [main/DEBUG] (FabricLoader/Mixin) player_level_skills.mixins.json:entity.MobEntityMixin from mod player_level_skills->@Inject::writeCustomData(Lnet/minecraft/storage/WriteView;Lorg/spongepowered/asm/mixin/injection/callback/CallbackInfo;)V won't be passed a CallbackInfo as a result
[10:06:27] [main/DEBUG] (FabricLoader/Mixin) Mixing entity.TntEntityMixin from player_level_skills.mixins.json into net.minecraft.entity.TntEntity
[10:06:27] [main/DEBUG] (FabricLoader/Mixin) Mixing ChiseledBookShelfBlockEntityMixin from fabric-transfer-api-v1.mixins.json into net.minecraft.block.entity.ChiseledBookshelfBlockEntity
[10:06:27] [main/DEBUG] (FabricLoader/Mixin) fabric-transfer-api-v1.mixins.json:ChiseledBookShelfBlockEntityMixin from mod fabric-transfer-api-v1->@Inject::setStackBypass(ILnet/minecraft/item/ItemStack;Lorg/spongepowered/asm/mixin/injection/callback/CallbackInfo;)V does use it's CallbackInfo
[10:06:27] [main/DEBUG] (FabricLoader/Mixin) Mixing ListBackedContainerMixin from fabric-transfer-api-v1.mixins.json into net.minecraft.inventory.ListInventory
[10:06:27] [main/DEBUG] (FabricLoader/Mixin) Mixing ShelfBlockEntityMixin from fabric-transfer-api-v1.mixins.json into net.minecraft.block.entity.ShelfBlockEntity
[10:06:27] [main/DEBUG] (FabricLoader/Mixin) Mixing BlockEntityTypeMixin from fabric-object-builder-v1.mixins.json into net.minecraft.block.entity.BlockEntityType
[10:06:27] [main/DEBUG] (FabricLoader/Mixin) Mixing BlockEntityTypeAccessor from fabric-api-lookup-api-v1.mixins.json into net.minecraft.block.entity.BlockEntityType
[10:06:27] [main/DEBUG] (FabricLoader/Mixin) fabric-object-builder-v1.mixins.json:BlockEntityTypeMixin from mod fabric-object-builder-api-v1->@Inject::mutableBlocks(Lnet/minecraft/block/entity/BlockEntityType$BlockEntityFactory;Ljava/util/Set;Lorg/spongepowered/asm/mixin/injection/callback/CallbackInfo;)V doesn't use it's CallbackInfo
[10:06:27] [main/DEBUG] (FabricLoader/Mixin) fabric-object-builder-v1.mixins.json:BlockEntityTypeMixin from mod fabric-object-builder-api-v1->@Inject::mutableBlocks(Lnet/minecraft/block/entity/BlockEntityType$BlockEntityFactory;Ljava/util/Set;Lorg/spongepowered/asm/mixin/injection/callback/CallbackInfo;)V has 0 override(s) in child classes
[10:06:27] [main/DEBUG] (FabricLoader/Mixin) fabric-object-builder-v1.mixins.json:BlockEntityTypeMixin from mod fabric-object-builder-api-v1->@Inject::mutableBlocks(Lnet/minecraft/block/entity/BlockEntityType$BlockEntityFactory;Ljava/util/Set;Lorg/spongepowered/asm/mixin/injection/callback/CallbackInfo;)V won't be passed a CallbackInfo as a result
[10:06:27] [main/DEBUG] (FabricLoader/Mixin) Mixing misc.ScreenHandlerMixin from player_level_skills.mixins.json into net.minecraft.screen.ScreenHandler
[10:06:27] [main/DEBUG] (FabricLoader/Mixin) player_level_skills.mixins.json:misc.ScreenHandlerMixin from mod player_level_skills->@Inject::internalOnSlotClickMixin(IILnet/minecraft/screen/slot/SlotActionType;Lnet/minecraft/entity/player/PlayerEntity;Lorg/spongepowered/asm/mixin/injection/callback/CallbackInfo;)V does use it's CallbackInfo
[10:06:27] [main/DEBUG] (FabricLoader/Mixin) Mixing AbstractFurnaceBlockEntityMixin from fabric-item-api-v1.mixins.json into net.minecraft.block.entity.AbstractFurnaceBlockEntity
[10:06:27] [main/DEBUG] (FabricLoader/Mixin) Mixing AbstractFurnaceBlockEntityMixin from fabric-transfer-api-v1.mixins.json into net.minecraft.block.entity.AbstractFurnaceBlockEntity
[10:06:27] [main/DEBUG] (FabricLoader/Mixin) Mixing block.AbstractFurnaceBlockEntityMixin from player_level_skills.mixins.json into net.minecraft.block.entity.AbstractFurnaceBlockEntity
[10:06:27] [main/DEBUG] (FabricLoader/Mixin) fabric-item-api-v1.mixins.json:AbstractFurnaceBlockEntityMixin from mod fabric-item-api-v1->@Inject::getStackRemainder(Lnet/minecraft/server/world/ServerWorld;Lnet/minecraft/util/math/BlockPos;Lnet/minecraft/block/BlockState;Lnet/minecraft/block/entity/AbstractFurnaceBlockEntity;Lorg/spongepowered/asm/mixin/injection/callback/CallbackInfo;)V doesn't use it's CallbackInfo
[10:06:27] [main/DEBUG] (FabricLoader/Mixin) fabric-transfer-api-v1.mixins.json:AbstractFurnaceBlockEntityMixin from mod fabric-transfer-api-v1->@Inject::setStackSuppressUpdate(ILnet/minecraft/item/ItemStack;Lorg/spongepowered/asm/mixin/injection/callback/CallbackInfo;)V does use it's CallbackInfo
[10:06:27] [main/DEBUG] (FabricLoader/Mixin) player_level_skills.mixins.json:block.AbstractFurnaceBlockEntityMixin from mod player_level_skills->@Inject::dropExperienceForRecipesUsedMixin(Lnet/minecraft/server/network/ServerPlayerEntity;Lorg/spongepowered/asm/mixin/injection/callback/CallbackInfo;)V doesn't use it's CallbackInfo
[10:06:27] [main/DEBUG] (FabricLoader/Mixin) player_level_skills.mixins.json:block.AbstractFurnaceBlockEntityMixin from mod player_level_skills->@Inject::dropExperienceForRecipesUsedMixin(Lnet/minecraft/server/network/ServerPlayerEntity;Lorg/spongepowered/asm/mixin/injection/callback/CallbackInfo;)V has 0 override(s) in child classes
[10:06:27] [main/DEBUG] (FabricLoader/Mixin) player_level_skills.mixins.json:block.AbstractFurnaceBlockEntityMixin from mod player_level_skills->@Inject::dropExperienceForRecipesUsedMixin(Lnet/minecraft/server/network/ServerPlayerEntity;Lorg/spongepowered/asm/mixin/injection/callback/CallbackInfo;)V won't be passed a CallbackInfo as a result
[10:06:27] [main/DEBUG] (FabricLoader/Mixin) player_level_skills.mixins.json:block.AbstractFurnaceBlockEntityMixin from mod player_level_skills->@Inject::getRecipesUsedAndDropExperienceMixin(Lnet/minecraft/server/world/ServerWorld;Lnet/minecraft/util/math/Vec3d;Lorg/spongepowered/asm/mixin/injection/callback/CallbackInfoReturnable;)V does use it's CallbackInfoReturnable
[10:06:27] [main/DEBUG] (FabricLoader/Mixin) Mixing WoodTypeMixin from fabric-object-builder-v1.client.mixins.json into net.minecraft.block.WoodType
[10:06:27] [main/DEBUG] (FabricLoader/Mixin) fabric-object-builder-v1.client.mixins.json:WoodTypeMixin from mod fabric-object-builder-api-v1->@Inject::onReturnRegister(Lnet/minecraft/block/WoodType;Lorg/spongepowered/asm/mixin/injection/callback/CallbackInfoReturnable;)V doesn't use it's CallbackInfoReturnable
[10:06:27] [main/DEBUG] (FabricLoader/Mixin) Mixing item.PersistentProjectileEntityAccessor from player_level_skills.mixins.json into net.minecraft.entity.projectile.PersistentProjectileEntity
[10:06:27] [main/DEBUG] (FabricLoader/Mixin) Mixing JukeboxBlockEntityMixin from fabric-transfer-api-v1.mixins.json into net.minecraft.block.entity.JukeboxBlockEntity
[10:06:27] [main/DEBUG] (FabricLoader/Mixin) fabric-transfer-api-v1.mixins.json:JukeboxBlockEntityMixin from mod fabric-transfer-api-v1->@Inject::setStackBypass(Lnet/minecraft/item/ItemStack;Lorg/spongepowered/asm/mixin/injection/callback/CallbackInfo;)V does use it's CallbackInfo
[10:06:27] [main/DEBUG] (FabricLoader/Mixin) Mixing misc.EnchantmentScreenHandlerMixin from player_level_skills.mixins.json into net.minecraft.screen.EnchantmentScreenHandler
[10:06:27] [main/DEBUG] (FabricLoader/Mixin) player_level_skills.mixins.json:misc.EnchantmentScreenHandlerMixin from mod player_level_skills->@Inject::initMixin(ILnet/minecraft/entity/player/PlayerInventory;Lnet/minecraft/screen/ScreenHandlerContext;Lorg/spongepowered/asm/mixin/injection/callback/CallbackInfo;)V doesn't use it's CallbackInfo
[10:06:27] [main/DEBUG] (FabricLoader/Mixin) player_level_skills.mixins.json:misc.EnchantmentScreenHandlerMixin from mod player_level_skills->@Inject::initMixin(ILnet/minecraft/entity/player/PlayerInventory;Lnet/minecraft/screen/ScreenHandlerContext;Lorg/spongepowered/asm/mixin/injection/callback/CallbackInfo;)V has 0 override(s) in child classes
[10:06:27] [main/DEBUG] (FabricLoader/Mixin) player_level_skills.mixins.json:misc.EnchantmentScreenHandlerMixin from mod player_level_skills->@Inject::initMixin(ILnet/minecraft/entity/player/PlayerInventory;Lnet/minecraft/screen/ScreenHandlerContext;Lorg/spongepowered/asm/mixin/injection/callback/CallbackInfo;)V won't be passed a CallbackInfo as a result
[10:06:27] [main/DEBUG] (FabricLoader/Mixin) player_level_skills.mixins.json:misc.EnchantmentScreenHandlerMixin from mod player_level_skills->@Inject::initMixin(ILnet/minecraft/entity/player/PlayerInventory;Lorg/spongepowered/asm/mixin/injection/callback/CallbackInfo;)V doesn't use it's CallbackInfo
[10:06:27] [main/DEBUG] (FabricLoader/Mixin) player_level_skills.mixins.json:misc.EnchantmentScreenHandlerMixin from mod player_level_skills->@Inject::initMixin(ILnet/minecraft/entity/player/PlayerInventory;Lorg/spongepowered/asm/mixin/injection/callback/CallbackInfo;)V has 0 override(s) in child classes
[10:06:27] [main/DEBUG] (FabricLoader/Mixin) player_level_skills.mixins.json:misc.EnchantmentScreenHandlerMixin from mod player_level_skills->@Inject::initMixin(ILnet/minecraft/entity/player/PlayerInventory;Lorg/spongepowered/asm/mixin/injection/callback/CallbackInfo;)V won't be passed a CallbackInfo as a result
[10:06:27] [main/DEBUG] (FabricLoader/Mixin) player_level_skills.mixins.json:misc.EnchantmentScreenHandlerMixin from mod player_level_skills->@Inject::method_17411Mixin(Lnet/minecraft/item/ItemStack;Lnet/minecraft/world/World;Lnet/minecraft/util/math/BlockPos;Lorg/spongepowered/asm/mixin/injection/callback/CallbackInfo;)V doesn't use it's CallbackInfo
[10:06:27] [main/DEBUG] (FabricLoader/Mixin) player_level_skills.mixins.json:misc.EnchantmentScreenHandlerMixin from mod player_level_skills->@Inject::method_17411Mixin(Lnet/minecraft/item/ItemStack;Lnet/minecraft/world/World;Lnet/minecraft/util/math/BlockPos;Lorg/spongepowered/asm/mixin/injection/callback/CallbackInfo;)V has 0 override(s) in child classes
[10:06:27] [main/DEBUG] (FabricLoader/Mixin) player_level_skills.mixins.json:misc.EnchantmentScreenHandlerMixin from mod player_level_skills->@Inject::method_17411Mixin(Lnet/minecraft/item/ItemStack;Lnet/minecraft/world/World;Lnet/minecraft/util/math/BlockPos;Lorg/spongepowered/asm/mixin/injection/callback/CallbackInfo;)V won't be passed a CallbackInfo as a result
[10:06:27] [main/DEBUG] (FabricLoader/Mixin) Mixing BrewingStandBlockEntityMixin from fabric-item-api-v1.mixins.json into net.minecraft.block.entity.BrewingStandBlockEntity
[10:06:27] [main/DEBUG] (FabricLoader/Mixin) fabric-item-api-v1.mixins.json:BrewingStandBlockEntityMixin from mod fabric-item-api-v1->@Inject::captureItemStack(Lnet/minecraft/world/World;Lnet/minecraft/util/math/BlockPos;Lnet/minecraft/util/collection/DefaultedList;Lorg/spongepowered/asm/mixin/injection/callback/CallbackInfo;)V doesn't use it's CallbackInfo
[10:06:27] [main/DEBUG] (FabricLoader/Mixin) Mixing ItemStackMixin from fabric-item-api-v1.mixins.json into net.minecraft.item.ItemStack
[10:06:27] [main/DEBUG] (FabricLoader/Mixin) Renaming synthetic method lambda$hookDamage$0(Lorg/apache/commons/lang3/mutable/MutableBoolean;Ljava/util/function/Consumer;)V to md93b9f9$fabric-item-api-v1$lambda$hookDamage$0$0 in fabric-item-api-v1.mixins.json:ItemStackMixin from mod fabric-item-api-v1
[10:06:27] [main/DEBUG] (FabricLoader/Mixin) Mixing ItemStackMixin from fabric-item-api-v1.client.mixins.json into net.minecraft.item.ItemStack
[10:06:27] [main/DEBUG] (FabricLoader/Mixin) Mixing item.ItemStackServerMixin from player_level_skills.mixins.json into net.minecraft.item.ItemStack
[10:06:27] [main/DEBUG] (FabricLoader/Mixin) Mixing ItemStackMixin from fabric-events-interaction-v0.mixins.json into net.minecraft.item.ItemStack
[10:06:27] [main/DEBUG] (FabricLoader/Mixin) fabric-item-api-v1.mixins.json:ItemStackMixin from mod fabric-item-api-v1->@Inject::preAttributeModifiers(Lnet/minecraft/item/Item$TooltipContext;Lnet/minecraft/component/type/TooltipDisplayComponent;Lnet/minecraft/entity/player/PlayerEntity;Lnet/minecraft/item/tooltip/TooltipType;Ljava/util/function/Consumer;Lorg/spongepowered/asm/mixin/injection/callback/CallbackInfo;)V doesn't use it's CallbackInfo
[10:06:27] [main/DEBUG] (FabricLoader/Mixin) fabric-item-api-v1.mixins.json:ItemStackMixin from mod fabric-item-api-v1->@Inject::postTooltipsAdvanced(Lnet/minecraft/item/Item$TooltipContext;Lnet/minecraft/component/type/TooltipDisplayComponent;Lnet/minecraft/entity/player/PlayerEntity;Lnet/minecraft/item/tooltip/TooltipType;Ljava/util/function/Consumer;Lorg/spongepowered/asm/mixin/injection/callback/CallbackInfo;)V doesn't use it's CallbackInfo
[10:06:27] [main/DEBUG] (FabricLoader/Mixin) fabric-item-api-v1.client.mixins.json:ItemStackMixin from mod fabric-item-api-v1->@Inject::getTooltip(Lnet/minecraft/item/Item$TooltipContext;Lnet/minecraft/entity/player/PlayerEntity;Lnet/minecraft/item/tooltip/TooltipType;Lorg/spongepowered/asm/mixin/injection/callback/CallbackInfoReturnable;)V does use it's CallbackInfoReturnable
[10:06:27] [main/DEBUG] (FabricLoader/Mixin) player_level_skills.mixins.json:item.ItemStackServerMixin from mod player_level_skills->@Inject::damageMixin(ILnet/minecraft/server/world/ServerWorld;Lnet/minecraft/server/network/ServerPlayerEntity;Ljava/util/function/Consumer;Lorg/spongepowered/asm/mixin/injection/callback/CallbackInfo;)V does use it's CallbackInfo
[10:06:27] [main/DEBUG] (FabricLoader/Mixin) player_level_skills.mixins.json:item.ItemStackServerMixin from mod player_level_skills->@Inject::player_level_skills$captureUser(Lnet/minecraft/world/World;Lnet/minecraft/entity/LivingEntity;Lorg/spongepowered/asm/mixin/injection/callback/CallbackInfoReturnable;)V doesn't use it's CallbackInfoReturnable
[10:06:27] [main/DEBUG] (FabricLoader/Mixin) player_level_skills.mixins.json:item.ItemStackServerMixin from mod player_level_skills->@Inject::player_level_skills$clearUser(Lnet/minecraft/world/World;Lnet/minecraft/entity/LivingEntity;Lorg/spongepowered/asm/mixin/injection/callback/CallbackInfoReturnable;)V doesn't use it's CallbackInfoReturnable
[10:06:27] [main/DEBUG] (FabricLoader/Mixin) player_level_skills.mixins.json:item.ItemStackServerMixin from mod player_level_skills->@Inject::player_level_skills$restrictPotionUse(Lnet/minecraft/world/World;Lnet/minecraft/entity/player/PlayerEntity;Lnet/minecraft/util/Hand;Lorg/spongepowered/asm/mixin/injection/callback/CallbackInfoReturnable;)V does use it's CallbackInfoReturnable
[10:06:27] [main/DEBUG] (FabricLoader/Mixin) Mixing AnvilMenuMixin from fabric-item-api-v1.mixins.json into net.minecraft.screen.AnvilScreenHandler
[10:06:27] [main/DEBUG] (FabricLoader/Mixin) Mixing misc.AnvilScreenHandlerMixin from player_level_skills.mixins.json into net.minecraft.screen.AnvilScreenHandler
[10:06:27] [main/DEBUG] (FabricLoader/Mixin) player_level_skills.mixins.json:misc.AnvilScreenHandlerMixin from mod player_level_skills->@Inject::updateResultMixin(Lorg/spongepowered/asm/mixin/injection/callback/CallbackInfo;)V doesn't use it's CallbackInfo
[10:06:27] [main/DEBUG] (FabricLoader/Mixin) player_level_skills.mixins.json:misc.AnvilScreenHandlerMixin from mod player_level_skills->@Inject::updateResultMixin(Lorg/spongepowered/asm/mixin/injection/callback/CallbackInfo;)V has 0 override(s) in child classes
[10:06:27] [main/DEBUG] (FabricLoader/Mixin) player_level_skills.mixins.json:misc.AnvilScreenHandlerMixin from mod player_level_skills->@Inject::updateResultMixin(Lorg/spongepowered/asm/mixin/injection/callback/CallbackInfo;)V won't be passed a CallbackInfo as a result
[10:06:27] [main/DEBUG] (FabricLoader/Mixin) player_level_skills.mixins.json:misc.AnvilScreenHandlerMixin from mod player_level_skills->@Inject::onTakeOutputMixin(Lnet/minecraft/entity/player/PlayerEntity;Lnet/minecraft/item/ItemStack;Lorg/spongepowered/asm/mixin/injection/callback/CallbackInfo;)V doesn't use it's CallbackInfo
[10:06:27] [main/DEBUG] (FabricLoader/Mixin) player_level_skills.mixins.json:misc.AnvilScreenHandlerMixin from mod player_level_skills->@Inject::onTakeOutputMixin(Lnet/minecraft/entity/player/PlayerEntity;Lnet/minecraft/item/ItemStack;Lorg/spongepowered/asm/mixin/injection/callback/CallbackInfo;)V has 0 override(s) in child classes
[10:06:27] [main/DEBUG] (FabricLoader/Mixin) player_level_skills.mixins.json:misc.AnvilScreenHandlerMixin from mod player_level_skills->@Inject::onTakeOutputMixin(Lnet/minecraft/entity/player/PlayerEntity;Lnet/minecraft/item/ItemStack;Lorg/spongepowered/asm/mixin/injection/callback/CallbackInfo;)V won't be passed a CallbackInfo as a result
[10:06:27] [main/DEBUG] (FabricLoader/Mixin) player_level_skills.mixins.json:misc.AnvilScreenHandlerMixin from mod player_level_skills->@Inject::getLevelCostMixin(Lorg/spongepowered/asm/mixin/injection/callback/CallbackInfoReturnable;)V does use it's CallbackInfoReturnable
[10:06:28] [main/DEBUG] (FabricLoader/Mixin) Mixing HopperBlockEntityMixin from fabric-transfer-api-v1.mixins.json into net.minecraft.block.entity.HopperBlockEntity
[10:06:28] [main/DEBUG] (FabricLoader/Mixin) Renaming synthetic method lambda$hookExtract$1(Lnet/fabricmc/fabric/api/transfer/v1/item/ItemVariant;)Z to md93b9f9$fabric-transfer-api-v1$lambda$hookExtract$1$0 in fabric-transfer-api-v1.mixins.json:HopperBlockEntityMixin from mod fabric-transfer-api-v1
[10:06:28] [main/DEBUG] (FabricLoader/Mixin) Renaming synthetic method lambda$hookInsert$0(Lnet/fabricmc/fabric/api/transfer/v1/item/ItemVariant;)Z to md93b9f9$fabric-transfer-api-v1$lambda$hookInsert$0$1 in fabric-transfer-api-v1.mixins.json:HopperBlockEntityMixin from mod fabric-transfer-api-v1
[10:06:28] [main/DEBUG] (FabricLoader/Mixin) fabric-transfer-api-v1.mixins.json:HopperBlockEntityMixin from mod fabric-transfer-api-v1->@Inject::hookInsert(Lnet/minecraft/world/World;Lnet/minecraft/util/math/BlockPos;Lnet/minecraft/block/entity/HopperBlockEntity;Lorg/spongepowered/asm/mixin/injection/callback/CallbackInfoReturnable;)V does use it's CallbackInfoReturnable
[10:06:28] [main/DEBUG] (FabricLoader/Mixin) fabric-transfer-api-v1.mixins.json:HopperBlockEntityMixin from mod fabric-transfer-api-v1->@Inject::hookExtract(Lnet/minecraft/world/World;Lnet/minecraft/block/entity/Hopper;Lorg/spongepowered/asm/mixin/injection/callback/CallbackInfoReturnable;)V does use it's CallbackInfoReturnable
[10:06:28] [main/DEBUG] (FabricLoader/Mixin) Mixing DropperBlockMixin from fabric-transfer-api-v1.mixins.json into net.minecraft.block.DropperBlock
[10:06:28] [main/DEBUG] (FabricLoader/Mixin) Renaming synthetic method lambda$hookDispense$0(Lnet/fabricmc/fabric/api/transfer/v1/item/ItemVariant;)Z to md93b9f9$fabric-transfer-api-v1$lambda$hookDispense$0$0 in fabric-transfer-api-v1.mixins.json:DropperBlockMixin from mod fabric-transfer-api-v1
[10:06:28] [main/DEBUG] (FabricLoader/Mixin) fabric-transfer-api-v1.mixins.json:DropperBlockMixin from mod fabric-transfer-api-v1->@Inject::hookDispense(Lnet/minecraft/server/world/ServerWorld;Lnet/minecraft/block/BlockState;Lnet/minecraft/util/math/BlockPos;Lorg/spongepowered/asm/mixin/injection/callback/CallbackInfo;)V does use it's CallbackInfo
[10:06:28] [main/DEBUG] (FabricLoader/Mixin) Mixing BannerBlockEntityMixin from fabric-data-attachment-api-v1.mixins.json into net.minecraft.block.entity.BannerBlockEntity
[10:06:28] [main/DEBUG] (FabricLoader/Mixin) Mixing entity.AnimalEntityMixin from player_level_skills.mixins.json into net.minecraft.entity.passive.AnimalEntity
[10:06:28] [main/DEBUG] (FabricLoader/Mixin) player_level_skills.mixins.json:entity.AnimalEntityMixin from mod player_level_skills->@Inject::breedMixin(Lnet/minecraft/server/world/ServerWorld;Lnet/minecraft/entity/passive/AnimalEntity;Lorg/spongepowered/asm/mixin/injection/callback/CallbackInfo;Lnet/minecraft/entity/passive/PassiveEntity;)V doesn't use it's CallbackInfo
[10:06:28] [main/DEBUG] (FabricLoader/Mixin) player_level_skills.mixins.json:entity.AnimalEntityMixin from mod player_level_skills->@Inject::breedMixin(Lnet/minecraft/server/world/ServerWorld;Lnet/minecraft/entity/passive/AnimalEntity;Lorg/spongepowered/asm/mixin/injection/callback/CallbackInfo;Lnet/minecraft/entity/passive/PassiveEntity;)V has 0 override(s) in child classes
[10:06:28] [main/DEBUG] (FabricLoader/Mixin) player_level_skills.mixins.json:entity.AnimalEntityMixin from mod player_level_skills->@Inject::breedMixin(Lnet/minecraft/server/world/ServerWorld;Lnet/minecraft/entity/passive/AnimalEntity;Lorg/spongepowered/asm/mixin/injection/callback/CallbackInfo;Lnet/minecraft/entity/passive/PassiveEntity;)V won't be passed a CallbackInfo as a result
[10:06:28] [main/DEBUG] (FabricLoader/Mixin) player_level_skills.mixins.json:entity.AnimalEntityMixin from mod player_level_skills->@Inject::breedExperienceMixin(Lnet/minecraft/server/world/ServerWorld;Lnet/minecraft/entity/passive/AnimalEntity;Lnet/minecraft/entity/passive/PassiveEntity;Lorg/spongepowered/asm/mixin/injection/callback/CallbackInfo;)V doesn't use it's CallbackInfo
[10:06:28] [main/DEBUG] (FabricLoader/Mixin) player_level_skills.mixins.json:entity.AnimalEntityMixin from mod player_level_skills->@Inject::breedExperienceMixin(Lnet/minecraft/server/world/ServerWorld;Lnet/minecraft/entity/passive/AnimalEntity;Lnet/minecraft/entity/passive/PassiveEntity;Lorg/spongepowered/asm/mixin/injection/callback/CallbackInfo;)V has 0 override(s) in child classes
[10:06:28] [main/DEBUG] (FabricLoader/Mixin) player_level_skills.mixins.json:entity.AnimalEntityMixin from mod player_level_skills->@Inject::breedExperienceMixin(Lnet/minecraft/server/world/ServerWorld;Lnet/minecraft/entity/passive/AnimalEntity;Lnet/minecraft/entity/passive/PassiveEntity;Lorg/spongepowered/asm/mixin/injection/callback/CallbackInfo;)V won't be passed a CallbackInfo as a result
[10:06:28] [main/DEBUG] (FabricLoader/Mixin) Mixing misc.BucketableMixin from player_level_skills.mixins.json into net.minecraft.entity.Bucketable
[10:06:28] [main/DEBUG] (FabricLoader/Mixin) player_level_skills.mixins.json:misc.BucketableMixin from mod player_level_skills->@Inject::tryBucketMixin(Lnet/minecraft/entity/player/PlayerEntity;Lnet/minecraft/util/Hand;Lnet/minecraft/entity/LivingEntity;Lorg/spongepowered/asm/mixin/injection/callback/CallbackInfoReturnable;)V does use it's CallbackInfoReturnable
[10:06:28] [main/DEBUG] (FabricLoader/Mixin) Mixing CrafterBlockMixin from fabric-transfer-api-v1.mixins.json into net.minecraft.block.CrafterBlock
[10:06:28] [main/DEBUG] (FabricLoader/Mixin) fabric-transfer-api-v1.mixins.json:CrafterBlockMixin from mod fabric-transfer-api-v1->@Inject::transferOrSpawnStack(Lnet/minecraft/server/world/ServerWorld;Lnet/minecraft/util/math/BlockPos;Lnet/minecraft/block/entity/CrafterBlockEntity;Lnet/minecraft/item/ItemStack;Lnet/minecraft/block/BlockState;Lnet/minecraft/recipe/RecipeEntry;Lorg/spongepowered/asm/mixin/injection/callback/CallbackInfo;)V doesn't use it's CallbackInfo
[10:06:28] [main/DEBUG] (FabricLoader/Mixin) fabric-transfer-api-v1.mixins.json:CrafterBlockMixin from mod fabric-transfer-api-v1->@Inject::transferOrSpawnStack(Lnet/minecraft/server/world/ServerWorld;Lnet/minecraft/util/math/BlockPos;Lnet/minecraft/block/entity/CrafterBlockEntity;Lnet/minecraft/item/ItemStack;Lnet/minecraft/block/BlockState;Lnet/minecraft/recipe/RecipeEntry;Lorg/spongepowered/asm/mixin/injection/callback/CallbackInfo;)V has 0 override(s) in child classes
[10:06:28] [main/DEBUG] (FabricLoader/Mixin) fabric-transfer-api-v1.mixins.json:CrafterBlockMixin from mod fabric-transfer-api-v1->@Inject::transferOrSpawnStack(Lnet/minecraft/server/world/ServerWorld;Lnet/minecraft/util/math/BlockPos;Lnet/minecraft/block/entity/CrafterBlockEntity;Lnet/minecraft/item/ItemStack;Lnet/minecraft/block/BlockState;Lnet/minecraft/recipe/RecipeEntry;Lorg/spongepowered/asm/mixin/injection/callback/CallbackInfo;)V won't be passed a CallbackInfo as a result
[10:06:28] [main/DEBUG] (FabricLoader/Mixin) fabric-transfer-api-v1.mixins.json:CrafterBlockMixin from mod fabric-transfer-api-v1->@Inject::transferOrSpawnStack(Lnet/minecraft/server/world/ServerWorld;Lnet/minecraft/util/math/BlockPos;Lnet/minecraft/block/entity/CrafterBlockEntity;Lnet/minecraft/item/ItemStack;Lnet/minecraft/block/BlockState;Lnet/minecraft/recipe/RecipeEntry;Lorg/spongepowered/asm/mixin/injection/callback/CallbackInfo;)V doesn't use it's CallbackInfo
[10:06:28] [main/DEBUG] (FabricLoader/Mixin) fabric-transfer-api-v1.mixins.json:CrafterBlockMixin from mod fabric-transfer-api-v1->@Inject::transferOrSpawnStack(Lnet/minecraft/server/world/ServerWorld;Lnet/minecraft/util/math/BlockPos;Lnet/minecraft/block/entity/CrafterBlockEntity;Lnet/minecraft/item/ItemStack;Lnet/minecraft/block/BlockState;Lnet/minecraft/recipe/RecipeEntry;Lorg/spongepowered/asm/mixin/injection/callback/CallbackInfo;)V has 0 override(s) in child classes
[10:06:28] [main/DEBUG] (FabricLoader/Mixin) fabric-transfer-api-v1.mixins.json:CrafterBlockMixin from mod fabric-transfer-api-v1->@Inject::transferOrSpawnStack(Lnet/minecraft/server/world/ServerWorld;Lnet/minecraft/util/math/BlockPos;Lnet/minecraft/block/entity/CrafterBlockEntity;Lnet/minecraft/item/ItemStack;Lnet/minecraft/block/BlockState;Lnet/minecraft/recipe/RecipeEntry;Lorg/spongepowered/asm/mixin/injection/callback/CallbackInfo;)V won't be passed a CallbackInfo as a result
[10:06:28] [main/DEBUG] (FabricLoader/Mixin) fabric-transfer-api-v1.mixins.json:CrafterBlockMixin from mod fabric-transfer-api-v1->@Inject::transferOrSpawnStack(Lnet/minecraft/server/world/ServerWorld;Lnet/minecraft/util/math/BlockPos;Lnet/minecraft/block/entity/CrafterBlockEntity;Lnet/minecraft/item/ItemStack;Lnet/minecraft/block/BlockState;Lnet/minecraft/recipe/RecipeEntry;Lorg/spongepowered/asm/mixin/injection/callback/CallbackInfo;)V doesn't use it's CallbackInfo
[10:06:28] [main/DEBUG] (FabricLoader/Mixin) fabric-transfer-api-v1.mixins.json:CrafterBlockMixin from mod fabric-transfer-api-v1->@Inject::transferOrSpawnStack(Lnet/minecraft/server/world/ServerWorld;Lnet/minecraft/util/math/BlockPos;Lnet/minecraft/block/entity/CrafterBlockEntity;Lnet/minecraft/item/ItemStack;Lnet/minecraft/block/BlockState;Lnet/minecraft/recipe/RecipeEntry;Lorg/spongepowered/asm/mixin/injection/callback/CallbackInfo;)V has 0 override(s) in child classes
[10:06:28] [main/DEBUG] (FabricLoader/Mixin) fabric-transfer-api-v1.mixins.json:CrafterBlockMixin from mod fabric-transfer-api-v1->@Inject::transferOrSpawnStack(Lnet/minecraft/server/world/ServerWorld;Lnet/minecraft/util/math/BlockPos;Lnet/minecraft/block/entity/CrafterBlockEntity;Lnet/minecraft/item/ItemStack;Lnet/minecraft/block/BlockState;Lnet/minecraft/recipe/RecipeEntry;Lorg/spongepowered/asm/mixin/injection/callback/CallbackInfo;)V won't be passed a CallbackInfo as a result
[10:06:28] [main/DEBUG] (FabricLoader/Mixin) fabric-transfer-api-v1.mixins.json:CrafterBlockMixin from mod fabric-transfer-api-v1->@Inject::transferOrSpawnStack(Lnet/minecraft/server/world/ServerWorld;Lnet/minecraft/util/math/BlockPos;Lnet/minecraft/block/entity/CrafterBlockEntity;Lnet/minecraft/item/ItemStack;Lnet/minecraft/block/BlockState;Lnet/minecraft/recipe/RecipeEntry;Lorg/spongepowered/asm/mixin/injection/callback/CallbackInfo;)V doesn't use it's CallbackInfo
[10:06:28] [main/DEBUG] (FabricLoader/Mixin) fabric-transfer-api-v1.mixins.json:CrafterBlockMixin from mod fabric-transfer-api-v1->@Inject::transferOrSpawnStack(Lnet/minecraft/server/world/ServerWorld;Lnet/minecraft/util/math/BlockPos;Lnet/minecraft/block/entity/CrafterBlockEntity;Lnet/minecraft/item/ItemStack;Lnet/minecraft/block/BlockState;Lnet/minecraft/recipe/RecipeEntry;Lorg/spongepowered/asm/mixin/injection/callback/CallbackInfo;)V has 0 override(s) in child classes
[10:06:28] [main/DEBUG] (FabricLoader/Mixin) fabric-transfer-api-v1.mixins.json:CrafterBlockMixin from mod fabric-transfer-api-v1->@Inject::transferOrSpawnStack(Lnet/minecraft/server/world/ServerWorld;Lnet/minecraft/util/math/BlockPos;Lnet/minecraft/block/entity/CrafterBlockEntity;Lnet/minecraft/item/ItemStack;Lnet/minecraft/block/BlockState;Lnet/minecraft/recipe/RecipeEntry;Lorg/spongepowered/asm/mixin/injection/callback/CallbackInfo;)V won't be passed a CallbackInfo as a result
[10:06:28] [main/DEBUG] (FabricLoader/Mixin) Mixing player.ServerPlayerEntityMixin from player_level_skills.mixins.json into net.minecraft.server.network.ServerPlayerEntity
[10:06:28] [main/DEBUG] (FabricLoader/Mixin) Mixing ServerPlayerMixin from fabric-screen-handler-api-v1.mixins.json into net.minecraft.server.network.ServerPlayerEntity
[10:06:28] [main/DEBUG] (FabricLoader/Mixin) Mixing ServerPlayerMixin from fabric-entity-events-v1.mixins.json into net.minecraft.server.network.ServerPlayerEntity
[10:06:28] [main/DEBUG] (FabricLoader/Mixin) Mixing ServerPlayerMixin from fabric-events-interaction-v0.mixins.json into net.minecraft.server.network.ServerPlayerEntity
[10:06:28] [main/DEBUG] (FabricLoader/Mixin) Mixing ServerPlayerMixin from fabric-particles-v1.mixins.json into net.minecraft.server.network.ServerPlayerEntity
[10:06:28] [main/DEBUG] (FabricLoader/Mixin) player_level_skills.mixins.json:player.ServerPlayerEntityMixin from mod player_level_skills->@Inject::playerTickMixin(Lorg/spongepowered/asm/mixin/injection/callback/CallbackInfo;)V doesn't use it's CallbackInfo
[10:06:28] [main/DEBUG] (FabricLoader/Mixin) player_level_skills.mixins.json:player.ServerPlayerEntityMixin from mod player_level_skills->@Inject::playerTickMixin(Lorg/spongepowered/asm/mixin/injection/callback/CallbackInfo;)V has 0 override(s) in child classes
[10:06:28] [main/DEBUG] (FabricLoader/Mixin) player_level_skills.mixins.json:player.ServerPlayerEntityMixin from mod player_level_skills->@Inject::playerTickMixin(Lorg/spongepowered/asm/mixin/injection/callback/CallbackInfo;)V won't be passed a CallbackInfo as a result
[10:06:28] [main/DEBUG] (FabricLoader/Mixin) player_level_skills.mixins.json:player.ServerPlayerEntityMixin from mod player_level_skills->@Inject::setContext(Lorg/spongepowered/asm/mixin/injection/callback/CallbackInfo;)V doesn't use it's CallbackInfo
[10:06:28] [main/DEBUG] (FabricLoader/Mixin) player_level_skills.mixins.json:player.ServerPlayerEntityMixin from mod player_level_skills->@Inject::setContext(Lorg/spongepowered/asm/mixin/injection/callback/CallbackInfo;)V has 0 override(s) in child classes
[10:06:28] [main/DEBUG] (FabricLoader/Mixin) player_level_skills.mixins.json:player.ServerPlayerEntityMixin from mod player_level_skills->@Inject::setContext(Lorg/spongepowered/asm/mixin/injection/callback/CallbackInfo;)V won't be passed a CallbackInfo as a result
[10:06:28] [main/DEBUG] (FabricLoader/Mixin) player_level_skills.mixins.json:player.ServerPlayerEntityMixin from mod player_level_skills->@Inject::clearContext(Lorg/spongepowered/asm/mixin/injection/callback/CallbackInfo;)V doesn't use it's CallbackInfo
[10:06:28] [main/DEBUG] (FabricLoader/Mixin) player_level_skills.mixins.json:player.ServerPlayerEntityMixin from mod player_level_skills->@Inject::clearContext(Lorg/spongepowered/asm/mixin/injection/callback/CallbackInfo;)V has 0 override(s) in child classes
[10:06:28] [main/DEBUG] (FabricLoader/Mixin) player_level_skills.mixins.json:player.ServerPlayerEntityMixin from mod player_level_skills->@Inject::clearContext(Lorg/spongepowered/asm/mixin/injection/callback/CallbackInfo;)V won't be passed a CallbackInfo as a result
[10:06:28] [main/DEBUG] (FabricLoader/Mixin) fabric-screen-handler-api-v1.mixins.json:ServerPlayerMixin from mod fabric-screen-handler-api-v1->@Inject::fabric_storeOpenedScreenHandler(Lnet/minecraft/screen/NamedScreenHandlerFactory;Lorg/spongepowered/asm/mixin/injection/callback/CallbackInfoReturnable;)V doesn't use it's CallbackInfoReturnable
[10:06:28] [main/DEBUG] (FabricLoader/Mixin) fabric-screen-handler-api-v1.mixins.json:ServerPlayerMixin from mod fabric-screen-handler-api-v1->@Inject::fabric_storeOpenedScreenHandler(Lnet/minecraft/screen/NamedScreenHandlerFactory;Lorg/spongepowered/asm/mixin/injection/callback/CallbackInfoReturnable;)V has 0 override(s) in child classes
[10:06:28] [main/DEBUG] (FabricLoader/Mixin) fabric-screen-handler-api-v1.mixins.json:ServerPlayerMixin from mod fabric-screen-handler-api-v1->@Inject::fabric_storeOpenedScreenHandler(Lnet/minecraft/screen/NamedScreenHandlerFactory;Lorg/spongepowered/asm/mixin/injection/callback/CallbackInfoReturnable;)V won't be passed a CallbackInfoReturnable as a result
[10:06:28] [main/DEBUG] (FabricLoader/Mixin) fabric-entity-events-v1.mixins.json:ServerPlayerMixin from mod fabric-entity-events-v1->@Inject::callOnKillForPlayer(Lnet/minecraft/entity/damage/DamageSource;Lorg/spongepowered/asm/mixin/injection/callback/CallbackInfo;)V doesn't use it's CallbackInfo
[10:06:28] [main/DEBUG] (FabricLoader/Mixin) fabric-entity-events-v1.mixins.json:ServerPlayerMixin from mod fabric-entity-events-v1->@Inject::callOnKillForPlayer(Lnet/minecraft/entity/damage/DamageSource;Lorg/spongepowered/asm/mixin/injection/callback/CallbackInfo;)V has 0 override(s) in child classes
[10:06:28] [main/DEBUG] (FabricLoader/Mixin) fabric-entity-events-v1.mixins.json:ServerPlayerMixin from mod fabric-entity-events-v1->@Inject::callOnKillForPlayer(Lnet/minecraft/entity/damage/DamageSource;Lorg/spongepowered/asm/mixin/injection/callback/CallbackInfo;)V won't be passed a CallbackInfo as a result
[10:06:28] [main/DEBUG] (FabricLoader/Mixin) fabric-entity-events-v1.mixins.json:ServerPlayerMixin from mod fabric-entity-events-v1->@Inject::notifyDeath(Lnet/minecraft/entity/damage/DamageSource;Lorg/spongepowered/asm/mixin/injection/callback/CallbackInfo;)V doesn't use it's CallbackInfo
[10:06:28] [main/DEBUG] (FabricLoader/Mixin) fabric-entity-events-v1.mixins.json:ServerPlayerMixin from mod fabric-entity-events-v1->@Inject::notifyDeath(Lnet/minecraft/entity/damage/DamageSource;Lorg/spongepowered/asm/mixin/injection/callback/CallbackInfo;)V has 0 override(s) in child classes
[10:06:28] [main/DEBUG] (FabricLoader/Mixin) fabric-entity-events-v1.mixins.json:ServerPlayerMixin from mod fabric-entity-events-v1->@Inject::notifyDeath(Lnet/minecraft/entity/damage/DamageSource;Lorg/spongepowered/asm/mixin/injection/callback/CallbackInfo;)V won't be passed a CallbackInfo as a result
[10:06:28] [main/DEBUG] (FabricLoader/Mixin) fabric-entity-events-v1.mixins.json:ServerPlayerMixin from mod fabric-entity-events-v1->@Inject::afterWorldChanged(Lnet/minecraft/server/world/ServerWorld;Lorg/spongepowered/asm/mixin/injection/callback/CallbackInfo;)V doesn't use it's CallbackInfo
[10:06:28] [main/DEBUG] (FabricLoader/Mixin) fabric-entity-events-v1.mixins.json:ServerPlayerMixin from mod fabric-entity-events-v1->@Inject::afterWorldChanged(Lnet/minecraft/server/world/ServerWorld;Lorg/spongepowered/asm/mixin/injection/callback/CallbackInfo;)V has 0 override(s) in child classes
[10:06:28] [main/DEBUG] (FabricLoader/Mixin) fabric-entity-events-v1.mixins.json:ServerPlayerMixin from mod fabric-entity-events-v1->@Inject::afterWorldChanged(Lnet/minecraft/server/world/ServerWorld;Lorg/spongepowered/asm/mixin/injection/callback/CallbackInfo;)V won't be passed a CallbackInfo as a result
[10:06:28] [main/DEBUG] (FabricLoader/Mixin) fabric-entity-events-v1.mixins.json:ServerPlayerMixin from mod fabric-entity-events-v1->@Inject::onCopyFrom(Lnet/minecraft/server/network/ServerPlayerEntity;ZLorg/spongepowered/asm/mixin/injection/callback/CallbackInfo;)V doesn't use it's CallbackInfo
[10:06:28] [main/DEBUG] (FabricLoader/Mixin) fabric-entity-events-v1.mixins.json:ServerPlayerMixin from mod fabric-entity-events-v1->@Inject::onCopyFrom(Lnet/minecraft/server/network/ServerPlayerEntity;ZLorg/spongepowered/asm/mixin/injection/callback/CallbackInfo;)V has 0 override(s) in child classes
[10:06:28] [main/DEBUG] (FabricLoader/Mixin) fabric-entity-events-v1.mixins.json:ServerPlayerMixin from mod fabric-entity-events-v1->@Inject::onCopyFrom(Lnet/minecraft/server/network/ServerPlayerEntity;ZLorg/spongepowered/asm/mixin/injection/callback/CallbackInfo;)V won't be passed a CallbackInfo as a result
[10:06:28] [main/DEBUG] (FabricLoader/Mixin) fabric-events-interaction-v0.mixins.json:ServerPlayerMixin from mod fabric-events-interaction-v0->@Inject::onPlayerInteractEntity(Lnet/minecraft/entity/Entity;Lorg/spongepowered/asm/mixin/injection/callback/CallbackInfo;)V does use it's CallbackInfo
[10:06:28] [main/DEBUG] (FabricLoader/Mixin) fabric-events-interaction-v0.mixins.json:ServerPlayerMixin from mod fabric-events-interaction-v0->@Inject::fakePlayerGameMode(Lnet/minecraft/world/GameMode;Lorg/spongepowered/asm/mixin/injection/callback/CallbackInfoReturnable;)V does use it's CallbackInfoReturnable
[10:06:28] [main/DEBUG] (FabricLoader/Mixin) Mixing ItemAccessor from fabric-item-api-v1.mixins.json into net.minecraft.item.Item
[10:06:28] [main/DEBUG] (FabricLoader/Mixin) Mixing ItemMixin from fabric-item-api-v1.mixins.json into net.minecraft.item.Item
[10:06:28] [main/DEBUG] (FabricLoader/Mixin) Mixing ItemMixin from fabric-transfer-api-v1.mixins.json into net.minecraft.item.Item
[10:06:28] [main/DEBUG] (FabricLoader/Mixin) Mixing item.SwordItemMixin from player_level_skills.mixins.json into net.minecraft.item.Item
[10:06:28] [main/DEBUG] (FabricLoader/Mixin) Mixing item.ToolItemMixin from player_level_skills.mixins.json into net.minecraft.item.Item
[10:06:28] [main/DEBUG] (FabricLoader/Mixin) fabric-item-api-v1.mixins.json:ItemMixin from mod fabric-item-api-v1->@Inject::onConstruct(Lnet/minecraft/item/Item$Settings;Lorg/spongepowered/asm/mixin/injection/callback/CallbackInfo;)V doesn't use it's CallbackInfo
[10:06:28] [main/DEBUG] (FabricLoader/Mixin) fabric-item-api-v1.mixins.json:ItemMixin from mod fabric-item-api-v1->@Inject::onConstruct(Lnet/minecraft/item/Item$Settings;Lorg/spongepowered/asm/mixin/injection/callback/CallbackInfo;)V has 0 override(s) in child classes
[10:06:28] [main/DEBUG] (FabricLoader/Mixin) fabric-item-api-v1.mixins.json:ItemMixin from mod fabric-item-api-v1->@Inject::onConstruct(Lnet/minecraft/item/Item$Settings;Lorg/spongepowered/asm/mixin/injection/callback/CallbackInfo;)V won't be passed a CallbackInfo as a result
[10:06:28] [main/DEBUG] (FabricLoader/Mixin) player_level_skills.mixins.json:item.SwordItemMixin from mod player_level_skills->@Inject::postHitMixin(Lnet/minecraft/item/ItemStack;Lnet/minecraft/entity/LivingEntity;Lnet/minecraft/entity/LivingEntity;Lorg/spongepowered/asm/mixin/injection/callback/CallbackInfo;)V does use it's CallbackInfo
[10:06:28] [main/DEBUG] (FabricLoader/Mixin) player_level_skills.mixins.json:item.SwordItemMixin from mod player_level_skills->@Inject::postDamageEntityMixin(Lnet/minecraft/item/ItemStack;Lnet/minecraft/entity/LivingEntity;Lnet/minecraft/entity/LivingEntity;Lorg/spongepowered/asm/mixin/injection/callback/CallbackInfo;)V does use it's CallbackInfo
[10:06:28] [main/DEBUG] (FabricLoader/Mixin) player_level_skills.mixins.json:item.ToolItemMixin from mod player_level_skills->@Inject::postHitMixin(Lnet/minecraft/item/ItemStack;Lnet/minecraft/entity/LivingEntity;Lnet/minecraft/entity/LivingEntity;Lorg/spongepowered/asm/mixin/injection/callback/CallbackInfo;)V does use it's CallbackInfo
[10:06:28] [main/DEBUG] (FabricLoader/Mixin) player_level_skills.mixins.json:item.ToolItemMixin from mod player_level_skills->@Inject::postMineMixin(Lnet/minecraft/item/ItemStack;Lnet/minecraft/entity/LivingEntity;Lnet/minecraft/entity/LivingEntity;Lorg/spongepowered/asm/mixin/injection/callback/CallbackInfo;)V does use it's CallbackInfo
[10:06:28] [main/DEBUG] (FabricLoader/Mixin) Mixing BucketItemAccessor from fabric-transfer-api-v1.mixins.json into net.minecraft.item.BucketItem
[10:06:28] [main/DEBUG] (FabricLoader/Mixin) Mixing BucketItemMixin from fabric-transfer-api-v1.mixins.json into net.minecraft.item.BucketItem
[10:06:28] [main/DEBUG] (FabricLoader/Mixin) Mixing AxeItemAccessor from fabric-content-registries-v0.mixins.json into net.minecraft.item.AxeItem
[10:06:28] [main/DEBUG] (FabricLoader/Mixin) Renaming @Accessor method getStrippedBlocks()Ljava/util/Map; to getStrippedBlocks$fabric-content-registries-v0_$md$93b9f9$0 in fabric-content-registries-v0.mixins.json:AxeItemAccessor from mod fabric-content-registries-v0
[10:06:28] [main/DEBUG] (FabricLoader/Mixin) Renaming @Accessor method setStrippedBlocks(Ljava/util/Map;)V to setStrippedBlocks$fabric-content-registries-v0_$md$93b9f9$1 in fabric-content-registries-v0.mixins.json:AxeItemAccessor from mod fabric-content-registries-v0
[10:06:28] [main/DEBUG] (FabricLoader/Mixin) Mixing AxeItemMixin from fabric-content-registries-v0.mixins.json into net.minecraft.item.AxeItem
[10:06:28] [main/DEBUG] (FabricLoader/Mixin) Renaming synthetic method lambda$handleCustomStrippingBehavior$0(Lnet/fabricmc/fabric/api/registry/StrippableBlockRegistry$StrippingTransformer;Lnet/minecraft/block/BlockState;Lnet/minecraft/block/Block;)Lnet/minecraft/block/BlockState; to md93b9f9$fabric-content-registries-v0$lambda$handleCustomStrippingBehavior$0$2 in fabric-content-registries-v0.mixins.json:AxeItemMixin from mod fabric-content-registries-v0
[10:06:28] [main/DEBUG] (FabricLoader/Mixin) Mixing ShovelItemAccessor from fabric-content-registries-v0.mixins.json into net.minecraft.item.ShovelItem
[10:06:28] [main/DEBUG] (FabricLoader/Mixin) Renaming @Accessor method getPathStates()Ljava/util/Map; to getPathStates$fabric-content-registries-v0_$md$93b9f9$0 in fabric-content-registries-v0.mixins.json:ShovelItemAccessor from mod fabric-content-registries-v0
[10:06:28] [main/DEBUG] (FabricLoader/Mixin) Mixing HoeItemAccessor from fabric-content-registries-v0.mixins.json into net.minecraft.item.HoeItem
[10:06:28] [main/DEBUG] (FabricLoader/Mixin) Renaming @Accessor method getTillingActions()Ljava/util/Map; to getTillingActions$fabric-content-registries-v0_$md$93b9f9$0 in fabric-content-registries-v0.mixins.json:HoeItemAccessor from mod fabric-content-registries-v0
[10:06:28] [main/DEBUG] (FabricLoader/Mixin) Mixing ItemPropertiesMixin from fabric-item-api-v1.mixins.json into net.minecraft.item.Item$Settings
[10:06:29] [main/DEBUG] (FabricLoader/Mixin) Mixing TagKeyMixin from fabric-convention-tags-api-v2.mixins.json into net.minecraft.registry.tag.TagKey
[10:06:29] [main/DEBUG] (FabricLoader/Mixin) Mixing item.CrossbowItemMixin from player_level_skills.mixins.json into net.minecraft.item.CrossbowItem
[10:06:29] [main/DEBUG] (FabricLoader/Mixin) player_level_skills.mixins.json:item.CrossbowItemMixin from mod player_level_skills->@Inject::shootMixin(Lnet/minecraft/entity/LivingEntity;Lnet/minecraft/entity/projectile/ProjectileEntity;IFFFLnet/minecraft/entity/LivingEntity;Lorg/spongepowered/asm/mixin/injection/callback/CallbackInfo;)V doesn't use it's CallbackInfo
[10:06:29] [main/DEBUG] (FabricLoader/Mixin) player_level_skills.mixins.json:item.CrossbowItemMixin from mod player_level_skills->@Inject::shootMixin(Lnet/minecraft/entity/LivingEntity;Lnet/minecraft/entity/projectile/ProjectileEntity;IFFFLnet/minecraft/entity/LivingEntity;Lorg/spongepowered/asm/mixin/injection/callback/CallbackInfo;)V has 0 override(s) in child classes
[10:06:29] [main/DEBUG] (FabricLoader/Mixin) player_level_skills.mixins.json:item.CrossbowItemMixin from mod player_level_skills->@Inject::shootMixin(Lnet/minecraft/entity/LivingEntity;Lnet/minecraft/entity/projectile/ProjectileEntity;IFFFLnet/minecraft/entity/LivingEntity;Lorg/spongepowered/asm/mixin/injection/callback/CallbackInfo;)V won't be passed a CallbackInfo as a result
[10:06:29] [main/DEBUG] (FabricLoader/Mixin) player_level_skills.mixins.json:item.CrossbowItemMixin from mod player_level_skills->@Inject::player_level_skills$captureExtraProjectilesBeforeUse(Lnet/minecraft/world/World;Lnet/minecraft/entity/player/PlayerEntity;Lnet/minecraft/util/Hand;Lorg/spongepowered/asm/mixin/injection/callback/CallbackInfoReturnable;)V doesn't use it's CallbackInfoReturnable
[10:06:29] [main/DEBUG] (FabricLoader/Mixin) player_level_skills.mixins.json:item.CrossbowItemMixin from mod player_level_skills->@Inject::player_level_skills$captureExtraProjectilesBeforeUse(Lnet/minecraft/world/World;Lnet/minecraft/entity/player/PlayerEntity;Lnet/minecraft/util/Hand;Lorg/spongepowered/asm/mixin/injection/callback/CallbackInfoReturnable;)V has 0 override(s) in child classes
[10:06:29] [main/DEBUG] (FabricLoader/Mixin) player_level_skills.mixins.json:item.CrossbowItemMixin from mod player_level_skills->@Inject::player_level_skills$captureExtraProjectilesBeforeUse(Lnet/minecraft/world/World;Lnet/minecraft/entity/player/PlayerEntity;Lnet/minecraft/util/Hand;Lorg/spongepowered/asm/mixin/injection/callback/CallbackInfoReturnable;)V won't be passed a CallbackInfoReturnable as a result
[10:06:29] [main/DEBUG] (FabricLoader/Mixin) player_level_skills.mixins.json:item.CrossbowItemMixin from mod player_level_skills->@Inject::player_level_skills$releaseProjectilesBeforeUse(Lnet/minecraft/world/World;Lnet/minecraft/entity/player/PlayerEntity;Lnet/minecraft/util/Hand;Lorg/spongepowered/asm/mixin/injection/callback/CallbackInfoReturnable;)V doesn't use it's CallbackInfoReturnable
[10:06:29] [main/DEBUG] (FabricLoader/Mixin) player_level_skills.mixins.json:item.CrossbowItemMixin from mod player_level_skills->@Inject::player_level_skills$releaseProjectilesBeforeUse(Lnet/minecraft/world/World;Lnet/minecraft/entity/player/PlayerEntity;Lnet/minecraft/util/Hand;Lorg/spongepowered/asm/mixin/injection/callback/CallbackInfoReturnable;)V has 0 override(s) in child classes
[10:06:29] [main/DEBUG] (FabricLoader/Mixin) player_level_skills.mixins.json:item.CrossbowItemMixin from mod player_level_skills->@Inject::player_level_skills$releaseProjectilesBeforeUse(Lnet/minecraft/world/World;Lnet/minecraft/entity/player/PlayerEntity;Lnet/minecraft/util/Hand;Lorg/spongepowered/asm/mixin/injection/callback/CallbackInfoReturnable;)V won't be passed a CallbackInfoReturnable as a result
[10:06:29] [main/DEBUG] (FabricLoader/Mixin) Mixing ValueOutputMixin from fabric-serialization-api-v1.mixins.json into net.minecraft.storage.WriteView
[10:06:29] [main/DEBUG] (FabricLoader/Mixin) Mixing entity.EnderDragonEntityMixin from player_level_skills.mixins.json into net.minecraft.entity.boss.dragon.EnderDragonEntity
[10:06:29] [main/DEBUG] (FabricLoader/Mixin) player_level_skills.mixins.json:entity.EnderDragonEntityMixin from mod player_level_skills->@Inject::updatePostDeathMixin(Lorg/spongepowered/asm/mixin/injection/callback/CallbackInfo;ILnet/minecraft/server/world/ServerWorld;Lnet/minecraft/world/World;)V doesn't use it's CallbackInfo
[10:06:29] [main/DEBUG] (FabricLoader/Mixin) player_level_skills.mixins.json:entity.EnderDragonEntityMixin from mod player_level_skills->@Inject::updatePostDeathMixin(Lorg/spongepowered/asm/mixin/injection/callback/CallbackInfo;ILnet/minecraft/server/world/ServerWorld;Lnet/minecraft/world/World;)V has 0 override(s) in child classes
[10:06:29] [main/DEBUG] (FabricLoader/Mixin) player_level_skills.mixins.json:entity.EnderDragonEntityMixin from mod player_level_skills->@Inject::updatePostDeathMixin(Lorg/spongepowered/asm/mixin/injection/callback/CallbackInfo;ILnet/minecraft/server/world/ServerWorld;Lnet/minecraft/world/World;)V won't be passed a CallbackInfo as a result
[10:06:29] [main/DEBUG] (FabricLoader/Mixin) player_level_skills.mixins.json:entity.EnderDragonEntityMixin from mod player_level_skills->@Inject::updatePostDeathXPMixin(Lorg/spongepowered/asm/mixin/injection/callback/CallbackInfo;ILnet/minecraft/util/math/Vec3d;Lnet/minecraft/server/world/ServerWorld;Lnet/minecraft/world/World;)V doesn't use it's CallbackInfo
[10:06:29] [main/DEBUG] (FabricLoader/Mixin) player_level_skills.mixins.json:entity.EnderDragonEntityMixin from mod player_level_skills->@Inject::updatePostDeathXPMixin(Lorg/spongepowered/asm/mixin/injection/callback/CallbackInfo;ILnet/minecraft/util/math/Vec3d;Lnet/minecraft/server/world/ServerWorld;Lnet/minecraft/world/World;)V has 0 override(s) in child classes
[10:06:29] [main/DEBUG] (FabricLoader/Mixin) player_level_skills.mixins.json:entity.EnderDragonEntityMixin from mod player_level_skills->@Inject::updatePostDeathXPMixin(Lorg/spongepowered/asm/mixin/injection/callback/CallbackInfo;ILnet/minecraft/util/math/Vec3d;Lnet/minecraft/server/world/ServerWorld;Lnet/minecraft/world/World;)V won't be passed a CallbackInfo as a result
[10:06:29] [main/DEBUG] (FabricLoader/Mixin) Mixing BundleContentsAccessor from fabric-transfer-api-v1.mixins.json into net.minecraft.component.type.BundleContentsComponent
[10:06:29] [main/DEBUG] (FabricLoader/Mixin) Renaming @Invoker method getOccupancy(Lnet/minecraft/item/ItemStack;)Lorg/apache/commons/lang3/math/Fraction; to getOccupancy$fabric-transfer-api-v1_$md$93b9f9$0 in fabric-transfer-api-v1.mixins.json:BundleContentsAccessor from mod fabric-transfer-api-v1
[10:06:29] [main/DEBUG] (FabricLoader/Mixin) Mixing entity.VehicleEntityAccessor from player_level_skills.mixins.json into net.minecraft.entity.vehicle.VehicleEntity
[10:06:29] [main/DEBUG] (FabricLoader/Mixin) Mixing EntityTypeBuilderMixin from fabric-object-builder-v1.mixins.json into net.minecraft.entity.EntityType$Builder
[10:06:29] [main/DEBUG] (FabricLoader/Mixin) fabric-object-builder-v1.mixins.json:EntityTypeBuilderMixin from mod fabric-object-builder-api-v1->@Inject::applyChildBuilders(Lnet/minecraft/registry/RegistryKey;Lorg/spongepowered/asm/mixin/injection/callback/CallbackInfoReturnable;)V does use it's CallbackInfoReturnable
[10:06:29] [main/DEBUG] (FabricLoader/Mixin) Mixing misc.ExperienceOrbEntityMixin from player_level_skills.mixins.json into net.minecraft.entity.ExperienceOrbEntity
[10:06:29] [main/DEBUG] (FabricLoader/Mixin) player_level_skills.mixins.json:misc.ExperienceOrbEntityMixin from mod player_level_skills->@Inject::player_level_skills$blockMendingIfNeeded(Lnet/minecraft/server/network/ServerPlayerEntity;ILorg/spongepowered/asm/mixin/injection/callback/CallbackInfoReturnable;)V does use it's CallbackInfoReturnable
[10:06:29] [main/DEBUG] (FabricLoader/Mixin) Mixing BreezeMixin from fabric-particles-v1.mixins.json into net.minecraft.entity.mob.BreezeEntity
[10:06:29] [main/DEBUG] (FabricLoader/Mixin) Mixing entity.StorageMinecartEntityMixin from player_level_skills.mixins.json into net.minecraft.entity.vehicle.StorageMinecartEntity
[10:06:29] [main/DEBUG] (FabricLoader/Mixin) player_level_skills.mixins.json:entity.StorageMinecartEntityMixin from mod player_level_skills->@Inject::interactMixin(Lnet/minecraft/entity/player/PlayerEntity;Lnet/minecraft/util/Hand;Lorg/spongepowered/asm/mixin/injection/callback/CallbackInfoReturnable;)V doesn't use it's CallbackInfoReturnable
[10:06:29] [main/DEBUG] (FabricLoader/Mixin) player_level_skills.mixins.json:entity.StorageMinecartEntityMixin from mod player_level_skills->@Inject::interactMixin(Lnet/minecraft/entity/player/PlayerEntity;Lnet/minecraft/util/Hand;Lorg/spongepowered/asm/mixin/injection/callback/CallbackInfoReturnable;)V has 0 override(s) in child classes
[10:06:29] [main/DEBUG] (FabricLoader/Mixin) player_level_skills.mixins.json:entity.StorageMinecartEntityMixin from mod player_level_skills->@Inject::interactMixin(Lnet/minecraft/entity/player/PlayerEntity;Lnet/minecraft/util/Hand;Lorg/spongepowered/asm/mixin/injection/callback/CallbackInfoReturnable;)V won't be passed a CallbackInfoReturnable as a result
[10:06:29] [main/DEBUG] (FabricLoader/Mixin) Mixing entity.VillagerEntityMixin from player_level_skills.mixins.json into net.minecraft.entity.passive.VillagerEntity
[10:06:29] [main/DEBUG] (FabricLoader/Mixin) Mixing VillagerAccessor from fabric-content-registries-v0.mixins.json into net.minecraft.entity.passive.VillagerEntity
[10:06:29] [main/DEBUG] (FabricLoader/Mixin) Renaming @Accessor method fabric_setItemFoodValues(Ljava/util/Map;)V to fabric_setItemFoodValues$fabric-content-registries-v0_$md$93b9f9$0 in fabric-content-registries-v0.mixins.json:VillagerAccessor from mod fabric-content-registries-v0
[10:06:29] [main/DEBUG] (FabricLoader/Mixin) Mixing VillagerMixin from fabric-content-registries-v0.mixins.json into net.minecraft.entity.passive.VillagerEntity
[10:06:29] [main/DEBUG] (FabricLoader/Mixin) player_level_skills.mixins.json:entity.VillagerEntityMixin from mod player_level_skills->@Inject::afterUsingMixin(Lnet/minecraft/village/TradeOffer;Lorg/spongepowered/asm/mixin/injection/callback/CallbackInfo;I)V doesn't use it's CallbackInfo
[10:06:29] [main/DEBUG] (FabricLoader/Mixin) player_level_skills.mixins.json:entity.VillagerEntityMixin from mod player_level_skills->@Inject::afterUsingMixin(Lnet/minecraft/village/TradeOffer;Lorg/spongepowered/asm/mixin/injection/callback/CallbackInfo;I)V has 0 override(s) in child classes
[10:06:29] [main/DEBUG] (FabricLoader/Mixin) player_level_skills.mixins.json:entity.VillagerEntityMixin from mod player_level_skills->@Inject::afterUsingMixin(Lnet/minecraft/village/TradeOffer;Lorg/spongepowered/asm/mixin/injection/callback/CallbackInfo;I)V won't be passed a CallbackInfo as a result
[10:06:29] [main/DEBUG] (FabricLoader/Mixin) player_level_skills.mixins.json:entity.VillagerEntityMixin from mod player_level_skills->@Inject::prepareOffersForMixin(Lnet/minecraft/entity/player/PlayerEntity;Lorg/spongepowered/asm/mixin/injection/callback/CallbackInfo;)V doesn't use it's CallbackInfo
[10:06:29] [main/DEBUG] (FabricLoader/Mixin) player_level_skills.mixins.json:entity.VillagerEntityMixin from mod player_level_skills->@Inject::prepareOffersForMixin(Lnet/minecraft/entity/player/PlayerEntity;Lorg/spongepowered/asm/mixin/injection/callback/CallbackInfo;)V has 0 override(s) in child classes
[10:06:29] [main/DEBUG] (FabricLoader/Mixin) player_level_skills.mixins.json:entity.VillagerEntityMixin from mod player_level_skills->@Inject::prepareOffersForMixin(Lnet/minecraft/entity/player/PlayerEntity;Lorg/spongepowered/asm/mixin/injection/callback/CallbackInfo;)V won't be passed a CallbackInfo as a result
[10:06:29] [main/DEBUG] (FabricLoader/Mixin) player_level_skills.mixins.json:entity.VillagerEntityMixin from mod player_level_skills->@Inject::setAttackerMixin(Lnet/minecraft/entity/LivingEntity;Lorg/spongepowered/asm/mixin/injection/callback/CallbackInfo;)V does use it's CallbackInfo
[10:06:29] [main/DEBUG] (FabricLoader/Mixin) Mixing entity.ExperienceBottleEntityMixin from player_level_skills.mixins.json into net.minecraft.entity.projectile.thrown.ExperienceBottleEntity
[10:06:29] [main/DEBUG] (FabricLoader/Mixin) player_level_skills.mixins.json:entity.ExperienceBottleEntityMixin from mod player_level_skills->@Inject::onCollisionMixin(Lnet/minecraft/util/hit/HitResult;Lorg/spongepowered/asm/mixin/injection/callback/CallbackInfo;)V doesn't use it's CallbackInfo
[10:06:29] [main/DEBUG] (FabricLoader/Mixin) player_level_skills.mixins.json:entity.ExperienceBottleEntityMixin from mod player_level_skills->@Inject::onCollisionMixin(Lnet/minecraft/util/hit/HitResult;Lorg/spongepowered/asm/mixin/injection/callback/CallbackInfo;)V has 0 override(s) in child classes
[10:06:29] [main/DEBUG] (FabricLoader/Mixin) player_level_skills.mixins.json:entity.ExperienceBottleEntityMixin from mod player_level_skills->@Inject::onCollisionMixin(Lnet/minecraft/util/hit/HitResult;Lorg/spongepowered/asm/mixin/injection/callback/CallbackInfo;)V won't be passed a CallbackInfo as a result
[10:06:29] [main/DEBUG] (FabricLoader/Mixin) Mixing EntityDataSerializersAccessor from fabric-object-builder-v1.mixins.json into net.minecraft.entity.data.TrackedDataHandlerRegistry
[10:06:29] [main/DEBUG] (FabricLoader/Mixin) Renaming @Accessor method fabric_getDataHandlers()Lnet/minecraft/util/collection/Int2ObjectBiMap; to fabric_getDataHandlers$fabric-object-builder-api-v1_$md$93b9f9$0 in fabric-object-builder-v1.mixins.json:EntityDataSerializersAccessor from mod fabric-object-builder-api-v1
[10:06:29] [main/DEBUG] (FabricLoader/Mixin) Mixing EntityDataSerializersMixin from fabric-object-builder-v1.mixins.json into net.minecraft.entity.data.TrackedDataHandlerRegistry
[10:06:29] [main/DEBUG] (FabricLoader/Mixin) fabric-object-builder-v1.mixins.json:EntityDataSerializersMixin from mod fabric-object-builder-api-v1->@Inject::storeVanillaHandlers(Lorg/spongepowered/asm/mixin/injection/callback/CallbackInfo;)V doesn't use it's CallbackInfo
[10:06:29] [main/DEBUG] (FabricLoader/Mixin) fabric-object-builder-v1.mixins.json:EntityDataSerializersMixin from mod fabric-object-builder-api-v1->@Inject::onHeadRegister(Lnet/minecraft/entity/data/TrackedDataHandler;Lorg/spongepowered/asm/mixin/injection/callback/CallbackInfo;)V doesn't use it's CallbackInfo
[10:06:29] [main/DEBUG] (FabricLoader/Mixin) Mixing AttachmentTargetsMixin from fabric-data-attachment-api-v1.mixins.json into net.minecraft.world.chunk.Chunk
[10:06:29] [main/DEBUG] (FabricLoader/Mixin) Mixing ChunkAccessMixin from fabric-data-attachment-api-v1.mixins.json into net.minecraft.world.chunk.Chunk
[10:06:29] [main/DEBUG] (FabricLoader/Mixin) Mixing LevelChunkMixin from fabric-lifecycle-events-v1.client.mixins.json into net.minecraft.world.chunk.WorldChunk
[10:06:29] [main/DEBUG] (FabricLoader/Mixin) Mixing LevelChunkMixin from fabric-data-attachment-api-v1.mixins.json into net.minecraft.world.chunk.WorldChunk
[10:06:29] [main/DEBUG] (FabricLoader/Mixin) Renaming synthetic method lambda$fabric_syncChange$0(Lnet/fabricmc/fabric/api/attachment/v1/AttachmentType;Lnet/fabricmc/fabric/impl/attachment/sync/AttachmentChange;Lnet/minecraft/server/network/ServerPlayerEntity;)V to md93b9f9$fabric-data-attachment-api-v1$lambda$fabric_syncChange$0$0 in fabric-data-attachment-api-v1.mixins.json:LevelChunkMixin from mod fabric-data-attachment-api-v1
[10:06:29] [main/DEBUG] (FabricLoader/Mixin) fabric-lifecycle-events-v1.client.mixins.json:LevelChunkMixin from mod fabric-lifecycle-events-v1->@Inject::onRemoveBlockEntity(Lnet/minecraft/block/entity/BlockEntity;Lorg/spongepowered/asm/mixin/injection/callback/CallbackInfo;)V doesn't use it's CallbackInfo
[10:06:29] [main/DEBUG] (FabricLoader/Mixin) fabric-lifecycle-events-v1.client.mixins.json:LevelChunkMixin from mod fabric-lifecycle-events-v1->@Inject::onRemoveBlockEntity(Lnet/minecraft/block/entity/BlockEntity;Lorg/spongepowered/asm/mixin/injection/callback/CallbackInfo;)V has 0 override(s) in child classes
[10:06:29] [main/DEBUG] (FabricLoader/Mixin) fabric-lifecycle-events-v1.client.mixins.json:LevelChunkMixin from mod fabric-lifecycle-events-v1->@Inject::onRemoveBlockEntity(Lnet/minecraft/block/entity/BlockEntity;Lorg/spongepowered/asm/mixin/injection/callback/CallbackInfo;)V won't be passed a CallbackInfo as a result
[10:06:29] [main/DEBUG] (FabricLoader/Mixin) fabric-lifecycle-events-v1.client.mixins.json:LevelChunkMixin from mod fabric-lifecycle-events-v1->@Inject::onRemoveBlockEntity(Lnet/minecraft/util/math/BlockPos;Lorg/spongepowered/asm/mixin/injection/callback/CallbackInfo;)V doesn't use it's CallbackInfo
[10:06:29] [main/DEBUG] (FabricLoader/Mixin) fabric-lifecycle-events-v1.client.mixins.json:LevelChunkMixin from mod fabric-lifecycle-events-v1->@Inject::onRemoveBlockEntity(Lnet/minecraft/util/math/BlockPos;Lorg/spongepowered/asm/mixin/injection/callback/CallbackInfo;)V has 0 override(s) in child classes
[10:06:29] [main/DEBUG] (FabricLoader/Mixin) fabric-lifecycle-events-v1.client.mixins.json:LevelChunkMixin from mod fabric-lifecycle-events-v1->@Inject::onRemoveBlockEntity(Lnet/minecraft/util/math/BlockPos;Lorg/spongepowered/asm/mixin/injection/callback/CallbackInfo;)V won't be passed a CallbackInfo as a result
[10:06:29] [main/DEBUG] (FabricLoader/Mixin) fabric-data-attachment-api-v1.mixins.json:LevelChunkMixin from mod fabric-data-attachment-api-v1->@Inject::transferProtoChunkAttachment(Lnet/minecraft/server/world/ServerWorld;Lnet/minecraft/world/chunk/ProtoChunk;Lnet/minecraft/world/chunk/WorldChunk$EntityLoader;Lorg/spongepowered/asm/mixin/injection/callback/CallbackInfo;)V doesn't use it's CallbackInfo
[10:06:29] [main/DEBUG] (FabricLoader/Mixin) fabric-data-attachment-api-v1.mixins.json:LevelChunkMixin from mod fabric-data-attachment-api-v1->@Inject::transferProtoChunkAttachment(Lnet/minecraft/server/world/ServerWorld;Lnet/minecraft/world/chunk/ProtoChunk;Lnet/minecraft/world/chunk/WorldChunk$EntityLoader;Lorg/spongepowered/asm/mixin/injection/callback/CallbackInfo;)V has 0 override(s) in child classes
[10:06:29] [main/DEBUG] (FabricLoader/Mixin) fabric-data-attachment-api-v1.mixins.json:LevelChunkMixin from mod fabric-data-attachment-api-v1->@Inject::transferProtoChunkAttachment(Lnet/minecraft/server/world/ServerWorld;Lnet/minecraft/world/chunk/ProtoChunk;Lnet/minecraft/world/chunk/WorldChunk$EntityLoader;Lorg/spongepowered/asm/mixin/injection/callback/CallbackInfo;)V won't be passed a CallbackInfo as a result
[10:06:29] [main/DEBUG] (net.fabricmc.fabric.impl.object.builder.FabricTrackedDataRegistryImpl) Stored 39 vanilla handlers
[10:06:29] [main/DEBUG] (FabricLoader/Mixin) Mixing entity.WanderingTraderEntityMixin from player_level_skills.mixins.json into net.minecraft.entity.passive.WanderingTraderEntity
[10:06:29] [main/DEBUG] (FabricLoader/Mixin) player_level_skills.mixins.json:entity.WanderingTraderEntityMixin from mod player_level_skills->@Inject::afterUsingMixin(Lnet/minecraft/village/TradeOffer;Lorg/spongepowered/asm/mixin/injection/callback/CallbackInfo;I)V doesn't use it's CallbackInfo
[10:06:29] [main/DEBUG] (FabricLoader/Mixin) player_level_skills.mixins.json:entity.WanderingTraderEntityMixin from mod player_level_skills->@Inject::afterUsingMixin(Lnet/minecraft/village/TradeOffer;Lorg/spongepowered/asm/mixin/injection/callback/CallbackInfo;I)V has 0 override(s) in child classes
[10:06:29] [main/DEBUG] (FabricLoader/Mixin) player_level_skills.mixins.json:entity.WanderingTraderEntityMixin from mod player_level_skills->@Inject::afterUsingMixin(Lnet/minecraft/village/TradeOffer;Lorg/spongepowered/asm/mixin/injection/callback/CallbackInfo;I)V won't be passed a CallbackInfo as a result
[10:06:29] [main/DEBUG] (FabricLoader/Mixin) Mixing WardenMixin from fabric-particles-v1.mixins.json into net.minecraft.entity.mob.WardenEntity
[10:06:29] [main/DEBUG] (FabricLoader/Mixin) Mixing entity.FishingBobberEntityMixin from player_level_skills.mixins.json into net.minecraft.entity.projectile.FishingBobberEntity
[10:06:29] [main/DEBUG] (FabricLoader/Mixin) player_level_skills.mixins.json:entity.FishingBobberEntityMixin from mod player_level_skills->@Inject::useMixin(Lnet/minecraft/item/ItemStack;Lorg/spongepowered/asm/mixin/injection/callback/CallbackInfoReturnable;)V doesn't use it's CallbackInfoReturnable
[10:06:29] [main/DEBUG] (FabricLoader/Mixin) player_level_skills.mixins.json:entity.FishingBobberEntityMixin from mod player_level_skills->@Inject::useMixin(Lnet/minecraft/item/ItemStack;Lorg/spongepowered/asm/mixin/injection/callback/CallbackInfoReturnable;)V has 0 override(s) in child classes
[10:06:29] [main/DEBUG] (FabricLoader/Mixin) player_level_skills.mixins.json:entity.FishingBobberEntityMixin from mod player_level_skills->@Inject::useMixin(Lnet/minecraft/item/ItemStack;Lorg/spongepowered/asm/mixin/injection/callback/CallbackInfoReturnable;)V won't be passed a CallbackInfoReturnable as a result
[10:06:29] [main/DEBUG] (FabricLoader/Mixin) Mixing ItemContainerContentsAccessor from fabric-transfer-api-v1.mixins.json into net.minecraft.component.type.ContainerComponent
[10:06:29] [main/DEBUG] (FabricLoader/Mixin) Mixing LootTableAccessor from fabric-loot-api-v3.mixins.json into net.minecraft.loot.LootTable
[10:06:29] [main/DEBUG] (FabricLoader/Mixin) Mixing LootTableMixin from fabric-loot-api-v3.mixins.json into net.minecraft.loot.LootTable
[10:06:29] [main/DEBUG] (FabricLoader/Mixin) Mixing EnchantRandomlyFunctionMixin from fabric-item-api-v1.mixins.json into net.minecraft.loot.function.EnchantRandomlyLootFunction
[10:06:29] [main/DEBUG] (FabricLoader/Mixin) Mixing item.BowItemMixin from player_level_skills.mixins.json into net.minecraft.item.BowItem
[10:06:29] [main/DEBUG] (FabricLoader/Mixin) player_level_skills.mixins.json:item.BowItemMixin from mod player_level_skills->@Inject::shootMixin(Lnet/minecraft/entity/LivingEntity;Lnet/minecraft/entity/projectile/ProjectileEntity;IFFFLnet/minecraft/entity/LivingEntity;Lorg/spongepowered/asm/mixin/injection/callback/CallbackInfo;)V doesn't use it's CallbackInfo
[10:06:29] [main/DEBUG] (FabricLoader/Mixin) player_level_skills.mixins.json:item.BowItemMixin from mod player_level_skills->@Inject::shootMixin(Lnet/minecraft/entity/LivingEntity;Lnet/minecraft/entity/projectile/ProjectileEntity;IFFFLnet/minecraft/entity/LivingEntity;Lorg/spongepowered/asm/mixin/injection/callback/CallbackInfo;)V has 0 override(s) in child classes
[10:06:29] [main/DEBUG] (FabricLoader/Mixin) player_level_skills.mixins.json:item.BowItemMixin from mod player_level_skills->@Inject::shootMixin(Lnet/minecraft/entity/LivingEntity;Lnet/minecraft/entity/projectile/ProjectileEntity;IFFFLnet/minecraft/entity/LivingEntity;Lorg/spongepowered/asm/mixin/injection/callback/CallbackInfo;)V won't be passed a CallbackInfo as a result
[10:06:29] [main/DEBUG] (FabricLoader/Mixin) player_level_skills.mixins.json:item.BowItemMixin from mod player_level_skills->@Inject::player_level_skills$captureShooter(Lnet/minecraft/item/ItemStack;Lnet/minecraft/world/World;Lnet/minecraft/entity/LivingEntity;ILorg/spongepowered/asm/mixin/injection/callback/CallbackInfoReturnable;)V doesn't use it's CallbackInfoReturnable
[10:06:29] [main/DEBUG] (FabricLoader/Mixin) player_level_skills.mixins.json:item.BowItemMixin from mod player_level_skills->@Inject::player_level_skills$captureShooter(Lnet/minecraft/item/ItemStack;Lnet/minecraft/world/World;Lnet/minecraft/entity/LivingEntity;ILorg/spongepowered/asm/mixin/injection/callback/CallbackInfoReturnable;)V has 0 override(s) in child classes
[10:06:29] [main/DEBUG] (FabricLoader/Mixin) player_level_skills.mixins.json:item.BowItemMixin from mod player_level_skills->@Inject::player_level_skills$captureShooter(Lnet/minecraft/item/ItemStack;Lnet/minecraft/world/World;Lnet/minecraft/entity/LivingEntity;ILorg/spongepowered/asm/mixin/injection/callback/CallbackInfoReturnable;)V won't be passed a CallbackInfoReturnable as a result
[10:06:29] [main/DEBUG] (FabricLoader/Mixin) player_level_skills.mixins.json:item.BowItemMixin from mod player_level_skills->@Inject::player_level_skills$releaseShooter(Lnet/minecraft/item/ItemStack;Lnet/minecraft/world/World;Lnet/minecraft/entity/LivingEntity;ILorg/spongepowered/asm/mixin/injection/callback/CallbackInfoReturnable;)V doesn't use it's CallbackInfoReturnable
[10:06:29] [main/DEBUG] (FabricLoader/Mixin) player_level_skills.mixins.json:item.BowItemMixin from mod player_level_skills->@Inject::player_level_skills$releaseShooter(Lnet/minecraft/item/ItemStack;Lnet/minecraft/world/World;Lnet/minecraft/entity/LivingEntity;ILorg/spongepowered/asm/mixin/injection/callback/CallbackInfoReturnable;)V has 0 override(s) in child classes
[10:06:29] [main/DEBUG] (FabricLoader/Mixin) player_level_skills.mixins.json:item.BowItemMixin from mod player_level_skills->@Inject::player_level_skills$releaseShooter(Lnet/minecraft/item/ItemStack;Lnet/minecraft/world/World;Lnet/minecraft/entity/LivingEntity;ILorg/spongepowered/asm/mixin/injection/callback/CallbackInfoReturnable;)V won't be passed a CallbackInfoReturnable as a result
[10:06:29] [main/DEBUG] (FabricLoader/Mixin) Mixing item.FishingRodItemMixin from player_level_skills.mixins.json into net.minecraft.item.FishingRodItem
[10:06:29] [main/DEBUG] (FabricLoader/Mixin) player_level_skills.mixins.json:item.FishingRodItemMixin from mod player_level_skills->@Inject::player_level_skills$captureFishingUser(Lnet/minecraft/world/World;Lnet/minecraft/entity/player/PlayerEntity;Lnet/minecraft/util/Hand;Lorg/spongepowered/asm/mixin/injection/callback/CallbackInfoReturnable;)V doesn't use it's CallbackInfoReturnable
[10:06:29] [main/DEBUG] (FabricLoader/Mixin) player_level_skills.mixins.json:item.FishingRodItemMixin from mod player_level_skills->@Inject::player_level_skills$captureFishingUser(Lnet/minecraft/world/World;Lnet/minecraft/entity/player/PlayerEntity;Lnet/minecraft/util/Hand;Lorg/spongepowered/asm/mixin/injection/callback/CallbackInfoReturnable;)V has 0 override(s) in child classes
[10:06:29] [main/DEBUG] (FabricLoader/Mixin) player_level_skills.mixins.json:item.FishingRodItemMixin from mod player_level_skills->@Inject::player_level_skills$captureFishingUser(Lnet/minecraft/world/World;Lnet/minecraft/entity/player/PlayerEntity;Lnet/minecraft/util/Hand;Lorg/spongepowered/asm/mixin/injection/callback/CallbackInfoReturnable;)V won't be passed a CallbackInfoReturnable as a result
[10:06:29] [main/DEBUG] (FabricLoader/Mixin) player_level_skills.mixins.json:item.FishingRodItemMixin from mod player_level_skills->@Inject::player_level_skills$releaseFishingUser(Lnet/minecraft/world/World;Lnet/minecraft/entity/player/PlayerEntity;Lnet/minecraft/util/Hand;Lorg/spongepowered/asm/mixin/injection/callback/CallbackInfoReturnable;)V doesn't use it's CallbackInfoReturnable
[10:06:29] [main/DEBUG] (FabricLoader/Mixin) player_level_skills.mixins.json:item.FishingRodItemMixin from mod player_level_skills->@Inject::player_level_skills$releaseFishingUser(Lnet/minecraft/world/World;Lnet/minecraft/entity/player/PlayerEntity;Lnet/minecraft/util/Hand;Lorg/spongepowered/asm/mixin/injection/callback/CallbackInfoReturnable;)V has 0 override(s) in child classes
[10:06:29] [main/DEBUG] (FabricLoader/Mixin) player_level_skills.mixins.json:item.FishingRodItemMixin from mod player_level_skills->@Inject::player_level_skills$releaseFishingUser(Lnet/minecraft/world/World;Lnet/minecraft/entity/player/PlayerEntity;Lnet/minecraft/util/Hand;Lorg/spongepowered/asm/mixin/injection/callback/CallbackInfoReturnable;)V won't be passed a CallbackInfoReturnable as a result
[10:06:29] [main/DEBUG] (FabricLoader/Mixin) Mixing item.TridentUsageMixin from player_level_skills.mixins.json into net.minecraft.item.TridentItem
[10:06:29] [main/DEBUG] (FabricLoader/Mixin) player_level_skills.mixins.json:item.TridentUsageMixin from mod player_level_skills->@Inject::player_level_skills$captureTridentUser(Lnet/minecraft/item/ItemStack;Lnet/minecraft/world/World;Lnet/minecraft/entity/LivingEntity;ILorg/spongepowered/asm/mixin/injection/callback/CallbackInfoReturnable;)V doesn't use it's CallbackInfoReturnable
[10:06:29] [main/DEBUG] (FabricLoader/Mixin) player_level_skills.mixins.json:item.TridentUsageMixin from mod player_level_skills->@Inject::player_level_skills$captureTridentUser(Lnet/minecraft/item/ItemStack;Lnet/minecraft/world/World;Lnet/minecraft/entity/LivingEntity;ILorg/spongepowered/asm/mixin/injection/callback/CallbackInfoReturnable;)V has 0 override(s) in child classes
[10:06:29] [main/DEBUG] (FabricLoader/Mixin) player_level_skills.mixins.json:item.TridentUsageMixin from mod player_level_skills->@Inject::player_level_skills$captureTridentUser(Lnet/minecraft/item/ItemStack;Lnet/minecraft/world/World;Lnet/minecraft/entity/LivingEntity;ILorg/spongepowered/asm/mixin/injection/callback/CallbackInfoReturnable;)V won't be passed a CallbackInfoReturnable as a result
[10:06:29] [main/DEBUG] (FabricLoader/Mixin) player_level_skills.mixins.json:item.TridentUsageMixin from mod player_level_skills->@Inject::player_level_skills$releaseTridentUser(Lnet/minecraft/item/ItemStack;Lnet/minecraft/world/World;Lnet/minecraft/entity/LivingEntity;ILorg/spongepowered/asm/mixin/injection/callback/CallbackInfoReturnable;)V doesn't use it's CallbackInfoReturnable
[10:06:29] [main/DEBUG] (FabricLoader/Mixin) player_level_skills.mixins.json:item.TridentUsageMixin from mod player_level_skills->@Inject::player_level_skills$releaseTridentUser(Lnet/minecraft/item/ItemStack;Lnet/minecraft/world/World;Lnet/minecraft/entity/LivingEntity;ILorg/spongepowered/asm/mixin/injection/callback/CallbackInfoReturnable;)V has 0 override(s) in child classes
[10:06:29] [main/DEBUG] (FabricLoader/Mixin) player_level_skills.mixins.json:item.TridentUsageMixin from mod player_level_skills->@Inject::player_level_skills$releaseTridentUser(Lnet/minecraft/item/ItemStack;Lnet/minecraft/world/World;Lnet/minecraft/entity/LivingEntity;ILorg/spongepowered/asm/mixin/injection/callback/CallbackInfoReturnable;)V won't be passed a CallbackInfoReturnable as a result
[10:06:29] [main/DEBUG] (FabricLoader/Mixin) Mixing HoneycombItemMixin from fabric-content-registries-v0.mixins.json into net.minecraft.item.HoneycombItem
[10:06:29] [main/DEBUG] (FabricLoader/Mixin) fabric-content-registries-v0.mixins.json:HoneycombItemMixin from mod fabric-content-registries-v0->@Inject::createUnwaxedToWaxedMap(Lorg/spongepowered/asm/mixin/injection/callback/CallbackInfoReturnable;)V does use it's CallbackInfoReturnable
[10:06:29] [main/DEBUG] (FabricLoader/Mixin) Mixing BrushItemMixin from fabric-particles-v1.mixins.json into net.minecraft.item.BrushItem
[10:06:30] [main/DEBUG] (FabricLoader/Mixin) Mixing EntitySelectorOptionsAccessor from fabric-command-api-v2.mixins.json into net.minecraft.command.EntitySelectorOptions
[10:06:30] [main/DEBUG] (FabricLoader/Mixin) Renaming @Invoker method callPutOption(Ljava/lang/String;Lnet/minecraft/command/EntitySelectorOptions$SelectorHandler;Ljava/util/function/Predicate;Lnet/minecraft/text/Text;)V to callPutOption$fabric-command-api-v2_$md$93b9f9$0 in fabric-command-api-v2.mixins.json:EntitySelectorOptionsAccessor from mod fabric-command-api-v2
[10:06:30] [main/DEBUG] (FabricLoader/Mixin) Mixing EntitySelectorParserMixin from fabric-command-api-v2.mixins.json into net.minecraft.command.EntitySelectorReader
[10:06:30] [main/DEBUG] (FabricLoader/Mixin) Generating mapped inner class net/minecraft/block/entity/ChiseledBookshelfBlockEntity$Anonymous$d824251138dd4e559cda06791a70a716 (originally net/fabricmc/fabric/mixin/transfer/ChiseledBookShelfBlockEntityMixin$1)
[10:06:30] [main/DEBUG] (FabricLoader/Mixin) Mixing SimpleContainerMixin from fabric-transfer-api-v1.mixins.json into net.minecraft.inventory.SimpleInventory
[10:06:30] [main/DEBUG] (FabricLoader/Mixin) Mixing misc.PotionSlotMixin from player_level_skills.mixins.json into net.minecraft.screen.BrewingStandScreenHandler$PotionSlot
[10:06:30] [main/DEBUG] (FabricLoader/Mixin) player_level_skills.mixins.json:misc.PotionSlotMixin from mod player_level_skills->@Inject::matchesMixin(Lnet/minecraft/item/ItemStack;Lorg/spongepowered/asm/mixin/injection/callback/CallbackInfoReturnable;)V does use it's CallbackInfoReturnable
[10:06:30] [main/DEBUG] (FabricLoader/Mixin) Mixing CraftingRecipeMixin from fabric-item-api-v1.mixins.json into net.minecraft.recipe.CraftingRecipe
[10:06:30] [main/DEBUG] (FabricLoader/Mixin) Mixing ingredient.IngredientMixin from fabric-recipe-api-v1.mixins.json into net.minecraft.recipe.Ingredient
[10:06:30] [main/DEBUG] (FabricLoader/Mixin) Renaming synthetic method lambda$injectCodec$2(Lnet/minecraft/recipe/Ingredient;)Lcom/mojang/datafixers/util/Either; to md93b9f9$fabric-recipe-api-v1$lambda$injectCodec$2$0 in fabric-recipe-api-v1.mixins.json:ingredient.IngredientMixin from mod fabric-recipe-api-v1
[10:06:30] [main/DEBUG] (FabricLoader/Mixin) Renaming synthetic method lambda$injectCodec$1(Lcom/mojang/datafixers/util/Either;)Lnet/minecraft/recipe/Ingredient; to md93b9f9$fabric-recipe-api-v1$lambda$injectCodec$1$1 in fabric-recipe-api-v1.mixins.json:ingredient.IngredientMixin from mod fabric-recipe-api-v1
[10:06:30] [main/DEBUG] (FabricLoader/Mixin) Renaming synthetic method lambda$injectCodec$0(Lnet/minecraft/recipe/Ingredient;)Lnet/minecraft/recipe/Ingredient; to md93b9f9$fabric-recipe-api-v1$lambda$injectCodec$0$2 in fabric-recipe-api-v1.mixins.json:ingredient.IngredientMixin from mod fabric-recipe-api-v1
[10:06:30] [main/DEBUG] (FabricLoader/Mixin) fabric-recipe-api-v1.mixins.json:ingredient.IngredientMixin from mod fabric-recipe-api-v1->@Inject::injectCodec(Lorg/spongepowered/asm/mixin/injection/callback/CallbackInfo;)V doesn't use it's CallbackInfo
[10:06:30] [main/DEBUG] (FabricLoader/Mixin) fabric-recipe-api-v1.mixins.json:ingredient.IngredientMixin from mod fabric-recipe-api-v1->@Inject::onGetEntries(Lnet/minecraft/recipe/Ingredient;Lorg/spongepowered/asm/mixin/injection/callback/CallbackInfoReturnable;)V does use it's CallbackInfoReturnable
[10:06:30] [main/DEBUG] (FabricLoader/Mixin) fabric-recipe-api-v1.mixins.json:ingredient.IngredientMixin from mod fabric-recipe-api-v1->@Inject::onGetEntries(Lnet/minecraft/recipe/Ingredient;Lorg/spongepowered/asm/mixin/injection/callback/CallbackInfoReturnable;)V does use it's CallbackInfoReturnable
[10:06:30] [main/DEBUG] (FabricLoader/Mixin) fabric-recipe-api-v1.mixins.json:ingredient.IngredientMixin from mod fabric-recipe-api-v1->@Inject::onGetEntries(Lnet/minecraft/recipe/Ingredient;Lorg/spongepowered/asm/mixin/injection/callback/CallbackInfoReturnable;)V does use it's CallbackInfoReturnable
[10:06:30] [main/DEBUG] (FabricLoader/Mixin) fabric-recipe-api-v1.mixins.json:ingredient.IngredientMixin from mod fabric-recipe-api-v1->@Inject::onHeadEquals(Ljava/lang/Object;Lorg/spongepowered/asm/mixin/injection/callback/CallbackInfoReturnable;)V does use it's CallbackInfoReturnable
[10:06:30] [main/DEBUG] (FabricLoader/Mixin) Mixing ingredient.ShapelessRecipeMixin from fabric-recipe-api-v1.mixins.json into net.minecraft.recipe.ShapelessRecipe
[10:06:30] [main/DEBUG] (FabricLoader/Mixin) fabric-recipe-api-v1.mixins.json:ingredient.ShapelessRecipeMixin from mod fabric-recipe-api-v1->@Inject::cacheRequiresTesting(Ljava/lang/String;Lnet/minecraft/recipe/book/CraftingRecipeCategory;Lnet/minecraft/item/ItemStack;Ljava/util/List;Lorg/spongepowered/asm/mixin/injection/callback/CallbackInfo;)V doesn't use it's CallbackInfo
[10:06:30] [main/DEBUG] (FabricLoader/Mixin) fabric-recipe-api-v1.mixins.json:ingredient.ShapelessRecipeMixin from mod fabric-recipe-api-v1->@Inject::cacheRequiresTesting(Ljava/lang/String;Lnet/minecraft/recipe/book/CraftingRecipeCategory;Lnet/minecraft/item/ItemStack;Ljava/util/List;Lorg/spongepowered/asm/mixin/injection/callback/CallbackInfo;)V has 0 override(s) in child classes
[10:06:30] [main/DEBUG] (FabricLoader/Mixin) fabric-recipe-api-v1.mixins.json:ingredient.ShapelessRecipeMixin from mod fabric-recipe-api-v1->@Inject::cacheRequiresTesting(Ljava/lang/String;Lnet/minecraft/recipe/book/CraftingRecipeCategory;Lnet/minecraft/item/ItemStack;Ljava/util/List;Lorg/spongepowered/asm/mixin/injection/callback/CallbackInfo;)V won't be passed a CallbackInfo as a result
[10:06:30] [main/DEBUG] (FabricLoader/Mixin) fabric-recipe-api-v1.mixins.json:ingredient.ShapelessRecipeMixin from mod fabric-recipe-api-v1->@Inject::customIngredientMatch(Lnet/minecraft/recipe/input/CraftingRecipeInput;Lnet/minecraft/world/World;Lorg/spongepowered/asm/mixin/injection/callback/CallbackInfoReturnable;)V does use it's CallbackInfoReturnable
[10:06:30] [main/DEBUG] (FabricLoader/Mixin) Mixing ChunkStatusTasksMixin from fabric-lifecycle-events-v1.mixins.json into net.minecraft.world.chunk.ChunkGenerating
[10:06:30] [main/DEBUG] (FabricLoader/Mixin) fabric-lifecycle-events-v1.mixins.json:ChunkStatusTasksMixin from mod fabric-lifecycle-events-v1->@Inject::onChunkLoad(Lnet/minecraft/world/chunk/Chunk;Lnet/minecraft/world/chunk/ChunkGenerationContext;Lnet/minecraft/world/chunk/AbstractChunkHolder;Lorg/spongepowered/asm/mixin/injection/callback/CallbackInfoReturnable;)V does use it's CallbackInfoReturnable
[10:06:30] [main/DEBUG] (FabricLoader/Mixin) Mixing StructureTemplateManagerMixin from fabric-gametest-api-v1.mixins.json into net.minecraft.structure.StructureTemplateManager
[10:06:30] [main/DEBUG] (FabricLoader/Mixin) Renaming @Unique method streamTemplatesFromResource()Ljava/util/stream/Stream; to md93b9f9$fabric-gametest-api-v1$streamTemplatesFromResource$0 in fabric-gametest-api-v1.mixins.json:StructureTemplateManagerMixin from mod fabric-gametest-api-v1
[10:06:30] [main/DEBUG] (FabricLoader/Mixin) fabric-gametest-api-v1.mixins.json:StructureTemplateManagerMixin from mod fabric-gametest-api-v1->@Inject::addFabricTemplateProvider(Lnet/minecraft/resource/ResourceManager;Lnet/minecraft/world/level/storage/LevelStorage$Session;Lcom/mojang/datafixers/DataFixer;Lnet/minecraft/registry/RegistryEntryLookup;Lorg/spongepowered/asm/mixin/injection/callback/CallbackInfo;)V doesn't use it's CallbackInfo
[10:06:30] [main/DEBUG] (FabricLoader/Mixin) fabric-gametest-api-v1.mixins.json:StructureTemplateManagerMixin from mod fabric-gametest-api-v1->@Inject::addFabricTemplateProvider(Lnet/minecraft/resource/ResourceManager;Lnet/minecraft/world/level/storage/LevelStorage$Session;Lcom/mojang/datafixers/DataFixer;Lnet/minecraft/registry/RegistryEntryLookup;Lorg/spongepowered/asm/mixin/injection/callback/CallbackInfo;)V has 0 override(s) in child classes
[10:06:30] [main/DEBUG] (FabricLoader/Mixin) fabric-gametest-api-v1.mixins.json:StructureTemplateManagerMixin from mod fabric-gametest-api-v1->@Inject::addFabricTemplateProvider(Lnet/minecraft/resource/ResourceManager;Lnet/minecraft/world/level/storage/LevelStorage$Session;Lcom/mojang/datafixers/DataFixer;Lnet/minecraft/registry/RegistryEntryLookup;Lorg/spongepowered/asm/mixin/injection/callback/CallbackInfo;)V won't be passed a CallbackInfo as a result
[10:06:30] [main/DEBUG] (FabricLoader/Mixin) Mixing BiomeSourceMixin from fabric-biome-api-v1.mixins.json into net.minecraft.world.biome.source.BiomeSource
[10:06:30] [main/DEBUG] (FabricLoader/Mixin) Mixing MultiNoiseBiomeSourceMixin from fabric-biome-api-v1.mixins.json into net.minecraft.world.biome.source.MultiNoiseBiomeSource
[10:06:30] [main/DEBUG] (FabricLoader/Mixin) Mixing NetherBiomePresetMixin from fabric-biome-api-v1.mixins.json into net.minecraft.world.biome.source.MultiNoiseBiomeSourceParameterList$Preset$1
[10:06:30] [main/DEBUG] (FabricLoader/Mixin) fabric-biome-api-v1.mixins.json:NetherBiomePresetMixin from mod fabric-biome-api-v1->@Inject::apply(Ljava/util/function/Function;Lorg/spongepowered/asm/mixin/injection/callback/CallbackInfoReturnable;)V does use it's CallbackInfoReturnable
[10:06:30] [main/DEBUG] (FabricLoader/Mixin) Mixing RegistryOpsAccessor from fabric-resource-conditions-api-v1.mixins.json into net.minecraft.registry.RegistryOps
[10:06:30] [main/DEBUG] (FabricLoader/Mixin) Mixing TheEndBiomeSourceMixin from fabric-biome-api-v1.mixins.json into net.minecraft.world.biome.source.TheEndBiomeSource
[10:06:30] [main/DEBUG] (FabricLoader/Mixin) Renaming synthetic method lambda$init$1(Lnet/minecraft/registry/RegistryEntryLookup;)Lnet/fabricmc/fabric/impl/biome/TheEndBiomeData$Overrides; to md93b9f9$fabric-biome-api-v1$lambda$init$1$0 in fabric-biome-api-v1.mixins.json:TheEndBiomeSourceMixin from mod fabric-biome-api-v1
[10:06:30] [main/DEBUG] (FabricLoader/Mixin) Renaming synthetic method lambda$modifyCodec$0(Lcom/mojang/serialization/codecs/RecordCodecBuilder$Instance;)Lcom/mojang/datafixers/kinds/App; to md93b9f9$fabric-biome-api-v1$lambda$modifyCodec$0$1 in fabric-biome-api-v1.mixins.json:TheEndBiomeSourceMixin from mod fabric-biome-api-v1
[10:06:30] [main/DEBUG] (FabricLoader/Mixin) fabric-biome-api-v1.mixins.json:TheEndBiomeSourceMixin from mod fabric-biome-api-v1->@Inject::modifyCodec(Lorg/spongepowered/asm/mixin/injection/callback/CallbackInfo;)V doesn't use it's CallbackInfo
[10:06:30] [main/DEBUG] (FabricLoader/Mixin) fabric-biome-api-v1.mixins.json:TheEndBiomeSourceMixin from mod fabric-biome-api-v1->@Inject::rememberLookup(Lnet/minecraft/registry/RegistryEntryLookup;Lorg/spongepowered/asm/mixin/injection/callback/CallbackInfoReturnable;)V doesn't use it's CallbackInfoReturnable
[10:06:30] [main/DEBUG] (FabricLoader/Mixin) fabric-biome-api-v1.mixins.json:TheEndBiomeSourceMixin from mod fabric-biome-api-v1->@Inject::clearLookup(Lnet/minecraft/registry/RegistryEntryLookup;Lorg/spongepowered/asm/mixin/injection/callback/CallbackInfoReturnable;)V doesn't use it's CallbackInfoReturnable
[10:06:30] [main/DEBUG] (FabricLoader/Mixin) fabric-biome-api-v1.mixins.json:TheEndBiomeSourceMixin from mod fabric-biome-api-v1->@Inject::init(Lnet/minecraft/registry/entry/RegistryEntry;Lnet/minecraft/registry/entry/RegistryEntry;Lnet/minecraft/registry/entry/RegistryEntry;Lnet/minecraft/registry/entry/RegistryEntry;Lnet/minecraft/registry/entry/RegistryEntry;Lorg/spongepowered/asm/mixin/injection/callback/CallbackInfo;)V doesn't use it's CallbackInfo
[10:06:30] [main/DEBUG] (FabricLoader/Mixin) fabric-biome-api-v1.mixins.json:TheEndBiomeSourceMixin from mod fabric-biome-api-v1->@Inject::init(Lnet/minecraft/registry/entry/RegistryEntry;Lnet/minecraft/registry/entry/RegistryEntry;Lnet/minecraft/registry/entry/RegistryEntry;Lnet/minecraft/registry/entry/RegistryEntry;Lnet/minecraft/registry/entry/RegistryEntry;Lorg/spongepowered/asm/mixin/injection/callback/CallbackInfo;)V has 0 override(s) in child classes
[10:06:30] [main/DEBUG] (FabricLoader/Mixin) fabric-biome-api-v1.mixins.json:TheEndBiomeSourceMixin from mod fabric-biome-api-v1->@Inject::init(Lnet/minecraft/registry/entry/RegistryEntry;Lnet/minecraft/registry/entry/RegistryEntry;Lnet/minecraft/registry/entry/RegistryEntry;Lnet/minecraft/registry/entry/RegistryEntry;Lnet/minecraft/registry/entry/RegistryEntry;Lorg/spongepowered/asm/mixin/injection/callback/CallbackInfo;)V won't be passed a CallbackInfo as a result
[10:06:30] [main/DEBUG] (FabricLoader/Mixin) fabric-biome-api-v1.mixins.json:TheEndBiomeSourceMixin from mod fabric-biome-api-v1->@Inject::getWeightedEndBiome(IIILnet/minecraft/world/biome/source/util/MultiNoiseUtil$MultiNoiseSampler;Lorg/spongepowered/asm/mixin/injection/callback/CallbackInfoReturnable;)V does use it's CallbackInfoReturnable
[10:06:30] [main/DEBUG] (FabricLoader/Mixin) fabric-biome-api-v1.mixins.json:TheEndBiomeSourceMixin from mod fabric-biome-api-v1->@Inject::getWeightedEndBiome(IIILnet/minecraft/world/biome/source/util/MultiNoiseUtil$MultiNoiseSampler;Lorg/spongepowered/asm/mixin/injection/callback/CallbackInfoReturnable;)V does use it's CallbackInfoReturnable
[10:06:30] [main/DEBUG] (FabricLoader/Mixin) fabric-biome-api-v1.mixins.json:TheEndBiomeSourceMixin from mod fabric-biome-api-v1->@Inject::getWeightedEndBiome(IIILnet/minecraft/world/biome/source/util/MultiNoiseUtil$MultiNoiseSampler;Lorg/spongepowered/asm/mixin/injection/callback/CallbackInfoReturnable;)V does use it's CallbackInfoReturnable
[10:06:30] [main/DEBUG] (FabricLoader/Mixin) fabric-biome-api-v1.mixins.json:TheEndBiomeSourceMixin from mod fabric-biome-api-v1->@Inject::getWeightedEndBiome(IIILnet/minecraft/world/biome/source/util/MultiNoiseUtil$MultiNoiseSampler;Lorg/spongepowered/asm/mixin/injection/callback/CallbackInfoReturnable;)V does use it's CallbackInfoReturnable
[10:06:30] [main/DEBUG] (FabricLoader/Mixin) fabric-biome-api-v1.mixins.json:TheEndBiomeSourceMixin from mod fabric-biome-api-v1->@Inject::getWeightedEndBiome(IIILnet/minecraft/world/biome/source/util/MultiNoiseUtil$MultiNoiseSampler;Lorg/spongepowered/asm/mixin/injection/callback/CallbackInfoReturnable;)V does use it's CallbackInfoReturnable
[10:06:30] [main/DEBUG] (FabricLoader/Mixin) Mixing DebugLevelSourceAccessor from fabric-registry-sync-v0.mixins.json into net.minecraft.world.gen.chunk.DebugChunkGenerator
[10:06:30] [main/DEBUG] (FabricLoader/Mixin) Renaming @Accessor method setALL_BLOCKS(Ljava/util/List;)V to setALL_BLOCKS$fabric-registry-sync-v0_$md$93b9f9$0 in fabric-registry-sync-v0.mixins.json:DebugLevelSourceAccessor from mod fabric-registry-sync-v0
[10:06:30] [main/DEBUG] (FabricLoader/Mixin) Renaming @Accessor method setGRID_WIDTH(I)V to setGRID_WIDTH$fabric-registry-sync-v0_$md$93b9f9$1 in fabric-registry-sync-v0.mixins.json:DebugLevelSourceAccessor from mod fabric-registry-sync-v0
[10:06:30] [main/DEBUG] (FabricLoader/Mixin) Renaming @Accessor method setGRID_HEIGHT(I)V to setGRID_HEIGHT$fabric-registry-sync-v0_$md$93b9f9$2 in fabric-registry-sync-v0.mixins.json:DebugLevelSourceAccessor from mod fabric-registry-sync-v0
[10:06:30] [main/DEBUG] (FabricLoader/Mixin) Mixing GameRulesServiceGameRuleUpdateMixin from fabric-game-rule-api-v1.mixins.json into net.minecraft.server.dedicated.management.dispatch.GameRuleRpcDispatcher$RuleEntry
[10:06:30] [main/DEBUG] (FabricLoader/Mixin) Renaming synthetic method lambda$fabric_createTypedCodec$4(Lnet/minecraft/world/rule/GameRule;Lcom/mojang/serialization/codecs/RecordCodecBuilder$Instance;)Lcom/mojang/datafixers/kinds/App; to md93b9f9$fabric-game-rule-api-v1$lambda$fabric_createTypedCodec$4$0 in fabric-game-rule-api-v1.mixins.json:GameRulesServiceGameRuleUpdateMixin from mod fabric-game-rule-api-v1
[10:06:30] [main/DEBUG] (FabricLoader/Mixin) Renaming synthetic method lambda$fabric_createTypedCodec$3(Lnet/minecraft/world/rule/GameRule;Lnet/fabricmc/fabric/impl/gamerule/rpc/FabricGameRuleType;Ljava/lang/Object;)Lnet/minecraft/server/dedicated/management/dispatch/GameRuleRpcDispatcher$RuleEntry; to md93b9f9$fabric-game-rule-api-v1$lambda$fabric_createTypedCodec$3$1 in fabric-game-rule-api-v1.mixins.json:GameRulesServiceGameRuleUpdateMixin from mod fabric-game-rule-api-v1
[10:06:30] [main/DEBUG] (FabricLoader/Mixin) Renaming synthetic method lambda$fabric_createTypedCodec$2(Lnet/minecraft/server/dedicated/management/dispatch/GameRuleRpcDispatcher$RuleEntry;)Lnet/fabricmc/fabric/impl/gamerule/rpc/FabricGameRuleType; to md93b9f9$fabric-game-rule-api-v1$lambda$fabric_createTypedCodec$2$2 in fabric-game-rule-api-v1.mixins.json:GameRulesServiceGameRuleUpdateMixin from mod fabric-game-rule-api-v1
[10:06:30] [main/DEBUG] (FabricLoader/Mixin) Renaming synthetic method lambda$fabricTypeCodec$1(Lnet/minecraft/server/dedicated/management/dispatch/GameRuleRpcDispatcher$RuleEntry;)Lcom/mojang/datafixers/util/Either; to md93b9f9$fabric-game-rule-api-v1$lambda$fabricTypeCodec$1$3 in fabric-game-rule-api-v1.mixins.json:GameRulesServiceGameRuleUpdateMixin from mod fabric-game-rule-api-v1
[10:06:30] [main/DEBUG] (FabricLoader/Mixin) Renaming synthetic method lambda$fabricTypeCodec$0(Lcom/mojang/datafixers/util/Either;)Lnet/minecraft/server/dedicated/management/dispatch/GameRuleRpcDispatcher$RuleEntry; to md93b9f9$fabric-game-rule-api-v1$lambda$fabricTypeCodec$0$4 in fabric-game-rule-api-v1.mixins.json:GameRulesServiceGameRuleUpdateMixin from mod fabric-game-rule-api-v1
[10:06:30] [main/DEBUG] (FabricLoader/Mixin) fabric-game-rule-api-v1.mixins.json:GameRulesServiceGameRuleUpdateMixin from mod fabric-game-rule-api-v1->@Inject::updateFabricType(Lnet/minecraft/world/rule/GameRule;Ljava/lang/Object;Lorg/spongepowered/asm/mixin/injection/callback/CallbackInfo;)V doesn't use it's CallbackInfo
[10:06:30] [main/DEBUG] (FabricLoader/Mixin) Mixing client.item.BlockModelWrapperUnbakedMixin from fabric-renderer-api-v1.mixins.json into net.minecraft.client.render.item.model.BasicItemModel$Unbaked
[10:06:30] [main/DEBUG] (FabricLoader/Mixin) Mixing client.item.BlockModelWrapperMixin from fabric-renderer-api-v1.mixins.json into net.minecraft.client.render.item.model.BasicItemModel
[10:06:30] [main/DEBUG] (FabricLoader/Mixin) Renaming synthetic method lambda$fabric_setMesh$1(Lnet/minecraft/client/render/model/ErrorCollectingSpriteGetter;Lnet/fabricmc/fabric/api/renderer/v1/mesh/QuadView;)V to md93b9f9$fabric-renderer-api-v1$lambda$fabric_setMesh$1$0 in fabric-renderer-api-v1.mixins.json:client.item.BlockModelWrapperMixin from mod fabric-renderer-api-v1
[10:06:30] [main/DEBUG] (FabricLoader/Mixin) Renaming synthetic method lambda$onReturnUpdate$0(Lnet/minecraft/client/render/BlockRenderLayer;Lnet/fabricmc/fabric/api/renderer/v1/mesh/QuadAtlas;Lnet/minecraft/client/render/BlockRenderLayer;)Lnet/minecraft/client/render/RenderLayer; to md93b9f9$fabric-renderer-api-v1$lambda$onReturnUpdate$0$1 in fabric-renderer-api-v1.mixins.json:client.item.BlockModelWrapperMixin from mod fabric-renderer-api-v1
[10:06:30] [main/DEBUG] (FabricLoader/Mixin) fabric-renderer-api-v1.mixins.json:client.item.BlockModelWrapperMixin from mod fabric-renderer-api-v1->@Inject::onReturnUpdate(Lnet/minecraft/client/render/item/ItemRenderState;Lnet/minecraft/item/ItemStack;Lnet/minecraft/client/item/ItemModelManager;Lnet/minecraft/item/ItemDisplayContext;Lnet/minecraft/client/world/ClientWorld;Lnet/minecraft/util/HeldItemContext;ILorg/spongepowered/asm/mixin/injection/callback/CallbackInfo;)V doesn't use it's CallbackInfo
[10:06:30] [main/DEBUG] (FabricLoader/Mixin) fabric-renderer-api-v1.mixins.json:client.item.BlockModelWrapperMixin from mod fabric-renderer-api-v1->@Inject::onReturnUpdate(Lnet/minecraft/client/render/item/ItemRenderState;Lnet/minecraft/item/ItemStack;Lnet/minecraft/client/item/ItemModelManager;Lnet/minecraft/item/ItemDisplayContext;Lnet/minecraft/client/world/ClientWorld;Lnet/minecraft/util/HeldItemContext;ILorg/spongepowered/asm/mixin/injection/callback/CallbackInfo;)V has 0 override(s) in child classes
[10:06:30] [main/DEBUG] (FabricLoader/Mixin) fabric-renderer-api-v1.mixins.json:client.item.BlockModelWrapperMixin from mod fabric-renderer-api-v1->@Inject::onReturnUpdate(Lnet/minecraft/client/render/item/ItemRenderState;Lnet/minecraft/item/ItemStack;Lnet/minecraft/client/item/ItemModelManager;Lnet/minecraft/item/ItemDisplayContext;Lnet/minecraft/client/world/ClientWorld;Lnet/minecraft/util/HeldItemContext;ILorg/spongepowered/asm/mixin/injection/callback/CallbackInfo;)V won't be passed a CallbackInfo as a result
[10:06:30] [main/DEBUG] (FabricLoader/Mixin) Mixing SpecialModelRenderersMixin from fabric-rendering-v1.mixins.json into net.minecraft.client.render.item.model.special.SpecialModelTypes
[10:06:30] [main/DEBUG] (FabricLoader/Mixin) fabric-rendering-v1.mixins.json:SpecialModelRenderersMixin from mod fabric-rendering-v1->@Inject::onReturnClinit(Lorg/spongepowered/asm/mixin/injection/callback/CallbackInfo;)V doesn't use it's CallbackInfo
[10:06:30] [main/DEBUG] (FabricLoader/Mixin) Mixing SheetsMixin from fabric-object-builder-v1.client.mixins.json into net.minecraft.client.render.TexturedRenderLayers
[10:06:30] [main/DEBUG] (FabricLoader/Mixin) fabric-object-builder-v1.client.mixins.json:SheetsMixin from mod fabric-object-builder-api-v1->@Inject::onReturnClinit(Lorg/spongepowered/asm/mixin/injection/callback/CallbackInfo;)V doesn't use it's CallbackInfo
[10:06:30] [main/DEBUG] (FabricLoader/Mixin) Mixing RenderPipelineSnippetMixin from fabric-rendering-v1.mixins.json into com.mojang.blaze3d.pipeline.RenderPipeline$Snippet
[10:06:31] [main/DEBUG] (FabricLoader/Mixin) Mixing RenderPipelineMixin from fabric-rendering-v1.mixins.json into com.mojang.blaze3d.pipeline.RenderPipeline
[10:06:31] [main/DEBUG] (FabricLoader/Mixin) Mixing RenderPipelineBuilderMixin from fabric-rendering-v1.mixins.json into com.mojang.blaze3d.pipeline.RenderPipeline$Builder
[10:06:31] [main/DEBUG] (FabricLoader/Mixin) Renaming synthetic method lambda$copyUsePipelineDrawModeForGuiToSnippet$1(Lcom/llamalad7/mixinextras/injector/wrapoperation/Operation;Ljava/util/Optional;Ljava/util/Optional;Ljava/util/Optional;Ljava/util/Optional;Ljava/util/Optional;Ljava/util/Optional;Ljava/util/Optional;Ljava/util/Optional;Ljava/util/Optional;Ljava/util/Optional;Ljava/util/Optional;Ljava/util/Optional;Ljava/util/Optional;Ljava/util/Optional;Ljava/util/Optional;)Lcom/mojang/blaze3d/pipeline/RenderPipeline$Snippet; to md93b9f9$fabric-rendering-v1$lambda$copyUsePipelineDrawModeForGuiToSnippet$1$0 in fabric-rendering-v1.mixins.json:RenderPipelineBuilderMixin from mod fabric-rendering-v1
[10:06:31] [main/DEBUG] (FabricLoader/Mixin) Renaming synthetic method lambda$copyUsePipelineDrawModeForGuiFromSnippet$0(Ljava/lang/Boolean;)V to md93b9f9$fabric-rendering-v1$lambda$copyUsePipelineDrawModeForGuiFromSnippet$0$1 in fabric-rendering-v1.mixins.json:RenderPipelineBuilderMixin from mod fabric-rendering-v1
[10:06:31] [main/DEBUG] (FabricLoader/Mixin) fabric-rendering-v1.mixins.json:RenderPipelineBuilderMixin from mod fabric-rendering-v1->@Inject::copyUsePipelineDrawModeForGuiFromSnippet(Lcom/mojang/blaze3d/pipeline/RenderPipeline$Snippet;Lorg/spongepowered/asm/mixin/injection/callback/CallbackInfo;)V doesn't use it's CallbackInfo
[10:06:31] [main/DEBUG] (FabricLoader/Mixin) fabric-rendering-v1.mixins.json:RenderPipelineBuilderMixin from mod fabric-rendering-v1->@Inject::copyUsePipelineDrawModeForGuiFromSnippet(Lcom/mojang/blaze3d/pipeline/RenderPipeline$Snippet;Lorg/spongepowered/asm/mixin/injection/callback/CallbackInfo;)V has 0 override(s) in child classes
[10:06:31] [main/DEBUG] (FabricLoader/Mixin) fabric-rendering-v1.mixins.json:RenderPipelineBuilderMixin from mod fabric-rendering-v1->@Inject::copyUsePipelineDrawModeForGuiFromSnippet(Lcom/mojang/blaze3d/pipeline/RenderPipeline$Snippet;Lorg/spongepowered/asm/mixin/injection/callback/CallbackInfo;)V won't be passed a CallbackInfo as a result
[10:06:31] [main/DEBUG] (FabricLoader/Mixin) Mixing client.sprite.TextureAtlasMixin from fabric-renderer-api-v1.mixins.json into net.minecraft.client.texture.SpriteAtlasTexture
[10:06:31] [main/DEBUG] (FabricLoader/Mixin) fabric-renderer-api-v1.mixins.json:client.sprite.TextureAtlasMixin from mod fabric-renderer-api-v1->@Inject::uploadHook(Lnet/minecraft/client/texture/SpriteLoader$StitchResult;Lorg/spongepowered/asm/mixin/injection/callback/CallbackInfo;)V doesn't use it's CallbackInfo
[10:06:31] [main/DEBUG] (FabricLoader/Mixin) fabric-renderer-api-v1.mixins.json:client.sprite.TextureAtlasMixin from mod fabric-renderer-api-v1->@Inject::uploadHook(Lnet/minecraft/client/texture/SpriteLoader$StitchResult;Lorg/spongepowered/asm/mixin/injection/callback/CallbackInfo;)V has 0 override(s) in child classes
[10:06:31] [main/DEBUG] (FabricLoader/Mixin) fabric-renderer-api-v1.mixins.json:client.sprite.TextureAtlasMixin from mod fabric-renderer-api-v1->@Inject::uploadHook(Lnet/minecraft/client/texture/SpriteLoader$StitchResult;Lorg/spongepowered/asm/mixin/injection/callback/CallbackInfo;)V won't be passed a CallbackInfo as a result
[10:06:31] [main/DEBUG] (FabricLoader/Mixin) Mixing ItemRendererAccessor from fabric-renderer-indigo.mixins.json into net.minecraft.client.render.item.ItemRenderer
[10:06:31] [main/DEBUG] (FabricLoader/Mixin) Renaming @Invoker method fabric_getDynamicDisplayGlintConsumer(Lnet/minecraft/client/render/VertexConsumerProvider;Lnet/minecraft/client/render/RenderLayer;Lnet/minecraft/client/util/math/MatrixStack$Entry;)Lnet/minecraft/client/render/VertexConsumer; to fabric_getDynamicDisplayGlintConsumer$fabric-renderer-indigo_$md$93b9f9$0 in fabric-renderer-indigo.mixins.json:ItemRendererAccessor from mod fabric-renderer-indigo
[10:06:31] [main/DEBUG] (FabricLoader/Mixin) Mixing RenderStateMixin from fabric-rendering-v1.mixins.json into net.minecraft.client.render.block.entity.state.BlockEntityRenderState
[10:06:31] [main/DEBUG] (FabricLoader/Mixin) Mixing ModelMixin from fabric-rendering-v1.mixins.json into net.minecraft.client.model.Model
[10:06:31] [main/DEBUG] (FabricLoader/Mixin) Renaming synthetic method lambda$copyTransforms$0(Ljava/lang/String;Lnet/minecraft/client/model/ModelPart;)V to md93b9f9$fabric-rendering-v1$lambda$copyTransforms$0$0 in fabric-rendering-v1.mixins.json:ModelMixin from mod fabric-rendering-v1
[10:06:31] [main/DEBUG] (FabricLoader/Mixin) fabric-rendering-v1.mixins.json:ModelMixin from mod fabric-rendering-v1->@Inject::fillChildPartMap(Lnet/minecraft/client/model/ModelPart;Ljava/util/function/Function;Lorg/spongepowered/asm/mixin/injection/callback/CallbackInfo;)V doesn't use it's CallbackInfo
[10:06:31] [main/DEBUG] (FabricLoader/Mixin) fabric-rendering-v1.mixins.json:ModelMixin from mod fabric-rendering-v1->@Inject::fillChildPartMap(Lnet/minecraft/client/model/ModelPart;Ljava/util/function/Function;Lorg/spongepowered/asm/mixin/injection/callback/CallbackInfo;)V has 0 override(s) in child classes
[10:06:31] [main/DEBUG] (FabricLoader/Mixin) fabric-rendering-v1.mixins.json:ModelMixin from mod fabric-rendering-v1->@Inject::fillChildPartMap(Lnet/minecraft/client/model/ModelPart;Ljava/util/function/Function;Lorg/spongepowered/asm/mixin/injection/callback/CallbackInfo;)V won't be passed a CallbackInfo as a result
[10:06:31] [main/DEBUG] (FabricLoader/Mixin) Mixing KeyMappingAccessor from fabric-key-binding-api-v1.mixins.json into net.minecraft.client.option.KeyBinding
[10:06:31] [main/DEBUG] (FabricLoader/Mixin) Mixing KeyMappingAccessor from fabric-events-interaction-v0.client.mixins.json into net.minecraft.client.option.KeyBinding
[10:06:31] [main/DEBUG] (FabricLoader/Mixin) Mixing SpriteSourcesAccessor from fabric-rendering-v1.mixins.json into net.minecraft.client.texture.atlas.AtlasSourceManager
[10:06:31] [main/DEBUG] (FabricLoader/Mixin) Renaming @Accessor method getAtlasSourceCodecs()Lnet/minecraft/util/dynamic/Codecs$IdMapper; to getAtlasSourceCodecs$fabric-rendering-v1_$md$93b9f9$0 in fabric-rendering-v1.mixins.json:SpriteSourcesAccessor from mod fabric-rendering-v1
[10:06:31] [main/DEBUG] (FabricLoader/Mixin) Mixing ScreenAccessor from fabric-screen-api-v1.mixins.json into net.minecraft.client.gui.screen.Screen
[10:06:31] [main/DEBUG] (FabricLoader/Mixin) Mixing ScreenMixin from fabric-screen-api-v1.mixins.json into net.minecraft.client.gui.screen.Screen
[10:06:31] [main/DEBUG] (FabricLoader/Mixin) fabric-screen-api-v1.mixins.json:ScreenMixin from mod fabric-screen-api-v1->@Inject::renderWithTooltip(Lnet/minecraft/client/gui/DrawContext;IIFLorg/spongepowered/asm/mixin/injection/callback/CallbackInfo;)V doesn't use it's CallbackInfo
[10:06:31] [main/DEBUG] (FabricLoader/Mixin) fabric-screen-api-v1.mixins.json:ScreenMixin from mod fabric-screen-api-v1->@Inject::beforeInitScreen(IILorg/spongepowered/asm/mixin/injection/callback/CallbackInfo;)V doesn't use it's CallbackInfo
[10:06:31] [main/DEBUG] (FabricLoader/Mixin) fabric-screen-api-v1.mixins.json:ScreenMixin from mod fabric-screen-api-v1->@Inject::beforeInitScreen(IILorg/spongepowered/asm/mixin/injection/callback/CallbackInfo;)V has 0 override(s) in child classes
[10:06:31] [main/DEBUG] (FabricLoader/Mixin) fabric-screen-api-v1.mixins.json:ScreenMixin from mod fabric-screen-api-v1->@Inject::beforeInitScreen(IILorg/spongepowered/asm/mixin/injection/callback/CallbackInfo;)V won't be passed a CallbackInfo as a result
[10:06:31] [main/DEBUG] (FabricLoader/Mixin) fabric-screen-api-v1.mixins.json:ScreenMixin from mod fabric-screen-api-v1->@Inject::afterInitScreen(IILorg/spongepowered/asm/mixin/injection/callback/CallbackInfo;)V doesn't use it's CallbackInfo
[10:06:31] [main/DEBUG] (FabricLoader/Mixin) fabric-screen-api-v1.mixins.json:ScreenMixin from mod fabric-screen-api-v1->@Inject::afterInitScreen(IILorg/spongepowered/asm/mixin/injection/callback/CallbackInfo;)V has 0 override(s) in child classes
[10:06:31] [main/DEBUG] (FabricLoader/Mixin) fabric-screen-api-v1.mixins.json:ScreenMixin from mod fabric-screen-api-v1->@Inject::afterInitScreen(IILorg/spongepowered/asm/mixin/injection/callback/CallbackInfo;)V won't be passed a CallbackInfo as a result
[10:06:31] [main/DEBUG] (FabricLoader/Mixin) fabric-screen-api-v1.mixins.json:ScreenMixin from mod fabric-screen-api-v1->@Inject::beforeResizeScreen(IILorg/spongepowered/asm/mixin/injection/callback/CallbackInfo;)V doesn't use it's CallbackInfo
[10:06:31] [main/DEBUG] (FabricLoader/Mixin) fabric-screen-api-v1.mixins.json:ScreenMixin from mod fabric-screen-api-v1->@Inject::beforeResizeScreen(IILorg/spongepowered/asm/mixin/injection/callback/CallbackInfo;)V has 0 override(s) in child classes
[10:06:31] [main/DEBUG] (FabricLoader/Mixin) fabric-screen-api-v1.mixins.json:ScreenMixin from mod fabric-screen-api-v1->@Inject::beforeResizeScreen(IILorg/spongepowered/asm/mixin/injection/callback/CallbackInfo;)V won't be passed a CallbackInfo as a result
[10:06:31] [main/DEBUG] (FabricLoader/Mixin) fabric-screen-api-v1.mixins.json:ScreenMixin from mod fabric-screen-api-v1->@Inject::afterResizeScreen(IILorg/spongepowered/asm/mixin/injection/callback/CallbackInfo;)V doesn't use it's CallbackInfo
[10:06:31] [main/DEBUG] (FabricLoader/Mixin) fabric-screen-api-v1.mixins.json:ScreenMixin from mod fabric-screen-api-v1->@Inject::afterResizeScreen(IILorg/spongepowered/asm/mixin/injection/callback/CallbackInfo;)V has 0 override(s) in child classes
[10:06:31] [main/DEBUG] (FabricLoader/Mixin) fabric-screen-api-v1.mixins.json:ScreenMixin from mod fabric-screen-api-v1->@Inject::afterResizeScreen(IILorg/spongepowered/asm/mixin/injection/callback/CallbackInfo;)V won't be passed a CallbackInfo as a result
[10:06:31] [main/DEBUG] (FabricLoader/Mixin) Mixing ClientLevelMixin from fabric-lifecycle-events-v1.client.mixins.json into net.minecraft.client.world.ClientWorld
[10:06:31] [main/DEBUG] (FabricLoader/Mixin) Mixing ClientLevelMixin from fabric-rendering-v1.mixins.json into net.minecraft.client.world.ClientWorld
[10:06:31] [main/DEBUG] (FabricLoader/Mixin) Renaming synthetic method lambda$new$1(Lnet/minecraft/world/biome/ColorResolver;)Lnet/minecraft/client/world/BiomeColorCache; to md93b9f9$fabric-rendering-v1$lambda$new$1$0 in fabric-rendering-v1.mixins.json:ClientLevelMixin from mod fabric-rendering-v1
[10:06:31] [main/DEBUG] (FabricLoader/Mixin) Renaming synthetic method lambda$new$0(Lnet/minecraft/world/biome/ColorResolver;Lnet/minecraft/util/math/BlockPos;)I to md93b9f9$fabric-rendering-v1$lambda$new$0$1 in fabric-rendering-v1.mixins.json:ClientLevelMixin from mod fabric-rendering-v1
[10:06:31] [main/DEBUG] (FabricLoader/Mixin) fabric-lifecycle-events-v1.client.mixins.json:ClientLevelMixin from mod fabric-lifecycle-events-v1->@Inject::tickWorldAfterBlockEntities(Lorg/spongepowered/asm/mixin/injection/callback/CallbackInfo;)V doesn't use it's CallbackInfo
[10:06:31] [main/DEBUG] (FabricLoader/Mixin) fabric-lifecycle-events-v1.client.mixins.json:ClientLevelMixin from mod fabric-lifecycle-events-v1->@Inject::tickWorldAfterBlockEntities(Lorg/spongepowered/asm/mixin/injection/callback/CallbackInfo;)V has 0 override(s) in child classes
[10:06:31] [main/DEBUG] (FabricLoader/Mixin) fabric-lifecycle-events-v1.client.mixins.json:ClientLevelMixin from mod fabric-lifecycle-events-v1->@Inject::tickWorldAfterBlockEntities(Lorg/spongepowered/asm/mixin/injection/callback/CallbackInfo;)V won't be passed a CallbackInfo as a result
[10:06:31] [main/DEBUG] (FabricLoader/Mixin) fabric-lifecycle-events-v1.client.mixins.json:ClientLevelMixin from mod fabric-lifecycle-events-v1->@Inject::startWorldTick(Lorg/spongepowered/asm/mixin/injection/callback/CallbackInfo;)V doesn't use it's CallbackInfo
[10:06:31] [main/DEBUG] (FabricLoader/Mixin) fabric-lifecycle-events-v1.client.mixins.json:ClientLevelMixin from mod fabric-lifecycle-events-v1->@Inject::startWorldTick(Lorg/spongepowered/asm/mixin/injection/callback/CallbackInfo;)V has 0 override(s) in child classes
[10:06:31] [main/DEBUG] (FabricLoader/Mixin) fabric-lifecycle-events-v1.client.mixins.json:ClientLevelMixin from mod fabric-lifecycle-events-v1->@Inject::startWorldTick(Lorg/spongepowered/asm/mixin/injection/callback/CallbackInfo;)V won't be passed a CallbackInfo as a result
[10:06:31] [main/DEBUG] (FabricLoader/Mixin) fabric-rendering-v1.mixins.json:ClientLevelMixin from mod fabric-rendering-v1->@Inject::onResetChunkColor(Lnet/minecraft/util/math/ChunkPos;Lorg/spongepowered/asm/mixin/injection/callback/CallbackInfo;)V doesn't use it's CallbackInfo
[10:06:31] [main/DEBUG] (FabricLoader/Mixin) fabric-rendering-v1.mixins.json:ClientLevelMixin from mod fabric-rendering-v1->@Inject::onResetChunkColor(Lnet/minecraft/util/math/ChunkPos;Lorg/spongepowered/asm/mixin/injection/callback/CallbackInfo;)V has 0 override(s) in child classes
[10:06:31] [main/DEBUG] (FabricLoader/Mixin) fabric-rendering-v1.mixins.json:ClientLevelMixin from mod fabric-rendering-v1->@Inject::onResetChunkColor(Lnet/minecraft/util/math/ChunkPos;Lorg/spongepowered/asm/mixin/injection/callback/CallbackInfo;)V won't be passed a CallbackInfo as a result
[10:06:31] [main/DEBUG] (FabricLoader/Mixin) fabric-rendering-v1.mixins.json:ClientLevelMixin from mod fabric-rendering-v1->@Inject::onReloadColor(Lorg/spongepowered/asm/mixin/injection/callback/CallbackInfo;)V doesn't use it's CallbackInfo
[10:06:31] [main/DEBUG] (FabricLoader/Mixin) fabric-rendering-v1.mixins.json:ClientLevelMixin from mod fabric-rendering-v1->@Inject::onReloadColor(Lorg/spongepowered/asm/mixin/injection/callback/CallbackInfo;)V has 0 override(s) in child classes
[10:06:31] [main/DEBUG] (FabricLoader/Mixin) fabric-rendering-v1.mixins.json:ClientLevelMixin from mod fabric-rendering-v1->@Inject::onReloadColor(Lorg/spongepowered/asm/mixin/injection/callback/CallbackInfo;)V won't be passed a CallbackInfo as a result
[10:06:31] [main/DEBUG] (FabricLoader/Mixin) Mixing player.AbstractClientPlayerEntityMixin from player_level_skills.mixins.json into net.minecraft.client.network.AbstractClientPlayerEntity
[10:06:31] [main/DEBUG] (FabricLoader/Mixin) Mixing AccessorClickableWidget from mixins.modmenu.json into net.minecraft.client.gui.widget.ClickableWidget
[10:06:31] [main/DEBUG] (FabricLoader/Mixin) Mixing DefaultAttributesAccessor from fabric-object-builder-v1.mixins.json into net.minecraft.entity.attribute.DefaultAttributeRegistry
[10:06:31] [main/DEBUG] (FabricLoader/Mixin) Renaming @Accessor method getRegistry()Ljava/util/Map; to getRegistry$fabric-object-builder-api-v1_$md$93b9f9$0 in fabric-object-builder-v1.mixins.json:DefaultAttributesAccessor from mod fabric-object-builder-api-v1
[10:06:31] [main/DEBUG] (FabricLoader/Mixin) Mixing DefaultAttributesMixin from fabric-object-builder-v1.mixins.json into net.minecraft.entity.attribute.DefaultAttributeRegistry
[10:06:31] [main/DEBUG] (FabricLoader/Mixin) fabric-object-builder-v1.mixins.json:DefaultAttributesMixin from mod fabric-object-builder-api-v1->@Inject::injectAttributes(Lorg/spongepowered/asm/mixin/injection/callback/CallbackInfo;)V doesn't use it's CallbackInfo
[10:06:31] [Render thread/DEBUG] (FabricLoader/Mixin) Mixing player.MinecraftClientMixin from player_level_skills.mixins.json into net.minecraft.client.MinecraftClient
[10:06:31] [Render thread/DEBUG] (FabricLoader/Mixin) Mixing MinecraftMixin from fabric-data-generation-api-v1.client.mixins.json into net.minecraft.client.MinecraftClient
[10:06:31] [Render thread/DEBUG] (FabricLoader/Mixin) Mixing accessor.MinecraftAccessor from fabric-networking-api-v1.client.mixins.json into net.minecraft.client.MinecraftClient
[10:06:31] [Render thread/DEBUG] (FabricLoader/Mixin) Mixing MinecraftMixin from fabric-lifecycle-events-v1.client.mixins.json into net.minecraft.client.MinecraftClient
[10:06:31] [Render thread/DEBUG] (FabricLoader/Mixin) Mixing MinecraftMixin from fabric-screen-api-v1.mixins.json into net.minecraft.client.MinecraftClient
[10:06:31] [Render thread/DEBUG] (FabricLoader/Mixin) Renaming @Unique field LOGGERLorg/slf4j/Logger; to fd93b9f9$fabric-screen-api-v1$LOGGER$0 in fabric-screen-api-v1.mixins.json:MinecraftMixin from mod fabric-screen-api-v1
[10:06:31] [Render thread/DEBUG] (FabricLoader/Mixin) Mixing MinecraftMixin from fabric-registry-sync-v0.client.mixins.json into net.minecraft.client.MinecraftClient
[10:06:31] [Render thread/DEBUG] (FabricLoader/Mixin) Mixing MinecraftMixin from fabric-events-interaction-v0.client.mixins.json into net.minecraft.client.MinecraftClient
[10:06:31] [Render thread/DEBUG] (FabricLoader/Mixin) player_level_skills.mixins.json:player.MinecraftClientMixin from mod player_level_skills->@Inject::handleBlockBreakingMixin(ZLorg/spongepowered/asm/mixin/injection/callback/CallbackInfo;)V does use it's CallbackInfo
[10:06:31] [Render thread/DEBUG] (FabricLoader/Mixin) player_level_skills.mixins.json:player.MinecraftClientMixin from mod player_level_skills->@Inject::doAttackMixin(Lorg/spongepowered/asm/mixin/injection/callback/CallbackInfoReturnable;)V does use it's CallbackInfoReturnable
[10:06:31] [Render thread/DEBUG] (FabricLoader/Mixin) fabric-data-generation-api-v1.client.mixins.json:MinecraftMixin from mod fabric-data-generation-api-v1->@Inject::main(Lorg/spongepowered/asm/mixin/injection/callback/CallbackInfo;)V doesn't use it's CallbackInfo
[10:06:31] [Render thread/DEBUG] (FabricLoader/Mixin) fabric-data-generation-api-v1.client.mixins.json:MinecraftMixin from mod fabric-data-generation-api-v1->@Inject::main(Lorg/spongepowered/asm/mixin/injection/callback/CallbackInfo;)V has 0 override(s) in child classes
[10:06:31] [Render thread/DEBUG] (FabricLoader/Mixin) fabric-data-generation-api-v1.client.mixins.json:MinecraftMixin from mod fabric-data-generation-api-v1->@Inject::main(Lorg/spongepowered/asm/mixin/injection/callback/CallbackInfo;)V won't be passed a CallbackInfo as a result
[10:06:31] [Render thread/DEBUG] (FabricLoader/Mixin) fabric-lifecycle-events-v1.client.mixins.json:MinecraftMixin from mod fabric-lifecycle-events-v1->@Inject::onStartTick(Lorg/spongepowered/asm/mixin/injection/callback/CallbackInfo;)V doesn't use it's CallbackInfo
[10:06:31] [Render thread/DEBUG] (FabricLoader/Mixin) fabric-lifecycle-events-v1.client.mixins.json:MinecraftMixin from mod fabric-lifecycle-events-v1->@Inject::onStartTick(Lorg/spongepowered/asm/mixin/injection/callback/CallbackInfo;)V has 0 override(s) in child classes
[10:06:31] [Render thread/DEBUG] (FabricLoader/Mixin) fabric-lifecycle-events-v1.client.mixins.json:MinecraftMixin from mod fabric-lifecycle-events-v1->@Inject::onStartTick(Lorg/spongepowered/asm/mixin/injection/callback/CallbackInfo;)V won't be passed a CallbackInfo as a result
[10:06:31] [Render thread/DEBUG] (FabricLoader/Mixin) fabric-lifecycle-events-v1.client.mixins.json:MinecraftMixin from mod fabric-lifecycle-events-v1->@Inject::onEndTick(Lorg/spongepowered/asm/mixin/injection/callback/CallbackInfo;)V doesn't use it's CallbackInfo
[10:06:31] [Render thread/DEBUG] (FabricLoader/Mixin) fabric-lifecycle-events-v1.client.mixins.json:MinecraftMixin from mod fabric-lifecycle-events-v1->@Inject::onEndTick(Lorg/spongepowered/asm/mixin/injection/callback/CallbackInfo;)V has 0 override(s) in child classes
[10:06:31] [Render thread/DEBUG] (FabricLoader/Mixin) fabric-lifecycle-events-v1.client.mixins.json:MinecraftMixin from mod fabric-lifecycle-events-v1->@Inject::onEndTick(Lorg/spongepowered/asm/mixin/injection/callback/CallbackInfo;)V won't be passed a CallbackInfo as a result
[10:06:31] [Render thread/DEBUG] (FabricLoader/Mixin) fabric-lifecycle-events-v1.client.mixins.json:MinecraftMixin from mod fabric-lifecycle-events-v1->@Inject::onStopping(Lorg/spongepowered/asm/mixin/injection/callback/CallbackInfo;)V doesn't use it's CallbackInfo
[10:06:31] [Render thread/DEBUG] (FabricLoader/Mixin) fabric-lifecycle-events-v1.client.mixins.json:MinecraftMixin from mod fabric-lifecycle-events-v1->@Inject::onStopping(Lorg/spongepowered/asm/mixin/injection/callback/CallbackInfo;)V has 0 override(s) in child classes
[10:06:31] [Render thread/DEBUG] (FabricLoader/Mixin) fabric-lifecycle-events-v1.client.mixins.json:MinecraftMixin from mod fabric-lifecycle-events-v1->@Inject::onStopping(Lorg/spongepowered/asm/mixin/injection/callback/CallbackInfo;)V won't be passed a CallbackInfo as a result
[10:06:31] [Render thread/DEBUG] (FabricLoader/Mixin) fabric-lifecycle-events-v1.client.mixins.json:MinecraftMixin from mod fabric-lifecycle-events-v1->@Inject::onStart(Lorg/spongepowered/asm/mixin/injection/callback/CallbackInfo;)V doesn't use it's CallbackInfo
[10:06:31] [Render thread/DEBUG] (FabricLoader/Mixin) fabric-lifecycle-events-v1.client.mixins.json:MinecraftMixin from mod fabric-lifecycle-events-v1->@Inject::onStart(Lorg/spongepowered/asm/mixin/injection/callback/CallbackInfo;)V has 0 override(s) in child classes
[10:06:31] [Render thread/DEBUG] (FabricLoader/Mixin) fabric-lifecycle-events-v1.client.mixins.json:MinecraftMixin from mod fabric-lifecycle-events-v1->@Inject::onStart(Lorg/spongepowered/asm/mixin/injection/callback/CallbackInfo;)V won't be passed a CallbackInfo as a result
[10:06:31] [Render thread/DEBUG] (FabricLoader/Mixin) fabric-lifecycle-events-v1.client.mixins.json:MinecraftMixin from mod fabric-lifecycle-events-v1->@Inject::afterClientWorldChange(Lnet/minecraft/client/world/ClientWorld;Lorg/spongepowered/asm/mixin/injection/callback/CallbackInfo;)V doesn't use it's CallbackInfo
[10:06:31] [Render thread/DEBUG] (FabricLoader/Mixin) fabric-lifecycle-events-v1.client.mixins.json:MinecraftMixin from mod fabric-lifecycle-events-v1->@Inject::afterClientWorldChange(Lnet/minecraft/client/world/ClientWorld;Lorg/spongepowered/asm/mixin/injection/callback/CallbackInfo;)V has 0 override(s) in child classes
[10:06:31] [Render thread/DEBUG] (FabricLoader/Mixin) fabric-lifecycle-events-v1.client.mixins.json:MinecraftMixin from mod fabric-lifecycle-events-v1->@Inject::afterClientWorldChange(Lnet/minecraft/client/world/ClientWorld;Lorg/spongepowered/asm/mixin/injection/callback/CallbackInfo;)V won't be passed a CallbackInfo as a result
[10:06:31] [Render thread/DEBUG] (FabricLoader/Mixin) fabric-screen-api-v1.mixins.json:MinecraftMixin from mod fabric-screen-api-v1->@Inject::checkThreadOnDev(Lnet/minecraft/client/gui/screen/Screen;Lorg/spongepowered/asm/mixin/injection/callback/CallbackInfo;)V doesn't use it's CallbackInfo
[10:06:31] [Render thread/DEBUG] (FabricLoader/Mixin) fabric-screen-api-v1.mixins.json:MinecraftMixin from mod fabric-screen-api-v1->@Inject::checkThreadOnDev(Lnet/minecraft/client/gui/screen/Screen;Lorg/spongepowered/asm/mixin/injection/callback/CallbackInfo;)V has 0 override(s) in child classes
[10:06:31] [Render thread/DEBUG] (FabricLoader/Mixin) fabric-screen-api-v1.mixins.json:MinecraftMixin from mod fabric-screen-api-v1->@Inject::checkThreadOnDev(Lnet/minecraft/client/gui/screen/Screen;Lorg/spongepowered/asm/mixin/injection/callback/CallbackInfo;)V won't be passed a CallbackInfo as a result
[10:06:31] [Render thread/DEBUG] (FabricLoader/Mixin) fabric-screen-api-v1.mixins.json:MinecraftMixin from mod fabric-screen-api-v1->@Inject::onScreenRemove(Lnet/minecraft/client/gui/screen/Screen;Lorg/spongepowered/asm/mixin/injection/callback/CallbackInfo;)V doesn't use it's CallbackInfo
[10:06:31] [Render thread/DEBUG] (FabricLoader/Mixin) fabric-screen-api-v1.mixins.json:MinecraftMixin from mod fabric-screen-api-v1->@Inject::onScreenRemove(Lnet/minecraft/client/gui/screen/Screen;Lorg/spongepowered/asm/mixin/injection/callback/CallbackInfo;)V has 0 override(s) in child classes
[10:06:31] [Render thread/DEBUG] (FabricLoader/Mixin) fabric-screen-api-v1.mixins.json:MinecraftMixin from mod fabric-screen-api-v1->@Inject::onScreenRemove(Lnet/minecraft/client/gui/screen/Screen;Lorg/spongepowered/asm/mixin/injection/callback/CallbackInfo;)V won't be passed a CallbackInfo as a result
[10:06:31] [Render thread/DEBUG] (FabricLoader/Mixin) fabric-screen-api-v1.mixins.json:MinecraftMixin from mod fabric-screen-api-v1->@Inject::onScreenRemoveBecauseStopping(Lorg/spongepowered/asm/mixin/injection/callback/CallbackInfo;)V doesn't use it's CallbackInfo
[10:06:31] [Render thread/DEBUG] (FabricLoader/Mixin) fabric-screen-api-v1.mixins.json:MinecraftMixin from mod fabric-screen-api-v1->@Inject::onScreenRemoveBecauseStopping(Lorg/spongepowered/asm/mixin/injection/callback/CallbackInfo;)V has 0 override(s) in child classes
[10:06:31] [Render thread/DEBUG] (FabricLoader/Mixin) fabric-screen-api-v1.mixins.json:MinecraftMixin from mod fabric-screen-api-v1->@Inject::onScreenRemoveBecauseStopping(Lorg/spongepowered/asm/mixin/injection/callback/CallbackInfo;)V won't be passed a CallbackInfo as a result
[10:06:31] [Render thread/DEBUG] (FabricLoader/Mixin) fabric-screen-api-v1.mixins.json:MinecraftMixin from mod fabric-screen-api-v1->@Inject::beforeScreenTick(Lorg/spongepowered/asm/mixin/injection/callback/CallbackInfo;)V doesn't use it's CallbackInfo
[10:06:31] [Render thread/DEBUG] (FabricLoader/Mixin) fabric-screen-api-v1.mixins.json:MinecraftMixin from mod fabric-screen-api-v1->@Inject::beforeScreenTick(Lorg/spongepowered/asm/mixin/injection/callback/CallbackInfo;)V has 0 override(s) in child classes
[10:06:31] [Render thread/DEBUG] (FabricLoader/Mixin) fabric-screen-api-v1.mixins.json:MinecraftMixin from mod fabric-screen-api-v1->@Inject::beforeScreenTick(Lorg/spongepowered/asm/mixin/injection/callback/CallbackInfo;)V won't be passed a CallbackInfo as a result
[10:06:31] [Render thread/DEBUG] (FabricLoader/Mixin) fabric-screen-api-v1.mixins.json:MinecraftMixin from mod fabric-screen-api-v1->@Inject::afterScreenTick(Lorg/spongepowered/asm/mixin/injection/callback/CallbackInfo;)V doesn't use it's CallbackInfo
[10:06:31] [Render thread/DEBUG] (FabricLoader/Mixin) fabric-screen-api-v1.mixins.json:MinecraftMixin from mod fabric-screen-api-v1->@Inject::afterScreenTick(Lorg/spongepowered/asm/mixin/injection/callback/CallbackInfo;)V has 0 override(s) in child classes
[10:06:31] [Render thread/DEBUG] (FabricLoader/Mixin) fabric-screen-api-v1.mixins.json:MinecraftMixin from mod fabric-screen-api-v1->@Inject::afterScreenTick(Lorg/spongepowered/asm/mixin/injection/callback/CallbackInfo;)V won't be passed a CallbackInfo as a result
[10:06:31] [Render thread/DEBUG] (FabricLoader/Mixin) fabric-screen-api-v1.mixins.json:MinecraftMixin from mod fabric-screen-api-v1->@Inject::beforeLoadingScreenTick(Lorg/spongepowered/asm/mixin/injection/callback/CallbackInfo;)V doesn't use it's CallbackInfo
[10:06:31] [Render thread/DEBUG] (FabricLoader/Mixin) fabric-screen-api-v1.mixins.json:MinecraftMixin from mod fabric-screen-api-v1->@Inject::beforeLoadingScreenTick(Lorg/spongepowered/asm/mixin/injection/callback/CallbackInfo;)V has 0 override(s) in child classes
[10:06:31] [Render thread/DEBUG] (FabricLoader/Mixin) fabric-screen-api-v1.mixins.json:MinecraftMixin from mod fabric-screen-api-v1->@Inject::beforeLoadingScreenTick(Lorg/spongepowered/asm/mixin/injection/callback/CallbackInfo;)V won't be passed a CallbackInfo as a result
[10:06:31] [Render thread/DEBUG] (FabricLoader/Mixin) fabric-screen-api-v1.mixins.json:MinecraftMixin from mod fabric-screen-api-v1->@Inject::afterLoadingScreenTick(Lorg/spongepowered/asm/mixin/injection/callback/CallbackInfo;)V doesn't use it's CallbackInfo
[10:06:31] [Render thread/DEBUG] (FabricLoader/Mixin) fabric-screen-api-v1.mixins.json:MinecraftMixin from mod fabric-screen-api-v1->@Inject::afterLoadingScreenTick(Lorg/spongepowered/asm/mixin/injection/callback/CallbackInfo;)V has 0 override(s) in child classes
[10:06:31] [Render thread/DEBUG] (FabricLoader/Mixin) fabric-screen-api-v1.mixins.json:MinecraftMixin from mod fabric-screen-api-v1->@Inject::afterLoadingScreenTick(Lorg/spongepowered/asm/mixin/injection/callback/CallbackInfo;)V won't be passed a CallbackInfo as a result
[10:06:31] [Render thread/DEBUG] (FabricLoader/Mixin) fabric-registry-sync-v0.client.mixins.json:MinecraftMixin from mod fabric-registry-sync-v0->@Inject::disconnectAfter(Lnet/minecraft/client/gui/screen/Screen;ZZLorg/spongepowered/asm/mixin/injection/callback/CallbackInfo;)V doesn't use it's CallbackInfo
[10:06:31] [Render thread/DEBUG] (FabricLoader/Mixin) fabric-registry-sync-v0.client.mixins.json:MinecraftMixin from mod fabric-registry-sync-v0->@Inject::disconnectAfter(Lnet/minecraft/client/gui/screen/Screen;ZZLorg/spongepowered/asm/mixin/injection/callback/CallbackInfo;)V has 0 override(s) in child classes
[10:06:31] [Render thread/DEBUG] (FabricLoader/Mixin) fabric-registry-sync-v0.client.mixins.json:MinecraftMixin from mod fabric-registry-sync-v0->@Inject::disconnectAfter(Lnet/minecraft/client/gui/screen/Screen;ZZLorg/spongepowered/asm/mixin/injection/callback/CallbackInfo;)V won't be passed a CallbackInfo as a result
[10:06:31] [Render thread/DEBUG] (FabricLoader/Mixin) fabric-registry-sync-v0.client.mixins.json:MinecraftMixin from mod fabric-registry-sync-v0->@Inject::afterModInit(Lorg/spongepowered/asm/mixin/injection/callback/CallbackInfo;)V doesn't use it's CallbackInfo
[10:06:31] [Render thread/DEBUG] (FabricLoader/Mixin) fabric-registry-sync-v0.client.mixins.json:MinecraftMixin from mod fabric-registry-sync-v0->@Inject::afterModInit(Lorg/spongepowered/asm/mixin/injection/callback/CallbackInfo;)V has 0 override(s) in child classes
[10:06:31] [Render thread/DEBUG] (FabricLoader/Mixin) fabric-registry-sync-v0.client.mixins.json:MinecraftMixin from mod fabric-registry-sync-v0->@Inject::afterModInit(Lorg/spongepowered/asm/mixin/injection/callback/CallbackInfo;)V won't be passed a CallbackInfo as a result
[10:06:31] [Render thread/DEBUG] (FabricLoader/Mixin) fabric-events-interaction-v0.client.mixins.json:MinecraftMixin from mod fabric-events-interaction-v0->@Inject::injectUseEntityCallback(Lorg/spongepowered/asm/mixin/injection/callback/CallbackInfo;)V does use it's CallbackInfo
[10:06:31] [Render thread/DEBUG] (FabricLoader/Mixin) fabric-events-interaction-v0.client.mixins.json:MinecraftMixin from mod fabric-events-interaction-v0->@Inject::injectHandleInputEventsForPreAttackCallback(Lorg/spongepowered/asm/mixin/injection/callback/CallbackInfo;)V doesn't use it's CallbackInfo
[10:06:31] [Render thread/DEBUG] (FabricLoader/Mixin) fabric-events-interaction-v0.client.mixins.json:MinecraftMixin from mod fabric-events-interaction-v0->@Inject::injectHandleInputEventsForPreAttackCallback(Lorg/spongepowered/asm/mixin/injection/callback/CallbackInfo;)V has 0 override(s) in child classes
[10:06:31] [Render thread/DEBUG] (FabricLoader/Mixin) fabric-events-interaction-v0.client.mixins.json:MinecraftMixin from mod fabric-events-interaction-v0->@Inject::injectHandleInputEventsForPreAttackCallback(Lorg/spongepowered/asm/mixin/injection/callback/CallbackInfo;)V won't be passed a CallbackInfo as a result
[10:06:31] [Render thread/DEBUG] (FabricLoader/Mixin) fabric-events-interaction-v0.client.mixins.json:MinecraftMixin from mod fabric-events-interaction-v0->@Inject::injectDoAttackForCancelling(Lorg/spongepowered/asm/mixin/injection/callback/CallbackInfoReturnable;)V does use it's CallbackInfoReturnable
[10:06:31] [Render thread/DEBUG] (FabricLoader/Mixin) fabric-events-interaction-v0.client.mixins.json:MinecraftMixin from mod fabric-events-interaction-v0->@Inject::injectHandleBlockBreakingForCancelling(ZLorg/spongepowered/asm/mixin/injection/callback/CallbackInfo;)V does use it's CallbackInfo
[10:06:31] [Render thread/DEBUG] (FabricLoader/Mixin) Mixing MixinTitleScreen from mixins.modmenu.json into net.minecraft.client.gui.screen.TitleScreen
[10:06:31] [Render thread/DEBUG] (FabricLoader/Mixin) Mixing MixinGameMenu from mixins.modmenu.json into net.minecraft.client.gui.screen.GameMenuScreen
[10:06:31] [Render thread/DEBUG] (FabricLoader/Mixin) Renaming @Accessor method getCUSTOM_OPTIONS_TOOLTIP()Lnet/minecraft/client/gui/tooltip/Tooltip; to getCUSTOM_OPTIONS_TOOLTIP$modmenu_$md$93b9f9$0 in mixins.modmenu.json:MixinGameMenu from mod modmenu
[10:06:31] [Render thread/DEBUG] (FabricLoader/Mixin) Renaming synthetic method lambda$onInitWidgets$2(Lnet/minecraft/client/gui/widget/ButtonWidget;)V to md93b9f9$modmenu$lambda$onInitWidgets$2$1 in mixins.modmenu.json:MixinGameMenu from mod modmenu
[10:06:31] [Render thread/DEBUG] (FabricLoader/Mixin) Renaming synthetic method lambda$onInitWidgets$1(Lnet/minecraft/client/gui/widget/Widget;)V to md93b9f9$modmenu$lambda$onInitWidgets$1$2 in mixins.modmenu.json:MixinGameMenu from mod modmenu
[10:06:31] [Render thread/DEBUG] (FabricLoader/Mixin) Renaming synthetic method lambda$onInitWidgets$0(Lnet/minecraft/client/gui/widget/Widget;)Z to md93b9f9$modmenu$lambda$onInitWidgets$0$3 in mixins.modmenu.json:MixinGameMenu from mod modmenu
[10:06:31] [Render thread/DEBUG] (FabricLoader/Mixin) mixins.modmenu.json:MixinGameMenu from mod modmenu->@Inject::onInitWidgets(Lorg/spongepowered/asm/mixin/injection/callback/CallbackInfo;Lnet/minecraft/client/gui/widget/GridWidget;)V doesn't use it's CallbackInfo
[10:06:31] [Render thread/DEBUG] (FabricLoader/Mixin) mixins.modmenu.json:MixinGameMenu from mod modmenu->@Inject::onInitWidgets(Lorg/spongepowered/asm/mixin/injection/callback/CallbackInfo;Lnet/minecraft/client/gui/widget/GridWidget;)V has 0 override(s) in child classes
[10:06:31] [Render thread/DEBUG] (FabricLoader/Mixin) mixins.modmenu.json:MixinGameMenu from mod modmenu->@Inject::onInitWidgets(Lorg/spongepowered/asm/mixin/injection/callback/CallbackInfo;Lnet/minecraft/client/gui/widget/GridWidget;)V won't be passed a CallbackInfo as a result
[10:06:31] [Render thread/DEBUG] (FabricLoader/Mixin) Mixing HandledScreenInfoMixin from player_level_skills.mixins.json into net.minecraft.client.gui.screen.ingame.HandledScreen
[10:06:31] [Render thread/DEBUG] (FabricLoader/Mixin) Renaming synthetic method lambda$player_level_skills$onMouseClicked$0()V to md93b9f9$player_level_skills$lambda$player_level_skills$onMouseClicked$0$0 in player_level_skills.mixins.json:HandledScreenInfoMixin from mod player_level_skills
[10:06:31] [Render thread/DEBUG] (FabricLoader/Mixin) Mixing AbstractContainerScreenMixin from fabric-screen-api-v1.mixins.json into net.minecraft.client.gui.screen.ingame.HandledScreen
[10:06:31] [Render thread/DEBUG] (FabricLoader/Mixin) Mixing client.HandledScreenMixin from libz.mixins.json into net.minecraft.client.gui.screen.ingame.HandledScreen
[10:06:31] [Render thread/ERROR] (FabricLoader/Mixin) Mixin apply for mod libz failed libz.mixins.json:client.HandledScreenMixin from mod libz -> net.minecraft.client.gui.screen.ingame.HandledScreen: org.spongepowered.asm.mixin.injection.throwables.InvalidInjectionException Critical injection failure: @Inject annotation on mouseClickedMixin could not find any targets matching 'Lnet/minecraft/client/gui/screen/ingame/HandledScreen;method_25402(DDI)Z' in net/minecraft/client/gui/screen/ingame/HandledScreen. Using refmap libz-refmap.json [INJECT_PREPARE Applicator Phase -> libz.mixins.json:client.HandledScreenMixin from mod libz -> Prepare Injections -> handler$bba001$libz$mouseClickedMixin(DDILorg/spongepowered/asm/mixin/injection/callback/CallbackInfoReturnable;)V -> Parse ->  -> Validate Targets]
org.spongepowered.asm.mixin.injection.throwables.InvalidInjectionException: Critical injection failure: @Inject annotation on mouseClickedMixin could not find any targets matching 'Lnet/minecraft/client/gui/screen/ingame/HandledScreen;method_25402(DDI)Z' in net/minecraft/client/gui/screen/ingame/HandledScreen. Using refmap libz-refmap.json [INJECT_PREPARE Applicator Phase -> libz.mixins.json:client.HandledScreenMixin from mod libz -> Prepare Injections -> handler$bba001$libz$mouseClickedMixin(DDILorg/spongepowered/asm/mixin/injection/callback/CallbackInfoReturnable;)V -> Parse ->  -> Validate Targets]
	at org.spongepowered.asm.mixin.injection.selectors.TargetSelectors.validate(TargetSelectors.java:346)
	at org.spongepowered.asm.mixin.injection.struct.InjectionInfo.readAnnotation(InjectionInfo.java:369)
	at org.spongepowered.asm.mixin.injection.struct.InjectionInfo.<init>(InjectionInfo.java:340)
	at org.spongepowered.asm.mixin.injection.struct.InjectionInfo.<init>(InjectionInfo.java:331)
	at org.spongepowered.asm.mixin.injection.struct.CallbackInjectionInfo.<init>(CallbackInjectionInfo.java:48)
	at java.base/jdk.internal.reflect.DirectConstructorHandleAccessor.newInstance(DirectConstructorHandleAccessor.java:62)
	at java.base/java.lang.reflect.Constructor.newInstanceWithCaller(Constructor.java:502)
	at java.base/java.lang.reflect.Constructor.newInstance(Constructor.java:486)
	at org.spongepowered.asm.mixin.injection.struct.InjectionInfo$InjectorEntry.create(InjectionInfo.java:196)
	at org.spongepowered.asm.mixin.injection.struct.InjectionInfo.parse(InjectionInfo.java:664)
	at org.spongepowered.asm.mixin.transformer.MixinTargetContext.prepareInjections(MixinTargetContext.java:1396)
	at org.spongepowered.asm.mixin.transformer.MixinApplicatorStandard.prepareInjections(MixinApplicatorStandard.java:731)
	at org.spongepowered.asm.mixin.transformer.MixinApplicatorStandard.applyMixin(MixinApplicatorStandard.java:315)
	at org.spongepowered.asm.mixin.transformer.MixinApplicatorStandard.apply(MixinApplicatorStandard.java:246)
	at org.spongepowered.asm.mixin.transformer.TargetClassContext.apply(TargetClassContext.java:437)
	at org.spongepowered.asm.mixin.transformer.TargetClassContext.applyMixins(TargetClassContext.java:418)
	at org.spongepowered.asm.mixin.transformer.MixinProcessor.applyMixins(MixinProcessor.java:352)
	at org.spongepowered.asm.mixin.transformer.MixinTransformer.transformClass(MixinTransformer.java:237)
	at org.spongepowered.asm.mixin.transformer.MixinTransformer.transformClassBytes(MixinTransformer.java:202)
	at net.fabricmc.loader.impl.launch.knot.KnotClassDelegate.getPostMixinClassByteArray(KnotClassDelegate.java:435)
	at net.fabricmc.loader.impl.launch.knot.KnotClassDelegate.tryLoadClass(KnotClassDelegate.java:336)
	at net.fabricmc.loader.impl.launch.knot.KnotClassDelegate.loadClass(KnotClassDelegate.java:231)
	at net.fabricmc.loader.impl.launch.knot.KnotClassLoader.loadClass(KnotClassLoader.java:119)
	at java.base/java.lang.ClassLoader.loadClass(ClassLoader.java:526)
	at java.base/java.lang.ClassLoader.defineClass1(Native Method)
	at java.base/java.lang.ClassLoader.defineClass(ClassLoader.java:1027)
	at java.base/java.security.SecureClassLoader.defineClass(SecureClassLoader.java:150)
	at net.fabricmc.loader.impl.launch.knot.KnotClassLoader.defineClassFwd(KnotClassLoader.java:165)
	at net.fabricmc.loader.impl.launch.knot.KnotClassDelegate.tryLoadClass(KnotClassDelegate.java:368)
	at net.fabricmc.loader.impl.launch.knot.KnotClassDelegate.loadClass(KnotClassDelegate.java:231)
	at net.fabricmc.loader.impl.launch.knot.KnotClassLoader.loadClass(KnotClassLoader.java:119)
	at java.base/java.lang.ClassLoader.loadClass(ClassLoader.java:526)
	at java.base/java.lang.ClassLoader.defineClass1(Native Method)
	at java.base/java.lang.ClassLoader.defineClass(ClassLoader.java:1027)
	at java.base/java.security.SecureClassLoader.defineClass(SecureClassLoader.java:150)
	at net.fabricmc.loader.impl.launch.knot.KnotClassLoader.defineClassFwd(KnotClassLoader.java:165)
	at net.fabricmc.loader.impl.launch.knot.KnotClassDelegate.tryLoadClass(KnotClassDelegate.java:368)
	at net.fabricmc.loader.impl.launch.knot.KnotClassDelegate.loadClass(KnotClassDelegate.java:231)
	at net.fabricmc.loader.impl.launch.knot.KnotClassLoader.loadClass(KnotClassLoader.java:119)
	at java.base/java.lang.ClassLoader.loadClass(ClassLoader.java:526)
	at knot//net.minecraft.client.main.Main.main(Main.java:234)
	at net.fabricmc.loader.impl.game.minecraft.MinecraftGameProvider.launch(MinecraftGameProvider.java:514)
	at net.fabricmc.loader.impl.launch.knot.Knot.launch(Knot.java:72)
	at net.fabricmc.loader.impl.launch.knot.KnotClient.main(KnotClient.java:23)
	at net.fabricmc.devlaunchinjector.Main.main(Main.java:86)
[10:06:31] [Render thread/DEBUG] (FabricLoader/Mixin) Mixing HandledScreenInfoMixin from player_level_skills.mixins.json into net.minecraft.client.gui.screen.ingame.HandledScreen
[10:06:31] [Render thread/DEBUG] (FabricLoader/Mixin) Mixing AbstractContainerScreenMixin from fabric-screen-api-v1.mixins.json into net.minecraft.client.gui.screen.ingame.HandledScreen
[10:06:31] [Render thread/DEBUG] (FabricLoader/Mixin) Mixing client.HandledScreenMixin from libz.mixins.json into net.minecraft.client.gui.screen.ingame.HandledScreen
[10:06:31] [Render thread/ERROR] (FabricLoader/Mixin) Mixin apply for mod libz failed libz.mixins.json:client.HandledScreenMixin from mod libz -> net.minecraft.client.gui.screen.ingame.HandledScreen: org.spongepowered.asm.mixin.injection.throwables.InvalidInjectionException Critical injection failure: @Inject annotation on mouseClickedMixin could not find any targets matching 'Lnet/minecraft/client/gui/screen/ingame/HandledScreen;method_25402(DDI)Z' in net/minecraft/client/gui/screen/ingame/HandledScreen. Using refmap libz-refmap.json [INJECT_PREPARE Applicator Phase -> libz.mixins.json:client.HandledScreenMixin from mod libz -> Prepare Injections -> handler$bba001$libz$mouseClickedMixin(DDILorg/spongepowered/asm/mixin/injection/callback/CallbackInfoReturnable;)V -> Parse ->  -> Validate Targets]
org.spongepowered.asm.mixin.injection.throwables.InvalidInjectionException: Critical injection failure: @Inject annotation on mouseClickedMixin could not find any targets matching 'Lnet/minecraft/client/gui/screen/ingame/HandledScreen;method_25402(DDI)Z' in net/minecraft/client/gui/screen/ingame/HandledScreen. Using refmap libz-refmap.json [INJECT_PREPARE Applicator Phase -> libz.mixins.json:client.HandledScreenMixin from mod libz -> Prepare Injections -> handler$bba001$libz$mouseClickedMixin(DDILorg/spongepowered/asm/mixin/injection/callback/CallbackInfoReturnable;)V -> Parse ->  -> Validate Targets]
	at org.spongepowered.asm.mixin.injection.selectors.TargetSelectors.validate(TargetSelectors.java:346)
	at org.spongepowered.asm.mixin.injection.struct.InjectionInfo.readAnnotation(InjectionInfo.java:369)
	at org.spongepowered.asm.mixin.injection.struct.InjectionInfo.<init>(InjectionInfo.java:340)
	at org.spongepowered.asm.mixin.injection.struct.InjectionInfo.<init>(InjectionInfo.java:331)
	at org.spongepowered.asm.mixin.injection.struct.CallbackInjectionInfo.<init>(CallbackInjectionInfo.java:48)
	at java.base/jdk.internal.reflect.DirectConstructorHandleAccessor.newInstance(DirectConstructorHandleAccessor.java:62)
	at java.base/java.lang.reflect.Constructor.newInstanceWithCaller(Constructor.java:502)
	at java.base/java.lang.reflect.Constructor.newInstance(Constructor.java:486)
	at org.spongepowered.asm.mixin.injection.struct.InjectionInfo$InjectorEntry.create(InjectionInfo.java:196)
	at org.spongepowered.asm.mixin.injection.struct.InjectionInfo.parse(InjectionInfo.java:664)
	at org.spongepowered.asm.mixin.transformer.MixinTargetContext.prepareInjections(MixinTargetContext.java:1396)
	at org.spongepowered.asm.mixin.transformer.MixinApplicatorStandard.prepareInjections(MixinApplicatorStandard.java:731)
	at org.spongepowered.asm.mixin.transformer.MixinApplicatorStandard.applyMixin(MixinApplicatorStandard.java:315)
	at org.spongepowered.asm.mixin.transformer.MixinApplicatorStandard.apply(MixinApplicatorStandard.java:246)
	at org.spongepowered.asm.mixin.transformer.TargetClassContext.apply(TargetClassContext.java:437)
	at org.spongepowered.asm.mixin.transformer.TargetClassContext.applyMixins(TargetClassContext.java:418)
	at org.spongepowered.asm.mixin.transformer.MixinProcessor.applyMixins(MixinProcessor.java:352)
	at org.spongepowered.asm.mixin.transformer.MixinTransformer.transformClass(MixinTransformer.java:237)
	at org.spongepowered.asm.mixin.transformer.MixinTransformer.transformClassBytes(MixinTransformer.java:202)
	at net.fabricmc.loader.impl.launch.knot.KnotClassDelegate.getPostMixinClassByteArray(KnotClassDelegate.java:435)
	at net.fabricmc.loader.impl.launch.knot.KnotClassDelegate.tryLoadClass(KnotClassDelegate.java:336)
	at net.fabricmc.loader.impl.launch.knot.KnotClassDelegate.loadClass(KnotClassDelegate.java:231)
	at net.fabricmc.loader.impl.launch.knot.KnotClassLoader.loadClass(KnotClassLoader.java:119)
	at java.base/java.lang.ClassLoader.loadClass(ClassLoader.java:526)
	at java.base/java.lang.ClassLoader.defineClass1(Native Method)
	at java.base/java.lang.ClassLoader.defineClass(ClassLoader.java:1027)
	at java.base/java.security.SecureClassLoader.defineClass(SecureClassLoader.java:150)
	at net.fabricmc.loader.impl.launch.knot.KnotClassLoader.defineClassFwd(KnotClassLoader.java:165)
	at net.fabricmc.loader.impl.launch.knot.KnotClassDelegate.tryLoadClass(KnotClassDelegate.java:368)
	at net.fabricmc.loader.impl.launch.knot.KnotClassDelegate.loadClass(KnotClassDelegate.java:231)
	at net.fabricmc.loader.impl.launch.knot.KnotClassLoader.loadClass(KnotClassLoader.java:119)
	at java.base/java.lang.ClassLoader.loadClass(ClassLoader.java:526)
	at java.base/java.lang.ClassLoader.defineClass1(Native Method)
	at java.base/java.lang.ClassLoader.defineClass(ClassLoader.java:1027)
	at java.base/java.security.SecureClassLoader.defineClass(SecureClassLoader.java:150)
	at net.fabricmc.loader.impl.launch.knot.KnotClassLoader.defineClassFwd(KnotClassLoader.java:165)
	at net.fabricmc.loader.impl.launch.knot.KnotClassDelegate.tryLoadClass(KnotClassDelegate.java:368)
	at net.fabricmc.loader.impl.launch.knot.KnotClassDelegate.loadClass(KnotClassDelegate.java:231)
	at net.fabricmc.loader.impl.launch.knot.KnotClassLoader.loadClass(KnotClassLoader.java:119)
	at java.base/java.lang.ClassLoader.loadClass(ClassLoader.java:526)
	at knot//net.minecraft.client.main.Main.main(Main.java:243)
	at net.fabricmc.loader.impl.game.minecraft.MinecraftGameProvider.launch(MinecraftGameProvider.java:514)
	at net.fabricmc.loader.impl.launch.knot.Knot.launch(Knot.java:72)
	at net.fabricmc.loader.impl.launch.knot.KnotClient.main(KnotClient.java:23)
	at net.fabricmc.devlaunchinjector.Main.main(Main.java:86)
[10:06:31] [Render thread/ERROR] (FabricLoader) Minecraft has crashed!
net.fabricmc.loader.impl.FormattedException: java.lang.RuntimeException: Mixin transformation of net.minecraft.client.gui.screen.ingame.HandledScreen failed
	at net.fabricmc.loader.impl.FormattedException.ofLocalized(FormattedException.java:63)
	at net.fabricmc.loader.impl.game.minecraft.MinecraftGameProvider.launch(MinecraftGameProvider.java:516)
	at net.fabricmc.loader.impl.launch.knot.Knot.launch(Knot.java:72)
	at net.fabricmc.loader.impl.launch.knot.KnotClient.main(KnotClient.java:23)
	at net.fabricmc.devlaunchinjector.Main.main(Main.java:86)
Caused by: java.lang.RuntimeException: Mixin transformation of net.minecraft.client.gui.screen.ingame.HandledScreen failed
	at net.fabricmc.loader.impl.launch.knot.KnotClassDelegate.getPostMixinClassByteArray(KnotClassDelegate.java:440)
	at net.fabricmc.loader.impl.launch.knot.KnotClassDelegate.tryLoadClass(KnotClassDelegate.java:336)
	at net.fabricmc.loader.impl.launch.knot.KnotClassDelegate.loadClass(KnotClassDelegate.java:231)
	at net.fabricmc.loader.impl.launch.knot.KnotClassLoader.loadClass(KnotClassLoader.java:119)
	at java.base/java.lang.ClassLoader.loadClass(ClassLoader.java:526)
	at java.base/java.lang.ClassLoader.defineClass1(Native Method)
	at java.base/java.lang.ClassLoader.defineClass(ClassLoader.java:1027)
	at java.base/java.security.SecureClassLoader.defineClass(SecureClassLoader.java:150)
	at net.fabricmc.loader.impl.launch.knot.KnotClassLoader.defineClassFwd(KnotClassLoader.java:165)
	at net.fabricmc.loader.impl.launch.knot.KnotClassDelegate.tryLoadClass(KnotClassDelegate.java:368)
	at net.fabricmc.loader.impl.launch.knot.KnotClassDelegate.loadClass(KnotClassDelegate.java:231)
	at net.fabricmc.loader.impl.launch.knot.KnotClassLoader.loadClass(KnotClassLoader.java:119)
	at java.base/java.lang.ClassLoader.loadClass(ClassLoader.java:526)
	at java.base/java.lang.ClassLoader.defineClass1(Native Method)
	at java.base/java.lang.ClassLoader.defineClass(ClassLoader.java:1027)
	at java.base/java.security.SecureClassLoader.defineClass(SecureClassLoader.java:150)
	at net.fabricmc.loader.impl.launch.knot.KnotClassLoader.defineClassFwd(KnotClassLoader.java:165)
	at net.fabricmc.loader.impl.launch.knot.KnotClassDelegate.tryLoadClass(KnotClassDelegate.java:368)
	at net.fabricmc.loader.impl.launch.knot.KnotClassDelegate.loadClass(KnotClassDelegate.java:231)
	at net.fabricmc.loader.impl.launch.knot.KnotClassLoader.loadClass(KnotClassLoader.java:119)
	at java.base/java.lang.ClassLoader.loadClass(ClassLoader.java:526)
	at knot//net.minecraft.client.main.Main.main(Main.java:243)
	at net.fabricmc.loader.impl.game.minecraft.MinecraftGameProvider.launch(MinecraftGameProvider.java:514)
	... 3 more
Caused by: org.spongepowered.asm.mixin.transformer.throwables.MixinTransformerError: An unexpected critical error was encountered
	at org.spongepowered.asm.mixin.transformer.MixinProcessor.applyMixins(MixinProcessor.java:381)
	at org.spongepowered.asm.mixin.transformer.MixinTransformer.transformClass(MixinTransformer.java:237)
	at org.spongepowered.asm.mixin.transformer.MixinTransformer.transformClassBytes(MixinTransformer.java:202)
	at net.fabricmc.loader.impl.launch.knot.KnotClassDelegate.getPostMixinClassByteArray(KnotClassDelegate.java:435)
	... 25 more
Caused by: org.spongepowered.asm.mixin.throwables.MixinApplyError: Mixin [libz.mixins.json:client.HandledScreenMixin from mod libz] from phase [DEFAULT] in config [libz.mixins.json] FAILED during APPLY
	at org.spongepowered.asm.mixin.transformer.MixinProcessor.handleMixinError(MixinProcessor.java:686)
	at org.spongepowered.asm.mixin.transformer.MixinProcessor.handleMixinApplyError(MixinProcessor.java:637)
	at org.spongepowered.asm.mixin.transformer.MixinProcessor.applyMixins(MixinProcessor.java:368)
	... 28 more
Caused by: org.spongepowered.asm.mixin.injection.throwables.InvalidInjectionException: Critical injection failure: @Inject annotation on mouseClickedMixin could not find any targets matching 'Lnet/minecraft/client/gui/screen/ingame/HandledScreen;method_25402(DDI)Z' in net/minecraft/client/gui/screen/ingame/HandledScreen. Using refmap libz-refmap.json [INJECT_PREPARE Applicator Phase -> libz.mixins.json:client.HandledScreenMixin from mod libz -> Prepare Injections -> handler$bba001$libz$mouseClickedMixin(DDILorg/spongepowered/asm/mixin/injection/callback/CallbackInfoReturnable;)V -> Parse ->  -> Validate Targets]
	at org.spongepowered.asm.mixin.injection.selectors.TargetSelectors.validate(TargetSelectors.java:346)
	at org.spongepowered.asm.mixin.injection.struct.InjectionInfo.readAnnotation(InjectionInfo.java:369)
	at org.spongepowered.asm.mixin.injection.struct.InjectionInfo.<init>(InjectionInfo.java:340)
	at org.spongepowered.asm.mixin.injection.struct.InjectionInfo.<init>(InjectionInfo.java:331)
	at org.spongepowered.asm.mixin.injection.struct.CallbackInjectionInfo.<init>(CallbackInjectionInfo.java:48)
	at java.base/jdk.internal.reflect.DirectConstructorHandleAccessor.newInstance(DirectConstructorHandleAccessor.java:62)
	at java.base/java.lang.reflect.Constructor.newInstanceWithCaller(Constructor.java:502)
	at java.base/java.lang.reflect.Constructor.newInstance(Constructor.java:486)
	at org.spongepowered.asm.mixin.injection.struct.InjectionInfo$InjectorEntry.create(InjectionInfo.java:196)
	at org.spongepowered.asm.mixin.injection.struct.InjectionInfo.parse(InjectionInfo.java:664)
	at org.spongepowered.asm.mixin.transformer.MixinTargetContext.prepareInjections(MixinTargetContext.java:1396)
	at org.spongepowered.asm.mixin.transformer.MixinApplicatorStandard.prepareInjections(MixinApplicatorStandard.java:731)
	at org.spongepowered.asm.mixin.transformer.MixinApplicatorStandard.applyMixin(MixinApplicatorStandard.java:315)
	at org.spongepowered.asm.mixin.transformer.MixinApplicatorStandard.apply(MixinApplicatorStandard.java:246)
	at org.spongepowered.asm.mixin.transformer.TargetClassContext.apply(TargetClassContext.java:437)
	at org.spongepowered.asm.mixin.transformer.TargetClassContext.applyMixins(TargetClassContext.java:418)
	at org.spongepowered.asm.mixin.transformer.MixinProcessor.applyMixins(MixinProcessor.java:352)
	... 28 more
